frame_id,person_id,keypoint_id,x,y,confidence
0,0,0,708.55945,406.1075,0.6702606
0,0,1,709.30273,401.25998,0.16721642
0,0,2,706.4416,402.73505,0.71183485
0,0,3,693.2502,396.23013,0.14645782
0,0,4,698.37036,402.0136,0.93399066
0,0,5,670.8649,404.9406,0.9757705
0,0,6,695.621,422.35587,0.993435
0,0,7,652.16394,413.47812,0.80664015
0,0,8,696.7216,456.21103,0.970811
0,0,9,656.6262,423.77255,0.7367344
0,0,10,703.7035,476.06497,0.92588246
0,0,11,651.8365,460.0661,0.9940416
0,0,12,672.33875,466.9383,0.9968556
0,0,13,645.741,496.70178,0.9892846
0,0,14,690.1567,499.38635,0.9946379
0,0,15,635.00635,538.56934,0.9755107
0,0,16,695.87805,536.7474,0.9853814
0,1,0,811.23553,558.0027,0.291373
0,1,1,813.14557,556.01746,0.09436293
0,1,2,811.292,555.19464,0.26170462
0,1,3,806.08167,548.22876,0.17946556
0,1,4,807.32733,547.1428,0.63535476
0,1,5,795.4954,541.712,0.95052594
0,1,6,795.94293,541.4368,0.95617396
0,1,7,826.5278,538.05707,0.7825658
0,1,8,809.62286,546.01306,0.83935696
0,1,9,849.2788,539.5475,0.63965714
0,1,10,827.2559,547.2726,0.68608606
0,1,11,759.9018,565.9382,0.9869703
0,1,12,762.0778,566.10754,0.9872584
0,1,13,781.8751,597.57574,0.9761356
0,1,14,792.6439,596.301,0.97871053
0,1,15,772.08307,626.93835,0.95556307
0,1,16,782.59467,621.86475,0.9583363
1,0,0,707.8071,407.73114,0.6976541
1,0,1,708.462,402.92938,0.17796946
1,0,2,705.40576,404.23898,0.7474246
1,0,3,692.27216,398.41418,0.12707333
1,0,4,696.32324,403.76077,0.93710816
1,0,5,669.3148,407.48352,0.9721932
1,0,6,694.3931,423.99435,0.99211055
1,0,7,650.60706,414.22855,0.79347503
1,0,8,695.0765,456.27277,0.96707726
1,0,9,656.7147,422.5483,0.7358596
1,0,10,702.73895,476.29233,0.923542
1,0,11,651.33905,461.48535,0.9928514
1,0,12,672.07355,467.8763,0.99613106
1,0,13,645.6324,498.00006,0.987713
1,0,14,690.41315,499.26318,0.9937143
1,0,15,635.0068,538.71783,0.9730041
1,0,16,696.0822,536.32446,0.9836031
1,1,0,812.85724,557.43835,0.5363799
1,1,1,815.825,555.1731,0.15130468
1,1,2,812.21,553.70276,0.5852448
1,1,3,814.2001,550.91486,0.041726466
1,1,4,806.8796,547.74286,0.66113293
1,1,5,802.5136,548.7179,0.84378564
1,1,6,788.35596,548.8431,0.9420146
1,1,7,806.27637,558.754,0.61892617
1,1,8,787.49677,567.92487,0.9266589
1,1,9,814.7302,564.15137,0.7077921
1,1,10,798.55066,583.5222,0.91158384
1,1,11,765.82184,566.0691,0.962118
1,1,12,754.90015,566.6543,0.9767953
1,1,13,790.2935,594.8345,0.9542529
1,1,14,782.456,596.4746,0.9791119
1,1,15,774.82214,619.9901,0.9209637
1,1,16,771.5731,624.3189,0.9563398
2,0,0,707.0962,409.88205,0.6967413
2,0,1,707.5493,405.01633,0.17252026
2,0,2,705.01917,406.44073,0.7597139
2,0,3,690.34796,399.66617,0.13762045
2,0,4,696.2637,405.44278,0.94924533
2,0,5,667.19336,408.39764,0.9722568
2,0,6,693.2941,426.14124,0.99374986
2,0,7,647.99164,415.61633,0.7482388
2,0,8,693.52295,461.42426,0.96958536
2,0,9,654.27496,422.98254,0.65854245
2,0,10,702.9368,484.3158,0.9146153
2,0,11,648.5509,464.0731,0.99153274
2,0,12,669.87476,470.93213,0.9959347
2,0,13,643.8591,498.90845,0.98339254
2,0,14,689.1521,499.70276,0.9925477
2,0,15,635.5818,539.9912,0.96381843
2,0,16,695.90576,535.5267,0.9801508
2,1,0,811.8298,560.33466,0.46083134
2,1,1,814.0618,557.8987,0.10771469
2,1,2,811.20483,556.7453,0.5563722
2,1,3,810.35095,553.5684,0.02600172
2,1,4,804.6026,551.05676,0.654751
2,1,5,794.92456,549.64026,0.66545564
2,1,6,785.3701,551.61847,0.867198
2,1,7,796.8145,549.44336,0.3416262
2,1,8,783.36346,562.75916,0.81875414
2,1,9,806.6824,549.604,0.4685581
2,1,10,791.51166,572.91705,0.79730844
2,1,11,759.6804,566.8817,0.89853203
2,1,12,751.24695,568.7761,0.9380196
2,1,13,789.6098,594.11896,0.91042274
2,1,14,780.52484,597.6909,0.95976233
2,1,15,779.61725,621.80646,0.89777035
2,1,16,770.51733,628.171,0.9443084
3,0,0,704.78253,409.88736,0.8489949
3,0,1,705.4833,404.97473,0.3122711
3,0,2,701.50336,406.63226,0.8652549
3,0,3,690.73425,400.64758,0.13619903
3,0,4,691.205,406.4853,0.9550528
3,0,5,666.18195,409.96945,0.9885445
3,0,6,692.37787,427.24396,0.9925264
3,0,7,643.80774,416.89078,0.9338382
3,0,8,692.17426,462.70593,0.9700991
3,0,9,648.50525,434.97287,0.9132728
3,0,10,698.42,484.25232,0.94676566
3,0,11,647.2592,463.46066,0.99499375
3,0,12,668.7317,469.35614,0.99568427
3,0,13,642.1481,499.7873,0.989427
3,0,14,689.6227,496.2798,0.9910494
3,0,15,634.5834,537.64923,0.9690437
3,0,16,698.29584,530.3657,0.9723157
4,0,0,704.7647,409.9007,0.84988207
4,0,1,705.4214,405.02383,0.31029767
4,0,2,701.54346,406.64322,0.86654955
4,0,3,690.5513,400.72812,0.1354561
4,0,4,691.25366,406.45993,0.95637476
4,0,5,666.0578,410.0879,0.98885286
4,0,6,692.24963,427.10834,0.99277
4,0,7,643.5423,417.0493,0.9357351
4,0,8,691.9826,462.44913,0.971367
4,0,9,648.3801,435.47153,0.91548234
4,0,10,698.7326,484.3211,0.9487919
4,0,11,647.1495,463.5603,0.9950439
4,0,12,668.6341,469.32388,0.99574125
4,0,13,642.19446,500.12964,0.9891506
4,0,14,689.95386,496.2445,0.99086654
4,0,15,634.4811,537.6627,0.96751016
4,0,16,698.8475,530.2147,0.97106355
5,0,0,703.9812,409.3272,0.83722955
5,0,1,704.97864,404.3763,0.30953377
5,0,2,700.76575,405.89383,0.86043084
5,0,3,690.6871,400.40192,0.13852961
5,0,4,690.70544,405.85107,0.95167845
5,0,5,666.4078,411.08777,0.9832792
5,0,6,691.1797,426.54324,0.9913186
5,0,7,643.9662,416.3798,0.8908624
5,0,8,690.4495,457.5619,0.9627907
5,0,9,645.68524,432.79468,0.8618163
5,0,10,693.89343,475.88626,0.93331355
5,0,11,646.79486,464.401,0.99275184
5,0,12,667.19543,469.45303,0.9945393
5,0,13,641.55054,501.0072,0.98511595
5,0,14,687.8247,496.80554,0.9891431
5,0,15,634.1538,535.8644,0.9615689
5,0,16,697.97076,527.0243,0.96934927
6,0,0,702.44946,406.95172,0.79256874
6,0,1,703.4219,402.08942,0.27608427
6,0,2,699.4205,403.61047,0.8251697
6,0,3,688.3708,398.2646,0.15690453
6,0,4,689.8741,403.91943,0.9473651
6,0,5,664.6781,408.32495,0.9804262
6,0,6,689.8502,424.35812,0.990546
6,0,7,643.27936,414.192,0.84671724
6,0,8,687.46954,456.07678,0.9502958
6,0,9,645.8661,429.38477,0.79174304
6,0,10,687.7072,471.774,0.90195876
6,0,11,646.3271,461.38986,0.9925092
6,0,12,667.329,466.69736,0.99461055
6,0,13,640.997,499.91382,0.98683363
6,0,14,687.142,495.87622,0.9908324
6,0,15,634.28125,537.232,0.9706546
6,0,16,698.8979,528.74615,0.9775403
7,0,0,702.74255,402.80923,0.8437734
7,0,1,703.7985,397.71405,0.3227169
7,0,2,699.2842,399.5539,0.8744411
7,0,3,688.6297,395.07632,0.12698333
7,0,4,688.5176,401.42294,0.9531338
7,0,5,666.01715,407.0921,0.9781464
7,0,6,688.04865,423.0795,0.9880212
7,0,7,647.43665,407.76675,0.8373942
7,0,8,690.0149,451.31192,0.93686557
7,0,9,643.3359,412.8917,0.8098285
7,0,10,689.5031,457.786,0.89986545
7,0,11,647.7474,461.07532,0.9915098
7,0,12,666.5466,465.61993,0.9934202
7,0,13,640.23456,499.83893,0.9874648
7,0,14,686.0989,491.18256,0.99043405
7,0,15,632.25055,538.04065,0.9739159
7,0,16,699.619,521.5647,0.9787935
8,0,0,702.0127,398.20004,0.39378473
8,0,1,701.8006,393.96344,0.08035213
8,0,2,699.8712,395.39743,0.38205975
8,0,3,683.0094,392.84305,0.18233652
8,0,4,692.53015,398.854,0.8802681
8,0,5,664.5322,405.53735,0.98248833
8,0,6,690.5985,420.0454,0.9871406
8,0,7,644.8257,406.45212,0.88601273
8,0,8,691.25757,445.5869,0.93151695
8,0,9,644.15063,412.75928,0.79865205
8,0,10,688.4443,457.79175,0.8470382
8,0,11,648.34784,459.11017,0.9960472
8,0,12,670.218,463.29648,0.9964585
8,0,13,638.92413,499.61414,0.99113137
8,0,14,688.3952,492.5702,0.9918426
8,0,15,630.44867,536.58795,0.97455436
8,0,16,703.6673,519.2747,0.97619265
9,0,0,702.12256,398.29834,0.40024245
9,0,1,701.9029,394.05325,0.081946924
9,0,2,699.9928,395.5089,0.3887157
9,0,3,683.1111,392.93057,0.18288764
9,0,4,692.6714,398.97632,0.88194466
9,0,5,664.7157,405.7784,0.9827077
9,0,6,690.5786,420.26968,0.9872398
9,0,7,644.9423,406.54648,0.8879069
9,0,8,691.20044,445.83777,0.9324279
9,0,9,644.3843,412.64105,0.80242133
9,0,10,688.60565,457.6263,0.84961146
9,0,11,648.11743,459.44208,0.9959764
9,0,12,669.9111,463.55667,0.9963826
9,0,13,638.8101,499.63593,0.99080676
9,0,14,688.50366,492.1974,0.9915258
9,0,15,629.4406,536.45685,0.9733758
9,0,16,703.5029,518.7673,0.9750744
10,0,0,701.88074,399.33838,0.21543472
10,0,1,701.7966,394.35022,0.03685565
10,0,2,699.706,396.25702,0.20076582
10,0,3,680.361,392.65784,0.18676949
10,0,4,692.78845,400.35388,0.87615633
10,0,5,661.24963,406.58325,0.9903656
10,0,6,691.0768,422.17233,0.98168933
10,0,7,639.1918,409.38068,0.90708697
10,0,8,691.08923,444.3091,0.82236886
10,0,9,644.03357,422.30063,0.7295982
10,0,10,681.3871,444.17694,0.5876013
10,0,11,647.18896,462.41745,0.99815327
10,0,12,672.1232,466.3549,0.99730396
10,0,13,635.24884,499.44635,0.99638015
10,0,14,685.30505,493.69928,0.99411386
10,0,15,625.49774,536.5771,0.99073046
10,0,16,700.3004,516.86316,0.98607165
11,0,0,696.50696,402.12155,0.114353314
11,0,1,695.2817,398.15878,0.036759138
11,0,2,695.6978,399.26614,0.08737031
11,0,3,676.2889,397.2409,0.3430155
11,0,4,692.92114,402.28775,0.71698684
11,0,5,662.4158,412.20697,0.97452104
11,0,6,691.02686,426.02362,0.976828
11,0,7,640.54016,417.2336,0.8130871
11,0,8,692.24786,455.2525,0.82496166
11,0,9,640.7028,423.65897,0.5625814
11,0,10,689.61816,467.5923,0.526537
11,0,11,647.4785,464.05814,0.99178195
11,0,12,671.3521,468.88574,0.99136996
11,0,13,638.13837,495.94977,0.9732493
11,0,14,689.5469,493.20892,0.9693057
11,0,15,621.6392,528.70593,0.9297451
11,0,16,700.04456,520.1122,0.92331374
12,0,0,693.6234,407.45413,0.13522123
12,0,1,692.6173,403.45764,0.036944143
12,0,2,692.57745,403.7433,0.12038931
12,0,3,671.70905,403.0782,0.36204308
12,0,4,688.7323,405.51047,0.8623943
12,0,5,653.1265,420.23895,0.98606616
12,0,6,689.7488,427.44397,0.98085254
12,0,7,631.811,442.5842,0.772254
12,0,8,693.45325,456.41885,0.693804
12,0,9,633.4042,471.0038,0.34949347
12,0,10,682.72595,463.78528,0.27345902
12,0,11,646.6113,474.09464,0.99221146
12,0,12,676.35736,476.94666,0.99027133
12,0,13,634.32434,500.65393,0.9698187
12,0,14,691.76294,502.38916,0.95859265
12,0,15,615.65924,537.49615,0.9283889
12,0,16,698.08307,536.20557,0.9060659
13,0,0,666.14716,418.23804,0.03781484
13,0,1,667.57367,414.1025,0.038171962
13,0,2,667.7263,414.80685,0.02414221
13,0,3,661.97485,414.82892,0.7485237
13,0,4,682.7327,417.7215,0.6212355
13,0,5,649.05457,432.73413,0.9745619
13,0,6,690.52026,440.7095,0.96349615
13,0,7,632.21716,448.04855,0.7875551
13,0,8,692.4466,470.49677,0.6771079
13,0,9,638.60675,448.43863,0.35110983
13,0,10,683.8933,484.78067,0.27538368
13,0,11,650.69995,489.55804,0.87761706
13,0,12,679.9156,492.30786,0.8583036
13,0,13,635.10864,509.4143,0.2717355
13,0,14,675.70197,512.51855,0.22149721
13,0,15,633.6,536.7998,0.077388644
13,0,16,673.8701,540.0244,0.06484836
14,0,0,664.65967,417.28967,0.042013783
14,0,1,666.2962,413.21262,0.043667905
14,0,2,666.53125,413.9257,0.024218872
14,0,3,662.5659,414.12976,0.7806786
14,0,4,682.69,416.9912,0.6106176
14,0,5,649.9298,432.0442,0.9795625
14,0,6,690.6636,440.11783,0.969244
14,0,7,632.6098,447.84665,0.8224213
14,0,8,692.7067,470.5214,0.70321465
14,0,9,637.1791,449.23883,0.3937475
14,0,10,684.7999,485.45688,0.29775956
14,0,11,651.81744,488.52234,0.8965312
14,0,12,680.2525,491.31012,0.87751716
14,0,13,635.2891,509.65894,0.29850635
14,0,14,674.8436,512.9347,0.23825336
14,0,15,634.044,536.37463,0.081502125
14,0,16,673.1386,539.7334,0.066633455
14,1,0,746.81647,484.76334,0.097323924
14,1,1,745.47046,480.55862,0.02963062
14,1,2,746.5031,480.56128,0.09265364
14,1,3,726.3077,481.06464,0.24793708
14,1,4,744.224,483.286,0.65106845
14,1,5,714.7763,502.40454,0.8296802
14,1,6,743.5882,507.8681,0.97286814
14,1,7,711.7917,531.6799,0.26816228
14,1,8,753.20447,541.43396,0.8719485
14,1,9,717.6484,554.68463,0.110456534
14,1,10,759.89484,566.1675,0.5442218
14,1,11,709.8718,554.33746,0.8263296
14,1,12,731.1535,557.702,0.93086207
14,1,13,704.2029,576.6384,0.4178787
14,1,14,734.3251,584.0601,0.6839169
14,1,15,698.97754,609.6118,0.21776535
14,1,16,731.6644,616.9998,0.3869973
15,0,0,655.8768,422.62933,0.08011429
15,0,1,657.3666,419.01987,0.08876336
15,0,2,658.7759,419.30502,0.02309531
15,0,3,658.52625,420.36765,0.7707815
15,0,4,677.0157,421.87558,0.23118523
15,0,5,649.7488,439.2231,0.9613776
15,0,6,685.03674,444.17422,0.9106948
15,0,7,633.7362,452.42545,0.802524
15,0,8,685.9151,470.35025,0.4619719
15,0,9,638.1479,445.7479,0.45224962
15,0,10,671.17206,482.18274,0.21386439
15,0,11,646.9363,497.77496,0.85075444
15,0,12,670.23944,498.903,0.79196596
15,0,13,638.8875,521.9181,0.2647329
15,0,14,665.9073,523.63605,0.17309128
15,0,15,644.0353,545.6073,0.07711437
15,0,16,661.6332,547.2677,0.053255733
16,0,0,726.23004,469.70932,0.044836417
16,0,1,725.4462,465.76917,0.015018979
16,0,2,726.1539,465.9015,0.027886784
16,0,3,710.1148,465.54276,0.50475246
16,0,4,728.29553,467.9751,0.66251934
16,0,5,695.9633,484.30203,0.98537123
16,0,6,730.37463,490.61145,0.9951514
16,0,7,671.1074,500.6546,0.8690737
16,0,8,744.51,520.85486,0.9719662
16,0,9,678.95197,501.1742,0.5459707
16,0,10,756.0727,542.0298,0.8089421
16,0,11,693.53656,540.56836,0.99348265
16,0,12,714.6728,543.19025,0.996425
16,0,13,698.7903,572.81964,0.92752564
16,0,14,716.31464,577.8929,0.9600356
16,0,15,700.4228,608.5062,0.6625116
16,0,16,712.66125,608.348,0.75703377
16,1,0,651.7808,424.1721,0.033357076
16,1,1,652.27167,421.1069,0.037100576
16,1,2,654.1692,421.26746,0.016468138
16,1,3,649.93005,422.95303,0.71574336
16,1,4,668.96924,423.60858,0.43033376
16,1,5,641.25446,439.4299,0.9676826
16,1,6,677.61383,443.02084,0.9524769
16,1,7,625.5844,451.214,0.8208426
16,1,8,682.4596,464.2809,0.68315977
16,1,9,628.8836,447.78094,0.45160568
16,1,10,675.5922,471.68768,0.33038074
16,1,11,646.63654,490.51135,0.91629475
16,1,12,670.6078,491.5426,0.89778525
16,1,13,636.59717,520.4317,0.39118263
16,1,14,667.8993,521.8679,0.3224464
16,1,15,637.239,539.2751,0.11942216
16,1,16,663.3955,540.6293,0.09932427
17,0,0,721.48364,459.89056,0.09903871
17,0,1,719.45013,455.70023,0.02806392
17,0,2,721.08966,455.71097,0.06101008
17,0,3,702.36334,456.4983,0.550619
17,0,4,722.21265,458.04312,0.796517
17,0,5,689.5649,479.2671,0.9949727
17,0,6,726.54315,483.10913,0.9975279
17,0,7,668.2024,501.36823,0.94316274
17,0,8,738.85376,516.0039,0.97992694
17,0,9,667.00653,505.70947,0.759328
17,0,10,752.7597,538.5068,0.8758086
17,0,11,691.8013,536.7438,0.9981693
17,0,12,714.77454,538.098,0.9987477
17,0,13,696.73456,577.5655,0.9835307
17,0,14,715.15405,577.9867,0.98869413
17,0,15,693.7804,613.3711,0.8926106
17,0,16,708.2218,609.80963,0.91711855
18,0,0,700.2599,448.2925,0.08358059
18,0,1,699.74194,444.26968,0.03819382
18,0,2,701.5322,444.6684,0.038741756
18,0,3,690.5097,445.98587,0.6695131
18,0,4,710.1158,447.02148,0.64875257
18,0,5,679.01355,469.52518,0.99504745
18,0,6,717.58545,472.26877,0.9943711
18,0,7,663.5351,496.07288,0.96165556
18,0,8,728.2463,503.6131,0.9543051
18,0,9,656.948,517.4603,0.81139106
18,0,10,734.6513,527.9133,0.79381424
18,0,11,683.3055,525.219,0.99702805
18,0,12,707.7014,526.42786,0.9969566
18,0,13,687.9357,567.9714,0.97650117
18,0,14,710.12787,570.6727,0.97600764
18,0,15,693.47363,615.92566,0.8642837
18,0,16,708.37683,614.5495,0.8619238
18,1,0,617.0833,422.90982,0.012961251
18,1,1,617.90814,419.7487,0.016755227
18,1,2,618.6655,419.2114,0.0069925394
18,1,3,615.13165,421.77594,0.695979
18,1,4,634.98895,419.9668,0.45200613
18,1,5,609.48865,439.60074,0.9645169
18,1,6,648.77966,438.6228,0.95146537
18,1,7,597.6054,458.8203,0.78646433
18,1,8,655.7773,463.8524,0.6454991
18,1,9,597.96576,460.53915,0.36233634
18,1,10,645.0105,476.4781,0.2698951
18,1,11,621.44006,489.0287,0.952
18,1,12,648.22974,488.0434,0.9435076
18,1,13,611.04913,507.78894,0.77777183
18,1,14,641.9486,506.66956,0.7301867
18,1,15,613.99554,539.49384,0.54700047
18,1,16,644.0234,537.7568,0.5023804
19,0,0,700.1843,448.29645,0.0842317
19,0,1,699.6813,444.27386,0.038465973
19,0,2,701.4407,444.68564,0.038483843
19,0,3,690.5198,445.9595,0.67273164
19,0,4,710.023,447.01468,0.6484169
19,0,5,678.9866,469.48825,0.9953963
19,0,6,717.5845,472.3181,0.9944918
19,0,7,663.33887,495.9831,0.96497214
19,0,8,728.21454,503.6983,0.955023
19,0,9,656.3306,517.3092,0.82448006
19,0,10,734.583,527.58795,0.7982188
19,0,11,683.5239,525.32745,0.9972875
19,0,12,707.9354,526.56226,0.99714273
19,0,13,687.9704,567.50745,0.9787362
19,0,14,710.1657,570.1707,0.97757506
19,0,15,693.40594,615.59436,0.87464267
19,0,16,708.1398,613.9459,0.86960554
19,1,0,616.99475,423.0916,0.012401753
19,1,1,617.8287,419.9024,0.016430814
19,1,2,618.63635,419.34982,0.0066154213
19,1,3,615.19,421.89114,0.6997928
19,1,4,635.1345,420.0606,0.43952468
19,1,5,609.4938,439.68988,0.9648406
19,1,6,648.9811,438.75665,0.9511427
19,1,7,597.379,458.52005,0.7780924
19,1,8,656.0415,463.90225,0.6259324
19,1,9,597.94135,459.6678,0.35003316
19,1,10,645.0909,476.60663,0.25465584
19,1,11,621.46643,488.82825,0.9595361
19,1,12,648.65607,487.87973,0.9519971
19,1,13,611.14465,505.97827,0.8439494
19,1,14,643.16284,504.86707,0.80556965
19,1,15,613.695,541.01886,0.68579435
19,1,16,645.8002,539.19977,0.64436287
20,0,0,695.04144,444.6682,0.065934025
20,0,1,694.54047,440.44516,0.031180248
20,0,2,696.0536,440.7127,0.032631263
20,0,3,685.1928,441.68805,0.6133907
20,0,4,704.5848,442.37778,0.6215142
20,0,5,674.47943,464.4178,0.992415
20,0,6,712.43866,465.71985,0.99253887
20,0,7,661.42017,491.65356,0.94420797
20,0,8,723.1209,497.26196,0.9411621
20,0,9,655.9062,512.37555,0.7634902
20,0,10,726.73267,520.6504,0.7477059
20,0,11,680.3608,521.36115,0.9966223
20,0,12,704.81177,521.64984,0.9966298
20,0,13,683.4907,568.47205,0.9802172
20,0,14,705.38135,566.8344,0.9788503
20,0,15,691.11475,615.2658,0.90876764
20,0,16,705.04254,609.8356,0.90512645
20,1,0,600.03406,418.71143,0.05365746
20,1,1,601.4127,415.77585,0.08161224
20,1,2,602.24255,415.29446,0.011089895
20,1,3,605.87134,418.46432,0.8437186
20,1,4,619.641,416.3467,0.15734541
20,1,5,606.99243,437.59436,0.97788084
20,1,6,631.59735,435.32455,0.93935686
20,1,7,605.1148,463.30505,0.8495258
20,1,8,642.03644,463.26706,0.42655924
20,1,9,603.4592,474.2653,0.4851364
20,1,10,639.6568,479.38562,0.18079042
20,1,11,621.08563,484.06152,0.97279876
20,1,12,638.14484,482.8334,0.9561063
20,1,13,607.61707,510.31128,0.9171149
20,1,14,632.82745,508.97424,0.85147583
20,1,15,610.545,541.22974,0.8439418
20,1,16,638.9707,538.5811,0.76919
20,2,0,695.1113,445.93573,0.05110395
20,2,1,695.5224,441.87158,0.038400866
20,2,2,696.0182,442.22488,0.038850818
20,2,3,684.6804,443.15747,0.76881826
20,2,4,704.22076,444.17343,0.78144723
20,2,5,674.4854,465.29056,0.9901777
20,2,6,713.1154,467.06326,0.98703176
20,2,7,660.6722,494.9616,0.8777242
20,2,8,723.9747,498.10706,0.84709924
20,2,9,656.90625,513.00385,0.45529628
20,2,10,722.8053,519.64087,0.42087272
20,2,11,680.9075,517.16016,0.93767273
20,2,12,707.88745,517.6836,0.9300509
20,2,13,674.06604,535.35657,0.38482094
20,2,14,713.0861,535.2541,0.3595198
20,2,15,676.0739,564.3753,0.107307024
20,2,16,719.40283,564.5291,0.09943304
21,0,0,685.0102,444.15598,0.042405184
21,0,1,686.29877,439.7219,0.041999858
21,0,2,686.10333,440.0004,0.028584879
21,0,3,680.3687,441.24402,0.8012638
21,0,4,699.6118,441.9126,0.72037554
21,0,5,668.8664,465.04352,0.9858079
21,0,6,709.56134,466.43518,0.9796112
21,0,7,654.1377,495.13086,0.83460516
21,0,8,717.45355,497.07935,0.74747735
21,0,9,652.2093,508.27673,0.3470211
21,0,10,711.33765,510.86,0.27246583
21,0,11,674.563,521.01263,0.87735647
21,0,12,701.84216,521.5856,0.85682917
21,0,13,669.1543,549.70355,0.15416612
21,0,14,704.23193,550.55804,0.13089256
21,0,15,673.431,570.5354,0.027082754
21,0,16,704.03516,571.95593,0.023699492
21,1,0,688.3403,444.3184,0.08908972
21,1,1,688.483,439.95206,0.057346873
21,1,2,689.667,440.08862,0.04869748
21,1,3,681.30054,441.4336,0.6043888
21,1,4,698.98987,441.3602,0.54212415
21,1,5,671.90405,465.49902,0.9811133
21,1,6,704.45325,466.4092,0.96898997
21,1,7,655.6717,493.76898,0.8749086
21,1,8,717.1429,497.00256,0.760828
21,1,9,653.276,511.70044,0.5757589
21,1,10,715.37,509.2569,0.41516474
21,1,11,678.12506,523.03625,0.975989
21,1,12,698.21814,523.4403,0.96860796
21,1,13,684.00134,561.4826,0.88053703
21,1,14,699.2663,560.98834,0.8396668
21,1,15,689.33405,608.22565,0.6900463
21,1,16,698.61786,606.5354,0.62997645
22,0,0,681.5554,443.99545,0.042166475
22,0,1,682.485,439.69284,0.039132647
22,0,2,682.24603,439.96106,0.029954707
22,0,3,674.6923,441.66714,0.76172966
22,0,4,693.57574,442.29013,0.7047022
22,0,5,664.0353,465.83356,0.9790723
22,0,6,703.2575,467.06784,0.969308
22,0,7,650.7526,496.20874,0.7791577
22,0,8,710.2272,498.20807,0.6738165
22,0,9,649.24164,506.1828,0.29018298
22,0,10,703.9847,508.45123,0.22372475
22,0,11,668.7041,522.1062,0.8068685
22,0,12,695.64636,522.4822,0.7762597
22,0,13,662.2079,547.2128,0.09888379
22,0,14,698.6241,547.7656,0.08309525
22,0,15,665.0694,566.6206,0.018395016
22,0,16,699.7689,567.954,0.016051386
22,1,0,682.801,444.42056,0.057572536
22,1,1,682.83136,439.74997,0.035442494
22,1,2,684.18427,440.10837,0.029400697
22,1,3,674.35583,441.61905,0.5995202
22,1,4,693.37384,441.84747,0.5683466
22,1,5,663.0249,466.15192,0.986371
22,1,6,701.2292,467.04727,0.9668648
22,1,7,650.0084,495.8216,0.8869368
22,1,8,710.644,498.12427,0.64734644
22,1,9,646.4042,515.06775,0.53211445
22,1,10,706.7763,509.19977,0.2491618
22,1,11,669.7145,525.7621,0.98535514
22,1,12,694.02374,526.5019,0.9749629
22,1,13,671.7777,573.7646,0.91141224
22,1,14,692.0345,572.6809,0.832099
22,1,15,681.2787,621.48944,0.688266
22,1,16,692.6423,618.4672,0.5525599
23,0,0,666.0622,443.5499,0.056932706
23,0,1,666.8085,438.95355,0.032254163
23,0,2,668.3246,439.21185,0.024512362
23,0,3,662.1391,440.91806,0.6467245
23,0,4,681.67596,440.3047,0.5690864
23,0,5,653.2987,465.2491,0.99137926
23,0,6,691.79095,465.31873,0.9839835
23,0,7,644.6177,495.3703,0.9312575
23,0,8,705.47095,494.5536,0.83486253
23,0,9,641.1113,522.9484,0.66527647
23,0,10,704.0676,508.682,0.46902573
23,0,11,659.85767,522.9681,0.9934995
23,0,12,685.7528,523.09735,0.99075353
23,0,13,658.4893,569.30023,0.9488621
23,0,14,688.2698,568.4282,0.9201618
23,0,15,659.658,616.18665,0.7558775
23,0,16,686.8567,613.5802,0.68040645
24,0,0,666.27966,443.4057,0.05162653
24,0,1,666.9424,438.82596,0.028720802
24,0,2,668.45795,439.1699,0.02198703
24,0,3,662.2466,440.67838,0.6346272
24,0,4,681.8099,440.19302,0.5677402
24,0,5,653.64636,465.84317,0.99265045
24,0,6,692.39886,465.55493,0.9840344
24,0,7,644.3097,496.53503,0.94149476
24,0,8,706.0992,495.34155,0.82556677
24,0,9,641.1845,523.4902,0.6866411
24,0,10,701.7925,510.0266,0.45054072
24,0,11,659.7636,524.1206,0.9952885
24,0,12,685.8763,524.0919,0.99269706
24,0,13,659.11707,569.9501,0.9624704
24,0,14,688.44366,569.1057,0.9352387
24,0,15,660.1539,616.8387,0.8053729
24,0,16,686.9199,613.52527,0.7245946
25,0,0,548.3444,435.0875,0.10253252
25,0,1,548.852,431.3625,0.09177209
25,0,2,550.26514,430.90558,0.023495134
25,0,3,552.1147,432.48077,0.6225373
25,0,4,566.7399,429.57837,0.15685189
25,0,5,562.33734,451.05206,0.9842085
25,0,6,578.0831,446.24646,0.8889165
25,0,7,568.4751,482.80948,0.94857186
25,0,8,593.7602,476.04904,0.45664397
25,0,9,553.83777,501.75385,0.80799997
25,0,10,580.7464,497.95184,0.27957875
25,0,11,587.08307,497.51898,0.99230546
25,0,12,598.0296,495.0614,0.97871953
25,0,13,577.2935,533.78064,0.98165566
25,0,14,590.505,530.34705,0.94143915
25,0,15,581.04865,573.48047,0.9429261
25,0,16,595.8419,566.8489,0.8682174
25,1,0,660.18677,439.58,0.054777827
25,1,1,661.3171,435.31912,0.032302056
25,1,2,663.18823,435.36108,0.023021922
25,1,3,657.7591,438.35065,0.6421278
25,1,4,676.9827,437.0917,0.53715163
25,1,5,649.46204,463.02185,0.9925541
25,1,6,684.22,461.69098,0.98449534
25,1,7,639.1832,493.34064,0.938837
25,1,8,697.3726,490.05035,0.82337946
25,1,9,634.0518,517.4324,0.69964665
25,1,10,692.95917,507.0775,0.47147098
25,1,11,657.8235,520.51355,0.9968541
25,1,12,679.4364,520.45483,0.995265
25,1,13,660.73267,565.068,0.9842406
25,1,14,676.0614,565.9,0.9730823
25,1,15,673.3675,609.00055,0.92795074
25,1,16,680.2836,607.9673,0.89260346
26,0,0,533.1522,438.07724,0.22217886
26,0,1,533.28986,434.6558,0.21646959
26,0,2,534.5192,434.08078,0.040048312
26,0,3,538.1403,436.3413,0.6911923
26,0,4,550.60394,433.67435,0.07922108
26,0,5,557.7514,452.93878,0.97190404
26,0,6,557.49316,453.1618,0.9292263
26,0,7,579.14734,470.60428,0.9354955
26,0,8,563.52136,478.62967,0.73871225
26,0,9,573.9236,499.07733,0.8728226
26,0,10,554.1389,500.68695,0.66246974
26,0,11,592.4647,494.6695,0.99419314
26,0,12,595.74554,494.037,0.99094814
26,0,13,569.2947,534.4904,0.9922335
26,0,14,587.6934,528.33307,0.98597276
26,0,15,580.9977,574.7073,0.9790414
26,0,16,615.3573,559.1571,0.96950173
26,1,0,656.0092,439.5667,0.07696192
26,1,1,656.77106,435.2604,0.049546666
26,1,2,658.5778,435.37994,0.03548341
26,1,3,652.85065,437.4132,0.6441808
26,1,4,671.7181,436.48996,0.51014256
26,1,5,644.378,460.5507,0.98387724
26,1,6,680.0877,461.89075,0.9796179
26,1,7,635.5204,487.96896,0.8519012
26,1,8,693.00073,491.1756,0.7833807
26,1,9,636.57196,504.23236,0.53774077
26,1,10,687.4204,497.95135,0.44532216
26,1,11,654.34155,520.51086,0.9937116
26,1,12,677.7989,521.6599,0.9928671
26,1,13,650.10815,569.0167,0.9776495
26,1,14,673.4671,572.63794,0.97229403
26,1,15,656.753,614.7363,0.92786556
26,1,16,676.8493,615.93555,0.915763
27,0,0,650.4234,437.34555,0.08115707
27,0,1,650.95776,433.27573,0.056833208
27,0,2,653.3179,433.51157,0.03807635
27,0,3,647.9254,435.03552,0.63168615
27,0,4,667.89526,434.2592,0.47547734
27,0,5,640.3073,457.5898,0.98087454
27,0,6,679.5347,458.47336,0.96923333
27,0,7,632.4563,488.25586,0.86156243
27,0,8,690.0707,488.70288,0.73866385
27,0,9,635.97504,506.79712,0.55761033
27,0,10,680.9414,500.64362,0.40435666
27,0,11,649.3756,517.50226,0.990166
27,0,12,676.0039,518.16266,0.98756313
27,0,13,645.0485,564.2917,0.96504307
27,0,14,673.65955,567.97,0.95268786
27,0,15,650.644,613.6862,0.8975071
27,0,16,673.8856,617.1723,0.87326545
27,1,0,528.19275,448.07703,0.24933338
27,1,1,528.3371,443.657,0.2849975
27,1,2,528.9911,443.9095,0.050519325
27,1,3,534.1045,443.92517,0.65365416
27,1,4,541.6111,443.524,0.064456776
27,1,5,555.6224,463.2249,0.9617112
27,1,6,549.4282,465.09738,0.6988968
27,1,7,579.3384,485.80997,0.9303172
27,1,8,565.6565,491.1994,0.27519238
27,1,9,573.47504,515.4232,0.8195253
27,1,10,563.89124,513.657,0.21350409
27,1,11,572.9765,510.69,0.9397551
27,1,12,569.04144,511.12793,0.8194749
27,1,13,570.6862,539.01373,0.8106155
27,1,14,565.71436,538.91077,0.51641536
27,1,15,579.5393,575.38965,0.5446942
27,1,16,576.42126,575.1555,0.29118124
28,0,0,635.4014,432.39868,0.10483827
28,0,1,637.19495,428.88153,0.13139533
28,0,2,638.33295,428.5984,0.030743914
28,0,3,639.8428,431.2455,0.8922062
28,0,4,657.32666,430.05817,0.40218893
28,0,5,633.6961,453.01694,0.9946865
28,0,6,667.3865,451.1562,0.98560846
28,0,7,624.43384,480.80847,0.9616591
28,0,8,678.5098,478.99734,0.8113805
28,0,9,628.6797,500.55865,0.7963532
28,0,10,680.07214,502.6159,0.5255967
28,0,11,641.84937,508.61786,0.99162674
28,0,12,663.58936,507.91833,0.9868951
28,0,13,639.1199,542.40845,0.9438291
28,0,14,661.727,541.9119,0.9063919
28,0,15,649.4576,574.0831,0.7483387
28,0,16,664.2568,572.39703,0.6624574
29,0,0,636.1877,431.49283,0.09784966
29,0,1,638.06573,427.89072,0.12117595
29,0,2,638.38196,427.6693,0.034056023
29,0,3,639.6447,430.28146,0.8660189
29,0,4,656.80237,429.1543,0.45156023
29,0,5,633.74445,452.14185,0.9938022
29,0,6,667.74286,450.82397,0.9847381
29,0,7,627.38696,480.49762,0.954025
29,0,8,677.94824,479.6617,0.80715775
29,0,9,632.93207,503.21472,0.7614544
29,0,10,677.31335,503.3949,0.5078652
29,0,11,643.11176,507.24176,0.9909603
29,0,12,665.3878,506.76428,0.9864253
29,0,13,638.8485,540.6479,0.94249946
29,0,14,660.32697,540.62164,0.9082149
29,0,15,648.04333,573.9709,0.7678961
29,0,16,661.2357,573.1206,0.694275
30,0,0,496.91052,467.80988,0.34582987
30,0,1,498.7918,463.4025,0.3698026
30,0,2,497.0039,463.9146,0.067835145
30,0,3,506.62772,462.71704,0.6943902
30,0,4,503.49976,464.05878,0.060122676
30,0,5,528.2004,472.5684,0.9762804
30,0,6,510.12283,479.97934,0.8711062
30,0,7,552.1014,487.56372,0.96402174
30,0,8,522.83417,504.11926,0.6123191
30,0,9,535.22266,513.86884,0.92547613
30,0,10,520.2278,526.60895,0.5596979
30,0,11,562.4435,507.5589,0.9891991
30,0,12,548.5383,510.5672,0.97286195
30,0,13,556.2238,550.13696,0.9711983
30,0,14,529.48016,549.51245,0.9157303
30,0,15,569.7113,585.482,0.8868446
30,0,16,539.9128,579.7594,0.77222747
30,1,0,638.1959,426.95166,0.112130255
30,1,1,639.4694,423.40768,0.11822902
30,1,2,640.1833,423.19778,0.055998042
30,1,3,637.3315,425.37933,0.7954058
30,1,4,653.17535,424.76422,0.5007997
30,1,5,631.31104,447.06702,0.9866251
30,1,6,663.4894,447.40204,0.97466385
30,1,7,621.7507,474.35266,0.8879794
30,1,8,676.9236,477.2131,0.74327815
30,1,9,624.4418,494.57965,0.62028784
30,1,10,676.7356,500.12164,0.4499208
30,1,11,637.3827,502.11182,0.985678
30,1,12,658.59296,501.91547,0.9811348
30,1,13,632.54535,535.5979,0.96331227
30,1,14,654.349,535.432,0.94919807
30,1,15,636.8078,572.9469,0.90148
30,1,16,652.8966,572.50256,0.8754867
31,0,0,630.12445,426.0681,0.04238712
31,0,1,631.64343,422.34476,0.05240628
31,0,2,631.30255,422.3071,0.023994355
31,0,3,630.24097,423.87717,0.8310719
31,0,4,646.9713,423.2922,0.6479061
31,0,5,624.7351,444.24786,0.9949883
31,0,6,658.66284,443.85028,0.9906279
31,0,7,618.8744,470.72342,0.95168895
31,0,8,672.4447,471.0156,0.87278754
31,0,9,619.0609,491.3402,0.7083622
31,0,10,672.1057,491.22864,0.5461205
31,0,11,631.999,497.46808,0.9955569
31,0,12,654.7731,497.1466,0.9940895
31,0,13,627.1835,535.7463,0.9727787
31,0,14,653.6828,535.6797,0.962955
31,0,15,629.1537,572.1918,0.88890404
31,0,16,653.9983,571.7757,0.86388797
31,1,0,488.6487,473.20483,0.6646736
31,1,1,490.03214,468.76337,0.7586562
31,1,2,486.98425,470.2263,0.18128613
31,1,3,499.1487,467.11,0.7825474
31,1,4,490.11084,471.36316,0.021466158
31,1,5,521.544,478.25763,0.9545403
31,1,6,498.84802,486.22824,0.8170427
31,1,7,539.2532,496.51727,0.92173684
31,1,8,502.1365,509.76636,0.40049326
31,1,9,523.7105,518.0392,0.86333966
31,1,10,495.52396,522.654,0.4134646
31,1,11,540.19794,519.3863,0.94767076
31,1,12,522.6316,521.8672,0.89758646
31,1,13,535.3768,540.98224,0.91712356
31,1,14,498.21875,543.43085,0.8097331
31,1,15,546.5873,581.5155,0.841049
31,1,16,498.57056,582.78735,0.7163512
32,0,0,621.7073,422.63248,0.08331882
32,0,1,623.4577,418.7759,0.10902224
32,0,2,623.494,418.85388,0.028022727
32,0,3,625.8677,420.36877,0.8962699
32,0,4,641.5807,420.2494,0.47352934
32,0,5,622.6332,441.3427,0.9955081
32,0,6,653.9885,442.64136,0.98803526
32,0,7,617.42303,469.6368,0.95362616
32,0,8,667.24994,473.5155,0.7885381
32,0,9,615.0745,485.604,0.743262
32,0,10,660.5625,487.84567,0.46584228
32,0,11,626.69916,498.18256,0.9958658
32,0,12,649.9389,498.2437,0.99363554
32,0,13,615.7349,533.2585,0.98577166
32,0,14,652.5081,534.1409,0.97599036
32,0,15,609.53064,569.2451,0.95012045
32,0,16,654.0223,569.70624,0.9273666
33,0,0,613.9763,421.5925,0.062620305
33,0,1,615.8536,417.79156,0.07902212
33,0,2,616.17755,417.84064,0.02265294
33,0,3,617.6924,420.4389,0.8658057
33,0,4,633.06824,420.22586,0.43655187
33,0,5,613.5338,442.1407,0.9911391
33,0,6,643.9326,442.81366,0.9792031
33,0,7,607.14014,471.39786,0.91364413
33,0,8,654.66516,472.8553,0.69390786
33,0,9,604.93744,494.04358,0.60808617
33,0,10,651.9342,492.0251,0.3382068
33,0,11,616.43884,494.93732,0.99085355
33,0,12,638.6576,494.99365,0.9864928
33,0,13,609.9962,528.5879,0.97238874
33,0,14,645.0195,529.37836,0.95672816
33,0,15,608.62506,564.31415,0.9238599
33,0,16,650.7,564.7506,0.8951077
34,0,0,613.8248,421.58774,0.064433716
34,0,1,615.68555,417.78336,0.082408264
34,0,2,616.0389,417.83826,0.022718573
34,0,3,617.65,420.46255,0.87279797
34,0,4,633.0065,420.22736,0.43356237
34,0,5,613.68494,442.2396,0.99206805
34,0,6,643.8856,442.80103,0.9807813
34,0,7,607.33594,471.63406,0.9232395
34,0,8,654.8036,472.65106,0.7087921
34,0,9,604.7723,494.86682,0.63647217
34,0,10,652.02386,491.91815,0.35592097
34,0,11,616.73334,494.97455,0.99212873
34,0,12,638.80566,494.9818,0.9881898
34,0,13,609.98206,529.4745,0.9764406
34,0,14,644.89996,530.24615,0.96230125
34,0,15,608.47217,565.09344,0.9325362
34,0,16,650.54803,565.4839,0.90548843
35,0,0,610.22125,421.31445,0.0661065
35,0,1,612.0717,417.75037,0.092967436
35,0,2,611.9871,417.7168,0.020608516
35,0,3,613.8045,420.23322,0.8941814
35,0,4,628.83923,419.87897,0.4020227
35,0,5,609.151,441.15387,0.99454015
35,0,6,638.877,441.5296,0.9840605
35,0,7,600.5373,468.6868,0.94668865
35,0,8,648.8833,470.74548,0.71529436
35,0,9,597.4642,484.32516,0.71603906
35,0,10,643.78296,487.00885,0.38287082
35,0,11,613.4413,494.2387,0.9957397
35,0,12,634.7505,494.2599,0.9930118
35,0,13,607.86566,528.51135,0.9893026
35,0,14,639.9799,529.067,0.9807351
35,0,15,607.1012,562.9585,0.9683691
35,0,16,645.1122,562.72986,0.951208
36,0,0,603.7896,419.4515,0.22619861
36,0,1,605.63293,415.55695,0.1842687
36,0,2,606.9894,416.10117,0.05196258
36,0,3,609.3786,417.1104,0.86182094
36,0,4,623.9149,416.7514,0.3406947
36,0,5,603.65216,437.1722,0.9954561
36,0,6,635.9065,437.12485,0.9875036
36,0,7,597.99194,465.5447,0.96068454
36,0,8,645.7941,466.94342,0.83382195
36,0,9,588.2513,475.14325,0.8300591
36,0,10,645.7589,483.52264,0.5802143
36,0,11,609.8142,489.74475,0.9977004
36,0,12,633.5175,489.28845,0.9962746
36,0,13,596.72424,522.9922,0.9909412
36,0,14,636.13245,524.1667,0.98387873
36,0,15,595.8765,563.1842,0.9620696
36,0,16,643.37695,556.394,0.94320303
37,0,0,600.57874,417.24057,0.16995336
37,0,1,602.6315,413.7212,0.22403905
37,0,2,603.0939,413.61624,0.036731217
37,0,3,608.28564,415.4673,0.9399821
37,0,4,622.04626,414.71313,0.33760494
37,0,5,603.85657,435.2113,0.99686795
37,0,6,633.0466,434.47092,0.9888566
37,0,7,596.5389,463.09637,0.9694751
37,0,8,645.24695,461.9634,0.7646815
37,0,9,596.3077,484.29376,0.82392997
37,0,10,645.0043,481.17352,0.4718241
37,0,11,609.68225,484.79355,0.9961075
37,0,12,629.9662,484.54965,0.9931057
37,0,13,604.1555,519.62427,0.9844058
37,0,14,634.1928,520.22205,0.96913713
37,0,15,604.1425,556.1158,0.93943703
37,0,16,636.0603,555.6231,0.9016339
37,1,0,439.6136,512.3436,0.32641274
37,1,1,442.33932,507.59967,0.27417177
37,1,2,437.26324,508.14868,0.13545224
37,1,3,449.91013,507.57117,0.4612951
37,1,4,437.75653,508.6941,0.14905226
37,1,5,469.36703,529.0236,0.9367279
37,1,6,436.33905,531.58325,0.8947495
37,1,7,488.7068,558.24475,0.8716761
37,1,8,419.16837,558.73737,0.732876
37,1,9,475.6668,583.0718,0.7727483
37,1,10,415.34048,562.32916,0.6371755
37,1,11,475.83078,573.6861,0.9393204
37,1,12,456.34558,573.0799,0.923421
37,1,13,450.4642,586.37366,0.8349093
37,1,14,433.98633,583.1583,0.77173924
37,1,15,441.9509,620.2755,0.6159687
37,1,16,431.84955,619.50793,0.54171664
38,0,0,596.1093,411.11832,0.08688091
38,0,1,597.50635,407.87537,0.11766084
38,0,2,598.4852,407.5135,0.019628307
38,0,3,601.1615,409.79123,0.8964979
38,0,4,616.5228,408.37347,0.28556904
38,0,5,598.0867,429.3815,0.9893222
38,0,6,628.8616,427.84155,0.97287273
38,0,7,590.8039,455.22647,0.92338973
38,0,8,637.53015,454.86285,0.64874506
38,0,9,591.3605,473.09167,0.6679556
38,0,10,633.0317,474.26776,0.3389472
38,0,11,604.5078,480.66046,0.98783225
38,0,12,626.68604,479.8806,0.98080784
38,0,13,599.3351,518.0412,0.951758
38,0,14,632.13776,517.6698,0.917753
38,0,15,598.16943,550.87646,0.847454
38,0,16,636.8561,549.34094,0.78486514
38,1,0,423.35336,519.5384,0.44621253
38,1,1,425.31512,515.3433,0.40278324
38,1,2,423.27374,516.268,0.105735876
38,1,3,434.73544,514.43585,0.5916883
38,1,4,429.30807,516.4788,0.060507912
38,1,5,457.66824,529.2443,0.9525618
38,1,6,435.39862,530.9816,0.94248134
38,1,7,474.2529,559.7412,0.9532954
38,1,8,422.65906,552.611,0.92455924
38,1,9,471.2917,593.0177,0.93520695
38,1,10,402.2128,564.8501,0.911597
38,1,11,483.98645,568.479,0.9696013
38,1,12,467.90463,568.36896,0.967347
38,1,13,471.41684,593.07764,0.85965806
38,1,14,438.41803,590.39923,0.83967376
38,1,15,480.0744,616.9967,0.5292956
38,1,16,439.96317,619.5783,0.5089913
39,0,0,596.0962,411.9817,0.059014685
39,0,1,598.1099,408.3338,0.086733714
39,0,2,598.0781,407.93433,0.014345725
39,0,3,602.2837,409.9687,0.91917855
39,0,4,617.88257,408.40906,0.38127166
39,0,5,597.66394,429.5431,0.9942737
39,0,6,629.60846,427.75912,0.9835592
39,0,7,589.1657,456.21436,0.94192207
39,0,8,638.2275,456.2699,0.6852832
39,0,9,590.45105,472.62912,0.6617121
39,0,10,636.1282,476.26642,0.3181606
39,0,11,604.33954,481.70676,0.99234515
39,0,12,627.49066,481.01755,0.9875299
39,0,13,598.43365,518.67346,0.95959187
39,0,14,634.177,518.4622,0.92861795
39,0,15,595.8861,552.3367,0.8468968
39,0,16,638.5018,550.6693,0.77995414
39,1,0,423.73132,520.103,0.48360497
39,1,1,425.74313,515.8531,0.44370493
39,1,2,423.468,516.7924,0.120569795
39,1,3,435.02792,515.0202,0.6247302
39,1,4,429.18127,517.1391,0.066036135
39,1,5,457.2211,529.7295,0.9558532
39,1,6,435.47095,530.9344,0.9462476
39,1,7,469.00342,562.5298,0.9528728
39,1,8,421.95035,553.32513,0.9229935
39,1,9,468.0922,596.0354,0.93179756
39,1,10,402.04385,565.1121,0.9071606
39,1,11,484.71902,567.5602,0.9659633
39,1,12,468.52274,567.4131,0.9633429
39,1,13,474.99786,592.2782,0.83510876
39,1,14,438.53333,589.28436,0.81176466
39,1,15,483.66187,615.3745,0.4771019
39,1,16,443.08728,618.14386,0.45593843
40,0,0,595.1705,414.14316,0.16863392
40,0,1,596.4419,410.43652,0.14479151
40,0,2,597.72375,410.68893,0.04313887
40,0,3,598.8981,410.19354,0.8396262
40,0,4,614.97253,409.0986,0.3566923
40,0,5,594.7212,428.52798,0.9918743
40,0,6,629.5078,427.14307,0.9777388
40,0,7,588.01556,457.3202,0.9303071
40,0,8,638.08923,455.31073,0.73078525
40,0,9,594.8901,476.0244,0.6778506
40,0,10,635.4063,476.24936,0.36311
40,0,11,600.1767,481.91342,0.99123985
40,0,12,626.896,481.33948,0.9851201
40,0,13,588.02484,518.77374,0.93088835
40,0,14,634.9758,519.90894,0.87454796
40,0,15,585.2014,558.21686,0.7130058
40,0,16,640.0472,553.5836,0.603554
40,1,0,421.50565,518.2982,0.6507688
40,1,1,424.05493,514.0579,0.73557776
40,1,2,420.89325,515.06964,0.20411097
40,1,3,436.22787,513.94617,0.7671958
40,1,4,427.71115,516.1631,0.036774248
40,1,5,459.03992,530.2621,0.96885073
40,1,6,437.4165,531.81586,0.89778495
40,1,7,480.0147,562.75397,0.9565079
40,1,8,435.71246,556.27246,0.71368706
40,1,9,478.26767,592.59906,0.9084705
40,1,10,425.1018,561.4806,0.678258
40,1,11,480.59766,569.78296,0.9256205
40,1,12,464.6068,569.64856,0.8787161
40,1,13,473.31195,588.5375,0.662595
40,1,14,441.96835,588.2195,0.48223406
40,1,15,485.91284,612.8348,0.33073023
40,1,16,446.6744,611.7655,0.21476386
41,0,0,596.0217,412.23883,0.14163686
41,0,1,597.19476,408.973,0.1199288
41,0,2,598.44916,409.26813,0.034627583
41,0,3,598.7057,409.2707,0.82791054
41,0,4,614.0181,408.79037,0.3209422
41,0,5,596.34393,427.39816,0.99118865
41,0,6,625.7759,427.89474,0.979131
41,0,7,588.75244,456.01642,0.9234239
41,0,8,635.9144,454.2026,0.74971175
41,0,9,592.4352,474.76535,0.6800816
41,0,10,634.1606,472.31726,0.40635815
41,0,11,600.18695,479.5021,0.994464
41,0,12,623.8334,480.37628,0.9914272
41,0,13,585.6418,506.6435,0.9736023
41,0,14,634.6364,513.8238,0.95536083
41,0,15,577.28973,539.99493,0.9144149
41,0,16,644.0067,543.81274,0.87613875
41,1,0,421.6157,517.6002,0.4482619
41,1,1,422.53177,513.214,0.4351363
41,1,2,422.4501,514.23987,0.090476766
41,1,3,432.37912,511.32782,0.674699
41,1,4,433.76093,513.4686,0.047515243
41,1,5,458.51685,523.14154,0.9480611
41,1,6,440.27576,531.78326,0.915863
41,1,7,483.89948,551.8367,0.9416836
41,1,8,443.2176,571.3054,0.86533725
41,1,9,491.50772,586.94574,0.9061848
41,1,10,431.20587,612.53156,0.8183307
41,1,11,485.3409,571.72565,0.88739246
41,1,12,472.8382,575.3163,0.86494774
41,1,13,471.15872,587.6479,0.45344022
41,1,14,449.44028,591.33954,0.38191056
41,1,15,478.37878,606.90717,0.11871945
41,1,16,459.14764,614.295,0.09878549
42,0,0,596.177,415.33942,0.10958693
42,0,1,596.90515,411.8454,0.076857924
42,0,2,597.8951,411.776,0.034750536
42,0,3,595.93384,412.1255,0.77214307
42,0,4,612.5319,410.7783,0.443241
42,0,5,593.1192,432.34378,0.9892385
42,0,6,624.4209,430.5209,0.98474807
42,0,7,586.3291,461.50964,0.9031111
42,0,8,635.3569,458.16296,0.83685035
42,0,9,590.47485,480.5783,0.60109305
42,0,10,635.6599,479.18637,0.48370993
42,0,11,599.4246,486.94968,0.98988205
42,0,12,623.5446,486.64453,0.9880112
42,0,13,592.4906,523.4372,0.90661114
42,0,14,636.822,525.4671,0.88602996
42,0,15,585.9563,556.1952,0.6459229
42,0,16,643.6038,557.11096,0.60855913
42,1,0,431.80344,518.5794,0.7289363
42,1,1,433.48288,514.4559,0.7476653
42,1,2,431.03778,515.8236,0.34646818
42,1,3,444.13528,512.6205,0.7191781
42,1,4,435.69104,515.88684,0.09060341
42,1,5,462.23987,526.43005,0.9605141
42,1,6,444.41296,533.0875,0.89005613
42,1,7,488.00488,543.5067,0.91253155
42,1,8,448.21445,557.2275,0.6156202
42,1,9,498.58817,570.0302,0.83534676
42,1,10,449.32864,573.93317,0.552033
42,1,11,479.78836,577.5514,0.8774563
42,1,12,467.77112,579.8851,0.81459177
42,1,13,471.863,599.06824,0.3967026
42,1,14,456.57956,601.3883,0.2622066
42,1,15,484.14227,607.46014,0.14662081
42,1,16,466.1307,609.76385,0.09688987
43,0,0,593.5844,422.15396,0.09933353
43,0,1,595.51074,418.81808,0.091214724
43,0,2,595.4282,418.79306,0.027809814
43,0,3,594.19415,420.78207,0.8630891
43,0,4,609.0509,419.56174,0.44686425
43,0,5,590.243,441.06073,0.9949549
43,0,6,618.8041,439.42307,0.97611815
43,0,7,583.41174,468.60278,0.9248237
43,0,8,629.1505,460.97946,0.5360665
43,0,9,586.08154,477.9319,0.5672479
43,0,10,615.7444,469.56628,0.16776325
43,0,11,592.5317,490.30054,0.99641716
43,0,12,617.83185,490.15887,0.9920603
43,0,13,570.2611,513.4231,0.9814183
43,0,14,630.9179,519.92126,0.95339346
43,0,15,554.36334,547.496,0.93677473
43,0,16,644.373,548.8657,0.875934
44,0,0,592.96063,422.4428,0.10643774
44,0,1,594.9632,419.18533,0.09794565
44,0,2,594.84985,419.17807,0.029304845
44,0,3,594.0934,421.13437,0.8670927
44,0,4,608.5063,419.97668,0.43679973
44,0,5,589.9742,441.0843,0.9946279
44,0,6,618.60474,439.51385,0.9774909
44,0,7,583.5821,468.3015,0.92037046
44,0,8,629.5126,460.45956,0.5639958
44,0,9,585.9422,477.98474,0.5597682
44,0,10,615.9438,468.00827,0.18395174
44,0,11,591.9803,489.82562,0.9961331
44,0,12,617.2788,489.75403,0.9919892
44,0,13,570.55664,513.03284,0.97922885
44,0,14,631.5182,519.6486,0.95185494
44,0,15,554.938,547.6119,0.92849606
44,0,16,644.32886,548.70276,0.8682859
45,0,0,589.182,425.94742,0.135342
45,0,1,591.37335,422.90192,0.121594526
45,0,2,591.2306,422.79895,0.034836665
45,0,3,591.6795,425.1903,0.88376105
45,0,4,605.0567,424.03055,0.40577403
45,0,5,586.87335,444.94174,0.9930305
45,0,6,614.9331,444.49753,0.9845106
45,0,7,577.0679,470.62686,0.89400584
45,0,8,625.6323,469.87363,0.7047513
45,0,9,579.6161,480.66415,0.51064014
45,0,10,618.4486,481.8528,0.27624696
45,0,11,589.2941,496.23315,0.99447834
45,0,12,614.23926,496.10724,0.9919046
45,0,13,566.6334,520.9211,0.9601944
45,0,14,630.45416,524.96576,0.93756646
45,0,15,552.21783,556.6143,0.8522004
45,0,16,646.64636,552.28345,0.8026048
45,1,0,441.96164,484.6369,0.14062192
45,1,1,441.89743,481.4818,0.12738332
45,1,2,443.9653,478.9665,0.029298289
45,1,3,444.94464,484.62192,0.6764174
45,1,4,463.1492,476.05798,0.14548977
45,1,5,462.22147,502.06348,0.985443
45,1,6,475.61447,489.30615,0.9058602
45,1,7,489.31802,528.6623,0.9579681
45,1,8,496.00943,514.11554,0.5840142
45,1,9,507.64832,556.1116,0.8498797
45,1,10,505.9653,546.4361,0.40126443
45,1,11,498.42474,534.2128,0.9870408
45,1,12,507.97348,527.5758,0.967096
45,1,13,481.202,578.5158,0.9435362
45,1,14,485.13773,565.78326,0.8465359
45,1,15,486.64075,612.1583,0.7508842
45,1,16,482.14804,601.2844,0.5702784
45,2,0,588.5768,425.92697,0.1802917
45,2,1,589.35535,422.7425,0.19330265
45,2,2,590.49475,422.72192,0.05670962
45,2,3,590.5457,424.7767,0.89584035
45,2,4,606.0953,423.9923,0.49394473
45,2,5,584.2214,445.06848,0.99085
45,2,6,617.8868,444.364,0.98256195
45,2,7,576.1771,471.22308,0.9090809
45,2,8,626.29425,471.2353,0.7398097
45,2,9,578.4611,484.56067,0.58581877
45,2,10,620.6262,484.6468,0.36389425
45,2,11,590.5709,497.8166,0.95325804
45,2,12,613.95636,497.32965,0.9358511
45,2,13,582.54803,532.7859,0.44489744
45,2,14,615.7776,533.1217,0.34719905
45,2,15,580.5308,560.1876,0.11517692
45,2,16,612.9854,560.0813,0.08896388
46,0,0,584.93274,431.1728,0.02884046
46,0,1,585.8437,428.11987,0.026044093
46,0,2,585.9134,427.72156,0.014041495
46,0,3,582.713,430.1804,0.69400895
46,0,4,597.61926,428.58063,0.48685336
46,0,5,579.40796,449.3315,0.98133
46,0,6,607.3652,446.49384,0.96661836
46,0,7,573.0292,474.64792,0.8558144
46,0,8,617.76276,468.14478,0.69842404
46,0,9,570.5563,483.54102,0.49378935
46,0,10,613.9375,474.64944,0.3413661
46,0,11,589.4271,498.54956,0.9792045
46,0,12,611.4404,497.6009,0.9735397
46,0,13,582.99634,528.22363,0.8884564
46,0,14,627.9579,526.90326,0.8639566
46,0,15,581.84534,552.67413,0.70948195
46,0,16,644.32227,550.9759,0.6721678
47,0,0,453.88104,470.26602,0.11517277
47,0,1,454.03214,467.09372,0.092186265
47,0,2,456.583,464.89755,0.022161027
47,0,3,456.73108,472.4766,0.7112474
47,0,4,477.1128,464.33707,0.17985857
47,0,5,473.0688,496.341,0.9888469
47,0,6,490.65396,478.4888,0.9643373
47,0,7,492.46027,528.3388,0.95817274
47,0,8,516.42737,490.1347,0.7988736
47,0,9,500.12622,555.89417,0.8586001
47,0,10,532.3083,507.8036,0.6120335
47,0,11,503.85284,529.52716,0.9963972
47,0,12,513.6747,520.7974,0.9934883
47,0,13,487.21375,574.99945,0.9894991
47,0,14,486.1784,563.25885,0.9776193
47,0,15,495.70972,621.22766,0.94968647
47,0,16,480.37427,609.5159,0.9157538
47,1,0,580.74994,430.7281,0.03642649
47,1,1,582.1155,427.67865,0.025758967
47,1,2,582.17883,427.54587,0.0119451
47,1,3,576.9718,428.81235,0.75608903
47,1,4,593.1537,427.9785,0.4999329
47,1,5,571.2265,447.5338,0.99590707
47,1,6,601.7602,446.8375,0.9707873
47,1,7,561.0598,476.2764,0.9544557
47,1,8,604.7473,473.11157,0.54021466
47,1,9,554.4532,500.76703,0.61315745
47,1,10,595.40576,489.89203,0.14957878
47,1,11,574.5564,497.80835,0.9963839
47,1,12,602.45886,497.1388,0.99016017
47,1,13,551.1386,522.6763,0.96000457
47,1,14,622.9825,523.77625,0.88461053
47,1,15,541.4823,554.61835,0.8096587
47,1,16,640.82227,547.5671,0.6329306
47,2,0,578.07983,430.39102,0.02248741
47,2,1,579.0599,426.91565,0.023093434
47,2,2,579.71484,427.13913,0.011591826
47,2,3,575.34204,428.66037,0.6984998
47,2,4,594.0255,428.5927,0.4534566
47,2,5,569.1042,448.11414,0.9710597
47,2,6,602.4692,447.33057,0.9499126
47,2,7,559.3637,478.09396,0.80125266
47,2,8,605.86053,473.2169,0.6206722
47,2,9,552.49854,500.82788,0.33587685
47,2,10,594.68146,491.75854,0.21443945
47,2,11,575.08923,500.3239,0.9222657
47,2,12,600.6073,499.79205,0.902509
47,2,13,562.11597,531.67365,0.36336434
47,2,14,607.2448,531.3976,0.30098787
47,2,15,560.0767,559.8631,0.11101982
47,2,16,616.41156,559.6759,0.0922842
48,0,0,467.6811,461.6454,0.05554277
48,0,1,468.12738,458.65717,0.033326738
48,0,2,470.21606,456.44363,0.017094793
48,0,3,467.3846,463.22083,0.65503067
48,0,4,488.48776,455.09485,0.44904914
48,0,5,473.67236,485.81055,0.99559504
48,0,6,505.47696,470.277,0.9843262
48,0,7,486.07333,519.59125,0.97505015
48,0,8,531.0841,486.38968,0.8592834
48,0,9,492.9427,549.69885,0.85440993
48,0,10,535.96014,509.48004,0.590175
48,0,11,509.99512,529.6573,0.998285
48,0,12,529.534,522.927,0.99677664
48,0,13,497.41492,574.8111,0.99139565
48,0,14,503.78958,564.2394,0.9808812
48,0,15,509.0874,615.09204,0.94674337
48,0,16,502.03857,611.42365,0.90530384
48,1,0,552.4882,428.6401,0.05561039
48,1,1,553.25055,425.46878,0.07635396
48,1,2,555.12286,425.38,0.012427342
48,1,3,555.8161,427.15298,0.8618941
48,1,4,572.18555,426.08533,0.22112064
48,1,5,553.46075,447.32983,0.9853683
48,1,6,581.0388,444.74182,0.96507204
48,1,7,547.5406,477.14932,0.9208534
48,1,8,588.9677,472.99942,0.66559094
48,1,9,543.21936,503.5973,0.64229995
48,1,10,590.0879,500.79584,0.3312102
48,1,11,558.95105,497.79675,0.97468555
48,1,12,576.4376,496.32336,0.96093327
48,1,13,552.23505,530.6919,0.8151405
48,1,14,569.16064,529.4562,0.7117351
48,1,15,553.9745,559.16125,0.48105764
48,1,16,567.44745,556.723,0.37820914
48,2,0,554.66595,430.33527,0.08413531
48,2,1,555.3754,426.6233,0.0591248
48,2,2,556.5238,426.4674,0.02611792
48,2,3,554.57086,427.20706,0.7643018
48,2,4,572.81946,425.51205,0.4161131
48,2,5,552.4449,447.4813,0.987364
48,2,6,582.1383,444.7782,0.9789571
48,2,7,544.9259,478.30722,0.8650866
48,2,8,592.38885,477.54538,0.7581964
48,2,9,542.5519,506.79492,0.47924015
48,2,10,598.333,501.6358,0.37146556
48,2,11,560.99194,497.02197,0.9882732
48,2,12,585.6604,495.12012,0.9859934
48,2,13,548.25256,524.9218,0.9112508
48,2,14,604.1366,521.45654,0.8981734
48,2,15,541.79865,553.578,0.7164718
48,2,16,623.67004,542.2786,0.6983508
49,0,0,467.3766,461.87338,0.056171253
49,0,1,467.8703,458.8529,0.033120234
49,0,2,469.9418,456.644,0.017006341
49,0,3,467.43878,463.30054,0.6476886
49,0,4,488.4883,455.16656,0.43902588
49,0,5,473.78503,485.68356,0.9954536
49,0,6,505.65942,470.21353,0.98490036
49,0,7,486.31204,519.2946,0.97548443
49,0,8,531.28735,487.2922,0.87262565
49,0,9,493.35532,549.45087,0.8631248
49,0,10,535.844,511.854,0.6250383
49,0,11,510.1999,529.67194,0.9983664
49,0,12,529.7117,522.791,0.99704117
49,0,13,497.56033,575.13513,0.9920344
49,0,14,503.20038,563.6112,0.98296136
49,0,15,509.18445,615.3307,0.9504568
49,0,16,500.79532,610.3592,0.9144896
49,1,0,552.4293,428.19266,0.021878242
49,1,1,553.79114,424.49475,0.02890091
49,1,2,554.92,424.48798,0.007865595
49,1,3,555.24615,426.0996,0.7900545
49,1,4,572.701,425.2966,0.33850306
49,1,5,551.67694,446.39322,0.9855091
49,1,6,580.9103,444.98676,0.9699451
49,1,7,545.1308,476.60934,0.913919
49,1,8,588.00586,474.6184,0.7328648
49,1,9,540.88983,498.98962,0.5704622
49,1,10,589.8219,497.82758,0.3392111
49,1,11,557.3373,496.50964,0.9773597
49,1,12,577.1913,495.65637,0.9682741
49,1,13,548.6402,526.7455,0.8184629
49,1,14,572.96375,526.098,0.74330676
49,1,15,548.5114,555.20496,0.49871686
49,1,16,574.8166,553.89526,0.4186679
49,2,0,555.8216,429.21777,0.067961425
49,2,1,556.4001,425.52994,0.04518779
49,2,2,557.43555,425.3567,0.023543533
49,2,3,554.464,426.33664,0.7299319
49,2,4,572.8284,424.78174,0.44274285
49,2,5,552.3779,446.96313,0.9844589
49,2,6,581.7883,444.24615,0.9795759
49,2,7,544.86646,477.26523,0.823605
49,2,8,592.4161,476.37607,0.76532364
49,2,9,542.8128,502.99493,0.40287292
49,2,10,598.42474,498.65723,0.36514902
49,2,11,560.71967,495.6955,0.9881187
49,2,12,585.3112,493.7602,0.98749036
49,2,13,547.9342,522.63324,0.9192669
49,2,14,604.2518,518.7217,0.91846275
49,2,15,541.11664,552.5538,0.7577589
49,2,16,624.76935,540.9987,0.7619348
50,0,0,472.12958,461.1722,0.07238239
50,0,1,473.2477,457.2283,0.051783655
50,0,2,475.65155,455.5833,0.02009948
50,0,3,475.00644,460.73975,0.686584
50,0,4,496.63205,453.86023,0.3567622
50,0,5,477.56183,484.25143,0.9935541
50,0,6,512.82916,471.55844,0.9702514
50,0,7,483.15436,517.18756,0.9635353
50,0,8,532.5739,493.45435,0.7306223
50,0,9,490.2483,545.1981,0.8054747
50,0,10,533.47266,520.10187,0.4188437
50,0,11,507.23343,530.6445,0.9967416
50,0,12,528.9797,524.5089,0.9929194
50,0,13,498.55777,576.076,0.9852246
50,0,14,504.0504,566.2101,0.96194494
50,0,15,516.209,617.57446,0.92481434
50,0,16,506.63034,610.41345,0.8540911
50,1,0,549.4307,422.7461,0.064120576
50,1,1,550.13477,419.4748,0.043375917
50,1,2,551.36945,418.5611,0.025519544
50,1,3,546.4683,422.69858,0.6810252
50,1,4,564.6359,419.2601,0.4915377
50,1,5,544.3964,445.44836,0.98955846
50,1,6,570.11444,440.10223,0.9731357
50,1,7,540.9825,476.68683,0.89263964
50,1,8,580.91315,472.19537,0.6667018
50,1,9,541.67914,503.11798,0.55231315
50,1,10,586.4466,498.31293,0.29399204
50,1,11,556.5236,492.5913,0.9945913
50,1,12,577.25757,490.12616,0.9911424
50,1,13,552.36505,525.01636,0.9777361
50,1,14,591.1537,518.21326,0.96128815
50,1,15,556.1246,554.88293,0.93339735
50,1,16,613.5383,542.9694,0.902419
50,2,0,544.6815,420.80386,0.026911436
50,2,1,545.96765,417.25815,0.03569844
50,2,2,546.73486,417.1859,0.01013375
50,2,3,546.40643,420.45514,0.7257144
50,2,4,563.651,419.31528,0.2918142
50,2,5,542.9903,443.12546,0.97817516
50,2,6,571.65295,440.9254,0.9562311
50,2,7,539.0774,473.55112,0.88797486
50,2,8,576.4551,469.379,0.66672283
50,2,9,539.1064,498.89697,0.5373653
50,2,10,576.47955,493.17078,0.30450585
50,2,11,550.55536,494.45508,0.97459733
50,2,12,568.9409,493.57037,0.96403295
50,2,13,550.124,527.7675,0.84914064
50,2,14,564.71436,527.1771,0.7874033
50,2,15,554.65436,555.0846,0.6023496
50,2,16,562.6158,554.0671,0.52913296
51,0,0,481.49634,461.57452,0.07040722
51,0,1,482.31894,457.57413,0.055627633
51,0,2,483.87543,456.3839,0.02096256
51,0,3,483.95288,459.77695,0.6939019
51,0,4,503.0948,454.3158,0.3672615
51,0,5,487.14023,481.57025,0.99214655
51,0,6,521.02625,471.06113,0.9613289
51,0,7,485.67493,513.6065,0.9462925
51,0,8,538.665,489.58582,0.59847224
51,0,9,481.14716,536.9448,0.73081845
51,0,10,535.1652,508.25116,0.28242293
51,0,11,511.87695,530.613,0.99685526
51,0,12,533.2382,526.1078,0.9927167
51,0,13,505.7225,573.75616,0.99114054
51,0,14,516.9957,567.45575,0.97515225
51,0,15,518.4753,614.2226,0.96784514
51,0,16,520.37805,613.49915,0.93056214
51,1,0,538.23096,420.01413,0.075303875
51,1,1,539.60864,417.0948,0.060415056
51,1,2,540.17944,415.76636,0.03194391
51,1,3,538.88226,420.10413,0.70444614
51,1,4,554.4773,415.391,0.46431932
51,1,5,538.0182,441.18832,0.983346
51,1,6,561.646,434.35962,0.96697193
51,1,7,536.7677,470.11703,0.80255765
51,1,8,571.9358,462.8905,0.57797456
51,1,9,535.9256,489.34894,0.3862882
51,1,10,566.9859,484.73853,0.22453842
51,1,11,555.5028,489.15338,0.99254465
51,1,12,574.37366,486.6342,0.9896752
51,1,13,552.80475,525.4781,0.9787315
51,1,14,584.6371,520.7096,0.96935344
51,1,15,559.3963,556.8022,0.95462185
51,1,16,605.1472,548.258,0.9417064
52,0,0,489.30252,461.12225,0.030654926
52,0,1,490.50888,457.71887,0.04972236
52,0,2,491.27557,456.73328,0.010481185
52,0,3,493.2895,459.96594,0.82134527
52,0,4,510.64026,455.90076,0.32194853
52,0,5,494.86148,481.73752,0.98533845
52,0,6,526.82104,474.30804,0.96382815
52,0,7,489.37045,513.81055,0.89426166
52,0,8,540.5745,499.1532,0.5993684
52,0,9,481.10767,532.43243,0.56163657
52,0,10,531.7452,513.8042,0.27987403
52,0,11,515.5312,534.0959,0.98879075
52,0,12,536.0189,530.79877,0.9829563
52,0,13,507.60968,569.64294,0.9749829
52,0,14,526.6411,566.1676,0.9581341
52,0,15,517.6647,609.6831,0.9340813
52,0,16,533.20386,604.93414,0.90457207
52,1,0,527.7884,416.47882,0.03148817
52,1,1,528.571,413.34647,0.04727474
52,1,2,529.8222,412.5115,0.007665621
52,1,3,530.8639,414.90057,0.68410575
52,1,4,546.16113,411.79913,0.10854791
52,1,5,533.89813,434.81232,0.92062664
52,1,6,555.4549,429.49432,0.83623964
52,1,7,529.9609,464.393,0.69048464
52,1,8,557.5581,457.58102,0.28160992
52,1,9,525.5754,481.00674,0.3234294
52,1,10,551.7717,480.72424,0.121040665
52,1,11,548.8287,485.4593,0.94193137
52,1,12,563.6356,483.27872,0.9148938
52,1,13,549.53674,525.2708,0.8558119
52,1,14,565.0407,522.30945,0.78131276
52,1,15,550.7045,561.5597,0.74244183
52,1,16,567.3056,556.94055,0.6666648
53,0,0,505.37527,461.68042,0.022499833
53,0,1,506.7216,458.1362,0.03537026
53,0,2,507.21155,457.53836,0.009897073
53,0,3,507.3943,460.35928,0.8087388
53,0,4,525.2015,457.9607,0.42345518
53,0,5,505.19357,481.09436,0.9867619
53,0,6,538.29156,477.13303,0.97311294
53,0,7,494.03174,508.85553,0.90678763
53,0,8,549.693,502.13727,0.7071006
53,0,9,486.40704,518.53906,0.573001
53,0,10,542.1258,512.7331,0.34163955
53,0,11,518.6178,533.95746,0.9918333
53,0,12,539.08875,532.12476,0.9885007
53,0,13,520.0745,575.0931,0.97837263
53,0,14,535.29816,573.1194,0.96776074
53,0,15,526.18945,615.42395,0.9263131
53,0,16,534.8629,612.45374,0.9024951
54,0,0,505.28302,461.80136,0.021045348
54,0,1,506.71146,458.24707,0.033388402
54,0,2,507.0916,457.65613,0.009496786
54,0,3,507.3142,460.5064,0.8083723
54,0,4,525.28925,458.18158,0.43463415
54,0,5,504.85995,481.38007,0.9865101
54,0,6,538.4882,477.70218,0.97278994
54,0,7,493.70227,508.98492,0.90126073
54,0,8,549.65735,503.2268,0.69545275
54,0,9,486.33832,518.96906,0.5513676
54,0,10,541.8226,514.8919,0.3237592
54,0,11,518.107,535.1622,0.99162525
54,0,12,539.0745,533.4606,0.9882427
54,0,13,520.0863,575.962,0.97781134
54,0,14,535.93365,574.1161,0.96711475
54,0,15,526.37555,615.9206,0.92671764
54,0,16,535.9696,613.06256,0.90341127
55,0,0,517.5329,461.8947,0.046616927
55,0,1,518.1102,457.4829,0.04019814
55,0,2,519.6225,457.6654,0.01921006
55,0,3,514.9809,458.55676,0.6124991
55,0,4,532.9652,457.41544,0.40812442
55,0,5,511.02917,479.57242,0.99081975
55,0,6,542.7653,477.8179,0.87460196
55,0,7,498.698,505.0456,0.94164556
55,0,8,552.6286,501.7575,0.2213233
55,0,9,485.50647,517.36224,0.6543522
55,0,10,542.26044,511.0525,0.07201658
55,0,11,521.908,536.31744,0.9921664
55,0,12,541.3633,535.0516,0.96731055
55,0,13,520.6244,576.99005,0.97449094
55,0,14,532.4229,574.3655,0.8747596
55,0,15,530.14056,618.36615,0.92283237
55,0,16,532.2099,615.784,0.7563179
56,0,0,524.87177,459.3847,0.046207126
56,0,1,524.749,455.2666,0.028658178
56,0,2,526.23975,455.2096,0.021198
56,0,3,519.65393,456.76727,0.6592895
56,0,4,538.66235,455.49542,0.5637899
56,0,5,515.5577,478.9776,0.99096054
56,0,6,548.30835,475.72537,0.9798901
56,0,7,506.68692,505.3194,0.9030056
56,0,8,563.39923,506.00934,0.7276656
56,0,9,494.47806,520.188,0.55451983
56,0,10,571.80505,533.2076,0.3066444
56,0,11,527.32117,533.1099,0.99475205
56,0,12,547.9652,530.75085,0.9918494
56,0,13,528.39154,578.16455,0.97166044
56,0,14,548.2309,568.56525,0.95041114
56,0,15,538.3219,623.16846,0.88852245
56,0,16,550.7611,605.35004,0.8384464
57,0,0,488.38745,427.2782,0.17300881
57,0,1,488.87814,423.45947,0.28576127
57,0,2,490.4105,423.5373,0.0135301445
57,0,3,494.55243,423.85654,0.84546214
57,0,4,504.03894,423.6715,0.010413429
57,0,5,502.67163,442.7194,0.9379357
57,0,6,510.23093,441.4452,0.6918525
57,0,7,505.00107,472.75836,0.8361311
57,0,8,508.90652,469.3719,0.111692086
57,0,9,491.1178,489.6317,0.6209893
57,0,10,492.76004,485.01086,0.09030045
57,0,11,505.04663,493.8921,0.95930344
57,0,12,510.35562,492.5014,0.9037026
57,0,13,501.23123,534.5763,0.95235205
57,0,14,502.9968,533.5962,0.85912067
57,0,15,503.26035,575.94025,0.9100937
57,0,16,502.37177,573.297,0.8041721
58,0,0,536.07556,441.6788,0.043583244
58,0,1,536.10944,437.42288,0.030996231
58,0,2,538.60913,437.4306,0.018743146
58,0,3,533.43634,439.2694,0.62269306
58,0,4,555.1504,437.63702,0.44478506
58,0,5,530.7924,461.6734,0.9838328
58,0,6,566.2666,459.01212,0.95595276
58,0,7,519.6304,490.92145,0.86323965
58,0,8,578.96173,490.52417,0.5851371
58,0,9,516.31604,510.7834,0.45368037
58,0,10,578.37054,519.0584,0.20759465
58,0,11,544.7807,515.2498,0.987992
58,0,12,568.1652,513.33307,0.9802388
58,0,13,544.1073,559.2788,0.9382948
58,0,14,567.14874,554.4344,0.89417845
58,0,15,547.8968,605.80304,0.8021802
58,0,16,567.4958,598.4718,0.7218183
58,1,0,470.58856,437.3326,0.22377032
58,1,1,471.0776,433.27444,0.24997708
58,1,2,471.63483,433.03687,0.0394606
58,1,3,476.31842,433.14526,0.73007447
58,1,4,487.78268,431.21558,0.08354119
58,1,5,492.88474,451.14236,0.9701694
58,1,6,497.2904,449.3587,0.81593466
58,1,7,501.30698,479.0488,0.91291463
58,1,8,500.904,476.681,0.31761196
58,1,9,477.93466,487.75574,0.7843663
58,1,10,482.77972,487.73282,0.23006839
58,1,11,498.9229,507.12555,0.98254883
58,1,12,506.1112,505.56628,0.9513261
58,1,13,484.3677,545.33057,0.9628943
58,1,14,515.41693,547.4506,0.88486636
58,1,15,474.12946,589.0896,0.8964575
58,1,16,525.9691,592.74054,0.7757566
59,0,0,535.93695,441.94034,0.047520813
59,0,1,536.0862,437.74417,0.035001446
59,0,2,538.52844,437.7686,0.020082884
59,0,3,534.03394,439.55304,0.625503
59,0,4,555.2526,437.92892,0.42598516
59,0,5,531.54596,461.30103,0.98215425
59,0,6,566.80115,459.0616,0.9497743
59,0,7,520.6317,490.18506,0.85384077
59,0,8,578.91583,490.50696,0.55166996
59,0,9,517.3131,509.7705,0.4419596
59,0,10,577.737,519.20447,0.19212918
59,0,11,545.5659,514.86145,0.98594993
59,0,12,568.99866,513.2008,0.97647786
59,0,13,544.07104,557.95154,0.9301898
59,0,14,567.963,553.8811,0.8788796
59,0,15,547.5627,603.3929,0.7877485
59,0,16,568.4714,597.7971,0.70011723
59,1,0,470.46973,437.23343,0.232196
59,1,1,470.968,433.2022,0.26207286
59,1,2,471.43002,432.9535,0.040976968
59,1,3,476.05823,433.05182,0.74246824
59,1,4,487.42456,431.13455,0.08539675
59,1,5,492.82632,450.71408,0.97155666
59,1,6,496.96075,449.15424,0.81905204
59,1,7,501.80618,478.8024,0.9139058
59,1,8,500.4276,476.65433,0.31096187
59,1,9,478.1682,487.988,0.78445303
59,1,10,482.14734,487.8348,0.22472915
59,1,11,499.2424,506.83344,0.983306
59,1,12,506.51358,505.49194,0.95277745
59,1,13,484.36032,545.5665,0.96527386
59,1,14,516.87787,548.3714,0.8905531
59,1,15,473.5408,589.6481,0.90403837
59,1,16,528.0323,594.4881,0.78850126
60,0,0,536.7724,437.18176,0.033702143
60,0,1,537.5317,432.67322,0.021424752
60,0,2,539.3228,432.94952,0.013076402
60,0,3,537.7993,434.6915,0.6064086
60,0,4,558.0762,433.3279,0.4265549
60,0,5,533.92426,456.91003,0.98529816
60,0,6,569.4974,453.8966,0.96781945
60,0,7,518.47943,478.4386,0.86367655
60,0,8,581.56647,481.9091,0.6615041
60,0,9,516.11633,478.48828,0.49930432
60,0,10,584.79517,506.41168,0.28738973
60,0,11,547.50195,509.67224,0.99601066
60,0,12,571.51154,507.07263,0.9941585
60,0,13,545.7452,554.52655,0.98801917
60,0,14,576.1661,546.05133,0.98132974
60,0,15,548.15485,600.3162,0.9634163
60,0,16,580.791,584.49774,0.9506248
60,1,0,464.426,437.35852,0.23543279
60,1,1,465.16135,433.0276,0.23582277
60,1,2,465.85507,432.899,0.04387613
60,1,3,470.97803,433.75546,0.5986973
60,1,4,479.7469,432.14566,0.0598619
60,1,5,485.06097,453.95914,0.9544428
60,1,6,485.26697,452.37482,0.7943004
60,1,7,491.02985,480.7172,0.9261927
60,1,8,484.65048,480.25058,0.46524101
60,1,9,468.61002,497.06476,0.85788447
60,1,10,464.60056,495.82666,0.41423482
60,1,11,490.38947,508.83417,0.9747668
60,1,12,491.59323,506.818,0.9401827
60,1,13,482.01642,549.1026,0.9405379
60,1,14,490.16864,547.44434,0.84592444
60,1,15,473.75388,592.10876,0.8159503
60,1,16,486.938,588.98596,0.66785437
61,0,0,541.23615,432.7054,0.049878456
61,0,1,541.60925,428.08017,0.028119186
61,0,2,542.9477,428.33368,0.017362513
61,0,3,540.8196,430.12573,0.7024217
61,0,4,560.31323,428.98657,0.49198836
61,0,5,538.33356,454.92444,0.9919411
61,0,6,573.4244,451.079,0.99177843
61,0,7,532.8699,484.70795,0.9071603
61,0,8,587.6483,480.02222,0.9023355
61,0,9,535.42535,506.46228,0.62297726
61,0,10,594.94385,504.67438,0.6180134
61,0,11,551.92017,509.36816,0.9983436
61,0,12,576.07886,506.67822,0.9983911
61,0,13,548.1772,555.5876,0.99378985
61,0,14,577.0976,547.7733,0.9936767
61,0,15,550.3208,602.7052,0.97432095
61,0,16,580.6524,585.8471,0.9751243
61,1,0,454.81378,448.04626,0.3879352
61,1,1,455.42795,443.64755,0.45079088
61,1,2,455.19943,443.49045,0.072203174
61,1,3,463.70737,440.8774,0.70444494
61,1,4,467.9616,439.49786,0.04257891
61,1,5,481.4554,456.8305,0.95697755
61,1,6,476.03174,456.08972,0.73088926
61,1,7,488.76593,482.5717,0.9324984
61,1,8,477.75797,484.42865,0.34144184
61,1,9,466.21194,496.50775,0.8748286
61,1,10,461.3767,500.59387,0.33028662
61,1,11,486.0947,512.5268,0.9705076
61,1,12,482.9808,510.69794,0.91592467
61,1,13,477.73764,552.3166,0.9424426
61,1,14,476.26813,551.77826,0.818081
61,1,15,477.71893,595.2867,0.8420804
61,1,16,478.12622,592.95886,0.66811603
62,0,0,541.01086,433.23874,0.0607902
62,0,1,542.14795,428.54572,0.04322173
62,0,2,543.9343,428.60522,0.013963212
62,0,3,545.0025,430.90964,0.67476344
62,0,4,563.5542,428.8683,0.25849086
62,0,5,543.6773,454.76926,0.99252456
62,0,6,577.0863,450.89996,0.9602962
62,0,7,538.5072,485.3443,0.9648993
62,0,8,591.2661,479.8122,0.68579334
62,0,9,533.2551,514.6497,0.84471077
62,0,10,594.72723,507.63013,0.41979042
62,0,11,555.6033,506.23108,0.9979632
62,0,12,579.1555,503.25824,0.99508625
62,0,13,548.0471,553.6927,0.9943205
62,0,14,579.1158,545.5895,0.98397833
62,0,15,548.3377,601.3105,0.97749525
62,0,16,583.93207,583.71423,0.9524505
62,1,0,445.9054,451.40665,0.41811472
62,1,1,446.48087,447.10593,0.4934261
62,1,2,446.63535,447.3279,0.051728003
62,1,3,455.6014,444.75787,0.78725046
62,1,4,460.5611,444.44617,0.023223702
62,1,5,473.02072,462.06064,0.9768887
62,1,6,464.0206,459.7555,0.7692859
62,1,7,484.2951,481.51587,0.97095865
62,1,8,466.38617,483.68036,0.3939279
62,1,9,460.10004,489.6985,0.9481524
62,1,10,454.82654,498.77106,0.4414389
62,1,11,478.91702,513.67303,0.9914283
62,1,12,475.56036,511.46136,0.9693895
62,1,13,471.4575,555.8211,0.99041194
62,1,14,485.89328,552.0743,0.9585977
62,1,15,468.9782,604.3205,0.97480494
62,1,16,509.16833,581.3009,0.92788804
63,0,0,545.7773,432.85938,0.24886908
63,0,1,547.3214,428.5036,0.21220848
63,0,2,547.8937,428.6552,0.052829854
63,0,3,553.5716,428.52698,0.8517384
63,0,4,566.02106,427.0423,0.2511247
63,0,5,550.53516,449.23642,0.99146175
63,0,6,583.9217,446.43668,0.98566204
63,0,7,542.49146,477.56885,0.93443596
63,0,8,596.59467,475.4697,0.85121214
63,0,9,537.4146,499.17102,0.7870042
63,0,10,602.80054,502.578,0.6353238
63,0,11,561.483,502.94525,0.9971432
63,0,12,584.43976,500.8991,0.9963606
63,0,13,555.64404,545.6751,0.99212754
63,0,14,584.73175,540.8741,0.98897713
63,0,15,558.25635,591.20404,0.9718193
63,0,16,586.5282,579.29626,0.9656466
63,1,0,435.00818,464.71155,0.41826275
63,1,1,435.7281,460.56506,0.43126526
63,1,2,434.09814,460.87756,0.07833576
63,1,3,443.58853,455.54526,0.6948548
63,1,4,441.32617,456.06805,0.043821596
63,1,5,464.35803,467.80502,0.9708011
63,1,6,444.83377,470.26056,0.87985295
63,1,7,484.48367,488.41748,0.96456194
63,1,8,447.32733,495.54242,0.7145137
63,1,9,479.29294,515.7604,0.93984604
63,1,10,441.0729,512.4865,0.69904864
63,1,11,472.62457,519.18585,0.9875168
63,1,12,461.92245,519.145,0.9734774
63,1,13,455.32657,556.8083,0.9704527
63,1,14,457.35672,556.07996,0.9285205
63,1,15,458.11798,604.2578,0.88733345
63,1,16,470.65665,591.743,0.8003331
64,0,0,545.9307,432.68375,0.24090879
64,0,1,547.49585,428.34573,0.19948438
64,0,2,548.18787,428.51843,0.052396514
64,0,3,553.5468,428.43887,0.8420804
64,0,4,566.20087,427.0102,0.26123226
64,0,5,550.31714,449.07593,0.9914971
64,0,6,583.7651,446.44925,0.9863192
64,0,7,542.50806,477.46567,0.93624675
64,0,8,596.0754,474.73358,0.8636279
64,0,9,537.2275,499.20624,0.792549
64,0,10,602.45636,500.34247,0.6574822
64,0,11,560.818,502.16406,0.9972107
64,0,12,583.8715,500.30713,0.99653375
64,0,13,555.1027,544.0933,0.9921095
64,0,14,584.5213,540.1061,0.98930323
64,0,15,557.3389,589.2805,0.97121364
64,0,16,586.05237,579.468,0.9656016
64,1,0,434.99207,464.6659,0.4080399
64,1,1,435.74524,460.5017,0.42201266
64,1,2,434.17273,460.84653,0.0789374
64,1,3,443.5504,455.5399,0.6832042
64,1,4,441.34155,456.13638,0.045463823
64,1,5,464.11267,467.48026,0.9692751
64,1,6,445.00885,470.4269,0.8723008
64,1,7,484.2813,488.42224,0.96249014
64,1,8,447.51843,495.4781,0.6988558
64,1,9,479.3227,515.74603,0.93599916
64,1,10,441.24484,512.5932,0.6828064
64,1,11,472.376,519.0804,0.986635
64,1,12,461.6828,519.5042,0.9714835
64,1,13,456.10654,556.4135,0.96934605
64,1,14,456.06332,557.6639,0.9258899
64,1,15,458.49207,603.5929,0.8876371
64,1,16,468.08026,595.58057,0.7993077
65,0,0,430.41898,467.47845,0.7295916
65,0,1,431.6603,462.6115,0.7530251
65,0,2,426.9223,464.46255,0.27807686
65,0,3,439.29657,455.97995,0.7463593
65,0,4,427.56653,461.42786,0.052634027
65,0,5,456.7895,466.605,0.982811
65,0,6,436.95676,472.2368,0.9426948
65,0,7,477.52518,491.7417,0.9606035
65,0,8,438.61032,497.95508,0.72106063
65,0,9,477.0384,515.72974,0.931067
65,0,10,430.7125,517.06744,0.71340305
65,0,11,463.68103,517.07733,0.9929495
65,0,12,452.06427,518.80164,0.98752403
65,0,13,456.64917,558.00385,0.9862177
65,0,14,453.46362,559.19006,0.972983
65,0,15,459.26257,599.6478,0.9556433
65,0,16,460.46094,599.5552,0.92710435
65,1,0,548.4809,436.2483,0.56388503
65,1,1,550.4305,431.52182,0.6915343
65,1,2,549.00366,431.49988,0.1078231
65,1,3,559.91675,429.4178,0.9709565
65,1,4,566.4783,428.6012,0.16815554
65,1,5,557.48334,448.695,0.99505687
65,1,6,584.9804,445.7706,0.97742385
65,1,7,547.0206,481.96863,0.94286734
65,1,8,596.78564,472.14563,0.45935437
65,1,9,541.7395,506.02283,0.7703903
65,1,10,581.96936,485.17242,0.27000603
65,1,11,567.52386,501.4831,0.99046445
65,1,12,586.1938,500.37524,0.98036444
65,1,13,563.22095,543.5048,0.9725281
65,1,14,586.6624,543.7631,0.9339443
65,1,15,566.27625,585.92554,0.91679835
65,1,16,582.7597,584.69385,0.8462617
66,0,0,547.46466,424.2466,0.30073032
66,0,1,549.1868,419.5899,0.32772675
66,0,2,549.6593,419.9239,0.064544044
66,0,3,556.7469,421.3023,0.8854989
66,0,4,568.5232,420.2377,0.19669184
66,0,5,556.3665,443.31696,0.99086916
66,0,6,585.7436,442.48505,0.95969933
66,0,7,550.30096,469.68127,0.91562045
66,0,8,598.58777,472.5341,0.5213672
66,0,9,544.5003,480.36554,0.6961865
66,0,10,597.89044,497.94507,0.2734574
66,0,11,568.2855,497.5522,0.9945897
66,0,12,588.0106,496.40314,0.9889843
66,0,13,563.10736,542.22015,0.9887293
66,0,14,584.965,542.02783,0.9749883
66,0,15,562.9111,588.0353,0.96952844
66,0,16,584.9827,583.9307,0.946387
66,1,0,417.43704,466.59058,0.5920088
66,1,1,419.12396,461.9179,0.65418696
66,1,2,415.19043,463.64746,0.19239277
66,1,3,428.10858,458.2532,0.6986676
66,1,4,418.31757,463.34674,0.041307796
66,1,5,447.8567,470.0961,0.97356707
66,1,6,426.88242,477.37396,0.90674114
66,1,7,470.7428,491.8142,0.9524847
66,1,8,427.10995,503.01978,0.659208
66,1,9,469.29074,512.05725,0.9233755
66,1,10,418.87115,520.07697,0.67311597
66,1,11,458.16522,515.4726,0.991122
66,1,12,446.08368,517.8337,0.983888
66,1,13,450.74878,556.94244,0.9878791
66,1,14,447.79736,558.95776,0.97542906
66,1,15,454.36563,602.2617,0.96321315
66,1,16,456.9949,603.60315,0.93744326
67,0,0,409.0196,473.25015,0.52506745
67,0,1,410.27408,469.1641,0.5757918
67,0,2,406.99722,471.02002,0.19060282
67,0,3,419.26987,463.72568,0.57150304
67,0,4,408.91962,469.02838,0.04253635
67,0,5,441.63168,471.42664,0.95620024
67,0,6,413.97168,479.6241,0.86595345
67,0,7,463.54794,488.05658,0.9335877
67,0,8,416.9578,502.2834,0.6344618
67,0,9,459.3494,506.3656,0.9009691
67,0,10,412.4309,516.84766,0.6496981
67,0,11,450.12268,519.903,0.9884748
67,0,12,432.20477,522.5636,0.98026854
67,0,13,451.04166,560.8711,0.9837606
67,0,14,428.7291,563.4406,0.9698584
67,0,15,454.15912,601.09503,0.9595242
67,0,16,435.60623,603.3175,0.9353999
67,1,0,549.8769,425.79074,0.033452827
67,1,1,550.9076,422.1636,0.058960304
67,1,2,552.5882,421.65366,0.005733301
67,1,3,557.8004,422.9022,0.8654193
67,1,4,574.07336,420.58618,0.11790732
67,1,5,559.9439,442.36328,0.9847506
67,1,6,589.47144,439.02277,0.95074224
67,1,7,555.4542,470.87766,0.9139533
67,1,8,602.0083,468.0737,0.5134918
67,1,9,550.0094,486.63568,0.62214494
67,1,10,595.6309,486.53336,0.24019185
67,1,11,569.8501,495.1413,0.9909373
67,1,12,589.63605,493.19666,0.9841137
67,1,13,565.6006,536.6408,0.9733055
67,1,14,587.0174,534.9909,0.9477138
67,1,15,563.50635,579.4809,0.9220367
67,1,16,582.95276,576.48096,0.8763404
68,0,0,553.14935,426.79355,0.3090527
68,0,1,554.18427,422.56006,0.45027927
68,0,2,553.4501,422.57434,0.042982023
68,0,3,561.8398,420.57617,0.91328114
68,0,4,568.4812,419.91336,0.05922022
68,0,5,567.5175,439.21695,0.9748921
68,0,6,585.6648,435.23096,0.8838547
68,0,7,563.41254,469.06107,0.84874475
68,0,8,598.2556,458.98315,0.2054761
68,0,9,555.30383,489.96344,0.5907636
68,0,10,586.0972,476.59943,0.13051243
68,0,11,579.68994,495.65234,0.97079766
68,0,12,590.9275,493.48938,0.9394351
68,0,13,576.74994,537.8958,0.9470809
68,0,14,586.2357,535.8107,0.87427133
68,0,15,581.5089,581.3121,0.89118993
68,0,16,584.0463,577.4614,0.8000964
68,1,0,394.50574,477.66953,0.15424311
68,1,1,394.7823,473.0154,0.1384607
68,1,2,394.14737,475.0489,0.03756591
68,1,3,402.48468,468.5897,0.4699215
68,1,4,401.04904,473.56256,0.07402551
68,1,5,430.80304,477.51447,0.96637917
68,1,6,403.81857,489.83862,0.86827844
68,1,7,455.72864,488.79022,0.95230025
68,1,8,404.21936,513.5415,0.68374217
68,1,9,449.07397,508.25415,0.89723396
68,1,10,399.3123,522.90125,0.5963084
68,1,11,443.16565,528.4854,0.99293584
68,1,12,423.56668,532.33875,0.98535615
68,1,13,444.62866,564.6702,0.9832077
68,1,14,409.90427,564.8373,0.9612227
68,1,15,452.62402,604.5253,0.9416338
68,1,16,408.03302,608.18964,0.8939744
69,0,0,553.0521,426.3633,0.27471447
69,0,1,554.1144,422.30707,0.40879145
69,0,2,553.5127,422.14108,0.04103509
69,0,3,561.55457,420.64127,0.9166479
69,0,4,569.17114,419.50552,0.07928473
69,0,5,566.5195,439.29214,0.9780637
69,0,6,586.4601,434.86755,0.9045996
69,0,7,561.92145,467.76077,0.8497697
69,0,8,600.1994,457.96902,0.23352388
69,0,9,554.73505,485.6993,0.57071954
69,0,10,589.2291,474.4805,0.1352805
69,0,11,578.8992,495.0011,0.9737496
69,0,12,591.33734,492.7063,0.9474752
69,0,13,576.5414,537.25775,0.94909024
69,0,14,587.38104,534.95667,0.88426286
69,0,15,581.044,581.38525,0.8932936
69,0,16,585.1435,577.29706,0.81001383
69,1,0,393.83673,476.13956,0.08656576
69,1,1,393.7822,472.019,0.07830393
69,1,2,394.19162,471.16614,0.021080816
69,1,3,398.45404,468.94864,0.5642885
69,1,4,412.39615,464.87164,0.13260081
69,1,5,410.07758,483.84998,0.95677453
69,1,6,432.11102,475.67175,0.8565383
69,1,7,409.6159,506.91956,0.8571424
69,1,8,456.259,490.96246,0.46015933
69,1,9,400.03323,522.85785,0.6286032
69,1,10,449.2369,507.10535,0.28717446
69,1,11,427.50244,531.1241,0.987352
69,1,12,444.32477,526.9057,0.9771106
69,1,13,413.66663,567.7808,0.97549826
69,1,14,443.2924,565.02747,0.9527903
69,1,15,406.1992,608.2677,0.94428545
69,1,16,452.45554,608.67706,0.9107082
70,0,0,554.042,427.5367,0.30407122
70,0,1,555.3062,422.68414,0.41870797
70,0,2,554.69745,422.3696,0.0735088
70,0,3,564.15173,419.72488,0.8204408
70,0,4,572.4261,417.03668,0.09684423
70,0,5,569.2792,437.0069,0.9449905
70,0,6,589.5683,433.2549,0.712527
70,0,7,560.3788,462.02417,0.6771744
70,0,8,590.8594,458.69153,0.09758146
70,0,9,552.68445,468.18677,0.33039543
70,0,10,570.7912,470.06183,0.0471116
70,0,11,577.94293,493.32098,0.9348773
70,0,12,592.1401,490.5697,0.8473884
70,0,13,572.85114,535.93445,0.8975822
70,0,14,585.1484,535.19403,0.746069
70,0,15,573.72034,582.6512,0.8424011
70,0,16,586.40155,581.81323,0.69968075
70,1,0,389.0814,478.47162,0.11997544
70,1,1,389.89264,473.70004,0.1128038
70,1,2,389.31058,474.19736,0.037770804
70,1,3,396.0789,469.90222,0.4561665
70,1,4,398.84674,470.4664,0.10771636
70,1,5,416.78137,480.6729,0.9412947
70,1,6,403.22452,486.6244,0.8254381
70,1,7,442.74603,495.7516,0.86119545
70,1,8,396.79227,511.47992,0.49181274
70,1,9,437.3356,515.4777,0.6953338
70,1,10,393.07834,532.32,0.34400597
70,1,11,435.4361,525.56445,0.9810906
70,1,12,426.90964,527.5259,0.96620005
70,1,13,431.89554,565.6993,0.96106535
70,1,14,415.0021,565.5581,0.9228571
70,1,15,443.46146,603.9814,0.90159583
70,1,16,415.71582,608.2972,0.8405589
71,0,0,554.51105,424.87204,0.2681869
71,0,1,555.26855,420.33142,0.36927414
71,0,2,555.56885,419.99597,0.06005869
71,0,3,563.2187,417.27078,0.8264208
71,0,4,574.2381,414.5237,0.100964315
71,0,5,568.8386,432.49655,0.959628
71,0,6,589.55,428.91492,0.7557216
71,0,7,556.1063,453.77695,0.7494415
71,0,8,582.61334,451.1261,0.11641203
71,0,9,551.1315,462.31088,0.39219603
71,0,10,561.95807,461.08963,0.054598022
71,0,11,580.92883,488.40063,0.9589063
71,0,12,595.21783,485.82086,0.89433223
71,0,13,580.3766,531.2822,0.92857087
71,0,14,590.3653,529.55884,0.80225885
71,0,15,585.5945,575.2897,0.8753877
71,0,16,593.29193,573.42084,0.74347514
72,0,0,553.8873,418.18192,0.3029551
72,0,1,555.24603,414.3381,0.4260515
72,0,2,555.03015,413.83313,0.037385307
72,0,3,562.3047,413.33224,0.92678255
72,0,4,574.5633,411.28256,0.081282936
72,0,5,565.4263,431.34177,0.97976
72,0,6,591.17584,426.86514,0.915035
72,0,7,557.34155,461.02542,0.8856121
72,0,8,590.3065,453.96793,0.28241572
72,0,9,550.1284,470.3141,0.6342741
72,0,10,565.27905,464.62766,0.16607016
72,0,11,580.4608,484.78394,0.95947057
72,0,12,598.602,482.32166,0.9213752
72,0,13,568.89905,519.5019,0.8758686
72,0,14,588.56525,517.42474,0.73074144
72,0,15,572.043,559.51263,0.6797079
72,0,16,588.2826,555.60815,0.5098286
73,0,0,555.0045,413.02393,0.1435039
73,0,1,556.2677,409.01666,0.14545852
73,0,2,556.97314,408.9264,0.03957201
73,0,3,560.66315,409.57013,0.7996754
73,0,4,575.37964,407.30865,0.2823367
73,0,5,561.7407,428.84882,0.9844594
73,0,6,592.29144,424.76706,0.9331826
73,0,7,558.2063,456.98022,0.8468789
73,0,8,605.48883,452.6709,0.3686929
73,0,9,549.93,472.2321,0.47395417
73,0,10,602.637,478.93185,0.13856915
73,0,11,577.61676,479.93524,0.98789495
73,0,12,599.9848,477.45407,0.97538537
73,0,13,568.2253,515.6711,0.9659187
73,0,14,601.78217,512.1122,0.9261462
73,0,15,569.6688,553.4954,0.92199975
73,0,16,608.92645,548.3083,0.86565375
73,1,0,375.51624,494.34406,0.60947126
73,1,1,376.98315,490.26862,0.49395818
73,1,2,372.12637,491.99396,0.34507167
73,1,3,382.26187,487.6714,0.48366237
73,1,4,369.19052,492.40057,0.2632558
73,1,5,399.2559,496.4756,0.9728272
73,1,6,370.26422,510.10767,0.9061607
73,1,7,426.85553,508.53387,0.94779915
73,1,8,371.23682,539.2545,0.71677136
73,1,9,411.19116,522.56146,0.9062329
73,1,10,372.68405,560.44904,0.6464554
73,1,11,403.65085,552.2947,0.97332346
73,1,12,384.5604,557.3361,0.94779664
73,1,13,395.0079,590.13245,0.9009965
73,1,14,372.0956,594.0031,0.7961673
73,1,15,394.57193,629.6415,0.68493164
73,1,16,371.00958,628.74207,0.53059185
74,0,0,554.94666,412.9622,0.15288712
74,0,1,556.243,408.96674,0.16031483
74,0,2,556.9098,408.88492,0.0409957
74,0,3,560.7308,409.51852,0.8140844
74,0,4,575.3141,407.28674,0.27488506
74,0,5,561.9291,428.68915,0.98544365
74,0,6,592.2699,424.6781,0.9299783
74,0,7,558.13556,456.50565,0.85468775
74,0,8,605.21014,452.22458,0.34225515
74,0,9,549.83655,471.06458,0.4850934
74,0,10,600.8584,477.64825,0.12736751
74,0,11,577.84186,479.77316,0.9881457
74,0,12,600.1149,477.32254,0.97438496
74,0,13,567.97534,515.41364,0.9673761
74,0,14,601.6473,512.06854,0.92428184
74,0,15,569.3059,553.3442,0.9258007
74,0,16,608.93317,548.2313,0.86535996
74,1,0,375.38034,494.36487,0.60108715
74,1,1,376.87103,490.2956,0.4874564
74,1,2,372.03854,491.9668,0.3356398
74,1,3,382.1524,487.6842,0.4843964
74,1,4,369.16095,492.28204,0.25775343
74,1,5,399.07205,496.50342,0.9726139
74,1,6,370.12622,509.95746,0.90526617
74,1,7,426.7192,508.57196,0.9480546
74,1,8,371.09573,539.05396,0.7167025
74,1,9,411.1924,522.49854,0.90635145
74,1,10,372.3133,560.8124,0.6454482
74,1,11,403.60217,552.37683,0.9734036
74,1,12,384.48956,557.3752,0.947904
74,1,13,395.1088,590.43005,0.9005241
74,1,14,371.71655,594.36566,0.7950017
74,1,15,394.85315,630.1846,0.68241
74,1,16,370.69458,629.2505,0.5273448
75,0,0,557.7236,413.34497,0.11120345
75,0,1,559.4048,409.074,0.12827486
75,0,2,559.2231,408.60672,0.031839512
75,0,3,564.2423,408.54996,0.78337467
75,0,4,577.4531,405.3004,0.24440466
75,0,5,566.40295,426.01102,0.9795297
75,0,6,594.6863,419.66806,0.8983312
75,0,7,560.7766,443.02765,0.77233297
75,0,8,591.34143,427.87708,0.21124516
75,0,9,558.527,421.69568,0.34034178
75,0,10,569.07635,416.2752,0.06939114
75,0,11,580.5806,475.2783,0.9917293
75,0,12,603.2479,472.14166,0.98163706
75,0,13,566.8796,510.45197,0.98834234
75,0,14,604.76825,509.49994,0.97092944
75,0,15,564.9169,547.4819,0.9813105
75,0,16,611.63196,549.9512,0.96260655
76,0,0,558.12476,410.18982,0.14005521
76,0,1,560.0982,405.81744,0.1729323
76,0,2,559.8429,405.20547,0.027694412
76,0,3,565.86536,405.06863,0.84604645
76,0,4,578.1277,401.67737,0.17980771
76,0,5,569.166,422.90564,0.9898622
76,0,6,594.1732,417.66025,0.9038942
76,0,7,563.19995,447.533,0.897264
76,0,8,588.6185,434.00378,0.20343927
76,0,9,550.98267,457.27606,0.561253
76,0,10,566.9957,438.51694,0.077920265
76,0,11,582.2798,472.20093,0.99648076
76,0,12,603.85956,469.51038,0.98884296
76,0,13,568.61536,510.08258,0.99499714
76,0,14,610.8132,509.1693,0.98136085
76,0,15,565.11035,549.71155,0.9903369
76,0,16,621.82336,549.33386,0.9737976
77,0,0,562.79645,405.3769,0.10079269
77,0,1,564.02295,401.0759,0.08538646
77,0,2,563.9015,400.7265,0.018059013
77,0,3,570.31055,401.46228,0.6131925
77,0,4,580.5022,399.47812,0.09389141
77,0,5,579.0623,418.23047,0.9787088
77,0,6,588.82025,418.84402,0.9191755
77,0,7,572.41394,428.4368,0.93607175
77,0,8,570.09436,443.19876,0.62118065
77,0,9,563.88165,413.29205,0.81543815
77,0,10,554.9232,458.2024,0.45148143
77,0,11,589.7619,468.3798,0.9966454
77,0,12,601.75085,467.4778,0.99349374
77,0,13,575.3843,505.45166,0.9937503
77,0,14,609.343,505.70972,0.9863993
77,0,15,565.49677,539.27734,0.9807308
77,0,16,622.9266,538.5961,0.96621746
78,0,0,566.4052,402.5874,0.34037954
78,0,1,568.13153,398.68802,0.41386884
78,0,2,567.99176,398.58682,0.05667301
78,0,3,575.68994,398.5004,0.9266626
78,0,4,586.2216,396.3527,0.1704888
78,0,5,578.5473,417.1275,0.9959733
78,0,6,604.31537,412.7956,0.94745463
78,0,7,571.6571,442.6315,0.967947
78,0,8,617.4062,437.29318,0.35726798
78,0,9,557.5218,453.10507,0.8374579
78,0,10,607.5642,459.26562,0.17782861
78,0,11,590.16394,467.66415,0.9973847
78,0,12,610.0471,465.02197,0.99013233
78,0,13,577.7511,503.55743,0.9945135
78,0,14,612.9673,500.7359,0.9747045
78,0,15,576.20636,544.5001,0.98456395
78,0,16,623.84607,533.9133,0.952384
79,0,0,567.29205,402.7157,0.25725186
79,0,1,568.7995,398.71906,0.2987045
79,0,2,568.8491,398.66858,0.044790193
79,0,3,575.5853,398.3899,0.90640616
79,0,4,587.34625,396.3213,0.19768314
79,0,5,578.3294,417.29,0.99531376
79,0,6,605.13495,412.972,0.9528755
79,0,7,571.50146,443.42004,0.9593728
79,0,8,618.8509,439.3115,0.3951646
79,0,9,558.1269,452.3855,0.7948215
79,0,10,611.96545,462.95425,0.18345214
79,0,11,589.7925,468.13678,0.9974153
79,0,12,610.2448,465.36996,0.991514
79,0,13,577.815,504.5279,0.994439
79,0,14,613.3805,500.8382,0.97800213
79,0,15,576.83875,546.3112,0.9844663
79,0,16,623.73346,534.30133,0.9573879
80,0,0,569.9549,400.75842,0.39481145
80,0,1,571.94745,396.86133,0.4310038
80,0,2,572.0829,397.0545,0.06340203
80,0,3,579.5268,397.48016,0.93550885
80,0,4,589.8262,396.1724,0.18363515
80,0,5,580.1845,417.24542,0.99701655
80,0,6,608.30457,414.14563,0.97767025
80,0,7,574.82904,443.42096,0.97816193
80,0,8,622.97217,440.11575,0.65485024
80,0,9,559.9423,453.99176,0.9015198
80,0,10,617.6901,458.9782,0.4201933
80,0,11,592.905,468.3243,0.9983518
80,0,12,614.07837,465.90378,0.99539846
80,0,13,576.0326,504.17273,0.99593097
80,0,14,614.9945,499.33136,0.9861719
80,0,15,576.0741,549.1975,0.9850279
80,0,16,624.5734,533.5746,0.9640262
81,0,0,572.63257,401.4858,0.3552168
81,0,1,574.26984,397.63937,0.38822287
81,0,2,574.2933,397.26047,0.06827182
81,0,3,580.6901,397.88184,0.8818343
81,0,4,591.1286,395.36707,0.1620684
81,0,5,583.05554,416.7333,0.9925035
81,0,6,609.72217,413.7257,0.95475477
81,0,7,578.6127,442.5643,0.9662987
81,0,8,623.7115,441.62558,0.6172156
81,0,9,562.8168,453.36383,0.88560385
81,0,10,615.3117,459.2683,0.43142897
81,0,11,596.22284,467.96982,0.99526405
81,0,12,616.33026,465.25055,0.9879822
81,0,13,577.09564,501.03394,0.989129
81,0,14,614.31274,495.36084,0.96696156
81,0,15,578.02435,547.9015,0.9655048
81,0,16,622.2202,533.5314,0.92519635
82,0,0,574.40576,402.7823,0.36805782
82,0,1,576.36646,398.91458,0.41132268
82,0,2,576.3144,398.92197,0.060833905
82,0,3,583.35565,398.76678,0.914906
82,0,4,593.1685,397.07263,0.16125175
82,0,5,585.40826,417.58466,0.99565214
82,0,6,611.4507,414.23392,0.9643898
82,0,7,583.92755,444.61145,0.973545
82,0,8,625.209,440.69986,0.56405324
82,0,9,566.33105,453.322,0.8898863
82,0,10,610.7986,455.72226,0.35361817
82,0,11,597.52325,468.4698,0.9975897
82,0,12,617.5796,465.91937,0.992837
82,0,13,577.6533,501.1394,0.99497765
82,0,14,614.8223,496.54034,0.98129237
82,0,15,578.81305,545.5735,0.9837985
82,0,16,624.32025,531.45447,0.95798445
82,1,0,355.22586,516.8105,0.29264137
82,1,1,356.68402,512.91626,0.33917814
82,1,2,356.37387,512.13525,0.06347431
82,1,3,361.26297,512.0835,0.7450435
82,1,4,369.4006,508.52734,0.10884244
82,1,5,369.70526,524.58813,0.9786709
82,1,6,380.02145,520.79517,0.79655105
82,1,7,368.93808,553.029,0.9380681
82,1,8,380.17313,546.807,0.25445476
82,1,9,358.45584,563.5355,0.8267578
82,1,10,364.64304,558.6647,0.18901424
82,1,11,395.8165,561.0877,0.98217106
82,1,12,404.03638,559.14166,0.93855864
82,1,13,361.76016,594.4778,0.9747712
82,1,14,376.3641,595.2094,0.88650525
82,1,15,362.94144,636.1659,0.93976694
82,1,16,383.50366,635.5507,0.8200469
83,0,0,579.0827,400.02466,0.43815506
83,0,1,581.10443,396.2487,0.4874593
83,0,2,580.322,395.67508,0.093808345
83,0,3,588.3845,396.00824,0.89446676
83,0,4,595.8579,393.10794,0.15598243
83,0,5,589.3855,413.7806,0.9925132
83,0,6,613.8142,409.30777,0.9467248
83,0,7,584.179,440.86765,0.96342266
83,0,8,626.6257,433.13174,0.556967
83,0,9,569.14124,452.4654,0.8810285
83,0,10,621.64307,450.917,0.4132707
83,0,11,600.4533,463.99045,0.99464464
83,0,12,618.7639,461.41693,0.98618233
83,0,13,579.72943,495.2746,0.9902762
83,0,14,615.99854,496.78387,0.9715675
83,0,15,581.78174,537.1304,0.97471637
83,0,16,626.4764,536.3813,0.9445034
84,0,0,579.0987,399.96118,0.43987122
84,0,1,581.1224,396.21167,0.48750785
84,0,2,580.3097,395.62305,0.09384921
84,0,3,588.4168,396.00864,0.89389706
84,0,4,595.72424,393.08264,0.15420474
84,0,5,589.33936,413.90527,0.992516
84,0,6,613.6479,409.13904,0.9477139
84,0,7,584.14404,440.94168,0.9638874
84,0,8,626.7197,432.81476,0.5675226
84,0,9,569.23065,452.2725,0.8834907
84,0,10,622.5255,450.8081,0.42436406
84,0,11,600.4433,464.19366,0.9947466
84,0,12,618.6017,461.45453,0.98656696
84,0,13,580.10266,495.53473,0.990406
84,0,14,616.0942,496.45972,0.97222555
84,0,15,582.4673,537.713,0.9748035
84,0,16,626.6321,535.78973,0.94523275
85,0,0,579.66974,396.85745,0.36307964
85,0,1,581.4899,393.40094,0.4227356
85,0,2,581.39734,393.20065,0.060919277
85,0,3,588.443,393.17465,0.9199085
85,0,4,597.6869,391.15332,0.14982696
85,0,5,589.79224,410.7543,0.99417615
85,0,6,616.1444,407.0556,0.9580058
85,0,7,584.9807,437.79626,0.9580594
85,0,8,630.4724,430.99832,0.49321705
85,0,9,570.8407,451.33383,0.82604206
85,0,10,624.3032,450.72797,0.2700718
85,0,11,599.2335,463.20837,0.99663866
85,0,12,618.949,461.18048,0.9906579
85,0,13,581.08655,495.7931,0.9929806
85,0,14,616.88086,496.03754,0.9758671
85,0,15,582.1223,539.1819,0.9801767
85,0,16,624.98987,532.2676,0.95097136
86,0,0,577.9604,392.0943,0.25094518
86,0,1,579.39764,388.24417,0.24344443
86,0,2,579.7833,388.0855,0.0449132
86,0,3,584.68567,388.84296,0.8860539
86,0,4,597.00397,386.6909,0.22225274
86,0,5,585.02734,408.45062,0.99647504
86,0,6,614.29297,403.90274,0.9755341
86,0,7,582.571,436.19705,0.97466326
86,0,8,629.59314,428.9901,0.6759974
86,0,9,570.1275,451.67047,0.8767413
86,0,10,630.372,447.0007,0.43023098
86,0,11,597.612,459.05908,0.9983298
86,0,12,619.053,455.99655,0.99572986
86,0,13,581.33673,492.97162,0.9957813
86,0,14,617.84106,489.89343,0.98777753
86,0,15,578.50714,536.50525,0.9845234
86,0,16,622.24915,526.63367,0.9663803
87,0,0,578.8404,390.32947,0.13553648
87,0,1,580.003,386.5252,0.10976487
87,0,2,580.91003,386.0613,0.03701697
87,0,3,582.9188,387.55698,0.7714318
87,0,4,597.95905,384.74155,0.3253282
87,0,5,584.062,406.38254,0.98995334
87,0,6,613.58264,403.4573,0.97607034
87,0,7,582.2943,431.12183,0.9244162
87,0,8,629.4192,428.84613,0.75688976
87,0,9,576.6804,438.7126,0.7316575
87,0,10,631.4534,446.05356,0.47205234
87,0,11,595.275,455.74292,0.996784
87,0,12,617.2904,453.83215,0.9950696
87,0,13,582.09674,490.02887,0.9913878
87,0,14,619.79987,487.8807,0.9853389
87,0,15,574.87714,527.96234,0.9734274
87,0,16,621.8111,524.31555,0.9616927
88,0,0,578.59955,390.49213,0.15168911
88,0,1,580.30756,386.92264,0.12765528
88,0,2,580.8049,386.39996,0.03840283
88,0,3,583.23615,388.04852,0.8413258
88,0,4,597.90845,385.30716,0.3578618
88,0,5,584.20337,407.1014,0.9913191
88,0,6,613.83545,404.8317,0.983404
88,0,7,581.60614,434.91318,0.90739584
88,0,8,630.177,428.90997,0.7735387
88,0,9,577.6189,441.65656,0.65318245
88,0,10,631.39746,446.28796,0.45356077
88,0,11,594.13116,455.88345,0.995634
88,0,12,617.4773,455.7312,0.9942768
88,0,13,577.0874,484.56,0.9848851
88,0,14,623.66956,492.26575,0.9789032
88,0,15,572.13715,514.92645,0.9556154
88,0,16,635.1257,528.92975,0.94300747
89,0,0,578.11334,390.372,0.14018328
89,0,1,579.7962,386.40295,0.11709412
89,0,2,580.3102,386.05215,0.03599081
89,0,3,583.33295,387.59888,0.8295917
89,0,4,598.14465,385.0849,0.34814268
89,0,5,584.00684,407.70395,0.9916277
89,0,6,613.82166,404.80106,0.97922814
89,0,7,581.99786,435.39145,0.90296453
89,0,8,629.74805,429.82553,0.7098018
89,0,9,576.58655,442.1533,0.6225504
89,0,10,630.4375,447.14932,0.38570917
89,0,11,594.6465,456.45688,0.9959116
89,0,12,617.98663,455.09238,0.99415886
89,0,13,575.77734,486.61768,0.9875026
89,0,14,623.3849,490.80548,0.981807
89,0,15,568.23456,519.8777,0.9638165
89,0,16,633.9759,527.8095,0.9523063
90,0,0,577.3187,388.9512,0.020868981
90,0,1,578.2033,385.58563,0.026668854
90,0,2,580.1296,384.9841,0.0084595345
90,0,3,581.4344,388.1887,0.7563754
90,0,4,599.8384,385.31696,0.40669057
90,0,5,582.6479,409.40387,0.9845014
90,0,6,613.12537,405.4797,0.9703259
90,0,7,580.5087,435.45535,0.89063096
90,0,8,625.6825,432.46246,0.7282342
90,0,9,577.2332,441.42453,0.5025241
90,0,10,623.2287,444.5779,0.33104822
90,0,11,594.45593,457.6508,0.9716405
90,0,12,616.1571,455.4338,0.96266145
90,0,13,583.3866,493.34082,0.72994566
90,0,14,617.58234,490.8689,0.66140115
90,0,15,582.7591,523.0392,0.3645241
90,0,16,623.163,519.8901,0.31320825
91,0,0,579.9271,396.3606,0.07772909
91,0,1,581.52844,392.33054,0.05755495
91,0,2,582.3022,392.07385,0.02855202
91,0,3,584.3178,393.53107,0.6528913
91,0,4,600.4294,391.08456,0.35224348
91,0,5,583.6772,414.66153,0.9647514
91,0,6,615.7642,410.51233,0.95005095
91,0,7,579.7445,445.3831,0.7096333
91,0,8,627.66516,436.7994,0.6047673
91,0,9,577.0582,461.8711,0.31565446
91,0,10,625.3987,456.78442,0.26819757
91,0,11,592.1962,464.63644,0.9730373
91,0,12,617.72174,462.1755,0.971226
91,0,13,576.85443,497.71527,0.88075286
91,0,14,628.1216,496.94812,0.8787071
91,0,15,569.2069,526.2667,0.72610736
91,0,16,639.4061,531.60944,0.7244123
92,0,0,576.89325,399.86884,0.11265834
92,0,1,578.4362,396.38672,0.14386559
92,0,2,579.19415,395.90872,0.030942982
92,0,3,583.19165,397.92007,0.89179033
92,0,4,599.0502,395.5268,0.38502982
92,0,5,579.2748,418.44485,0.9890788
92,0,6,614.6313,414.8462,0.9732233
92,0,7,574.711,447.68793,0.8848392
92,0,8,627.79156,442.43192,0.6053476
92,0,9,580.2641,469.17636,0.47264737
92,0,10,623.6354,464.02493,0.22436793
92,0,11,591.93,473.22583,0.9477868
92,0,12,616.0586,471.76645,0.92342514
92,0,13,586.01117,506.79797,0.4700884
92,0,14,618.0927,505.88452,0.35530517
92,0,15,591.47925,531.32227,0.1570817
92,0,16,617.9362,529.625,0.116592444
92,1,0,397.7865,489.8053,0.051135443
92,1,1,397.77036,487.2862,0.02583444
92,1,2,399.50763,486.35944,0.019896207
92,1,3,394.24826,490.761,0.56856
92,1,4,411.59357,486.62668,0.4395394
92,1,5,394.09903,517.0121,0.9855555
92,1,6,425.55307,500.01105,0.98347163
92,1,7,393.7809,546.2937,0.93510675
92,1,8,444.77805,490.89398,0.933128
92,1,9,395.30527,576.7458,0.70042187
92,1,10,454.206,479.15372,0.75024736
92,1,11,418.6191,563.1953,0.97628534
92,1,12,439.39136,555.71204,0.97730505
92,1,13,399.7222,588.2469,0.62318325
92,1,14,427.5517,582.78625,0.6322286
92,1,15,399.1475,622.52185,0.13606492
92,1,16,421.90472,610.7306,0.13681419
92,2,0,578.1236,400.4044,0.16047288
92,2,1,579.84174,397.17212,0.11945522
92,2,2,580.4899,396.45856,0.046969622
92,2,3,582.3088,398.65192,0.80118376
92,2,4,597.9952,395.18832,0.41590375
92,2,5,580.2918,419.79877,0.9877467
92,2,6,614.7217,413.8272,0.98359585
92,2,7,576.65656,454.44244,0.89411354
92,2,8,627.9498,439.81915,0.83860266
92,2,9,573.0248,485.3589,0.6103444
92,2,10,627.8216,465.8926,0.5372686
92,2,11,588.6632,470.3583,0.9847515
92,2,12,616.07574,468.1109,0.9833204
92,2,13,579.8553,501.4964,0.8587615
92,2,14,631.55585,500.89105,0.8485827
92,2,15,576.42554,524.41693,0.5491163
92,2,16,643.8591,531.0489,0.5361038
93,0,0,574.321,411.3726,0.09576646
93,0,1,576.142,408.32712,0.079895094
93,0,2,576.04724,407.7869,0.029791055
93,0,3,577.5694,409.77356,0.80721563
93,0,4,592.11194,407.32242,0.37930432
93,0,5,575.01306,428.1188,0.9826622
93,0,6,607.85693,424.6931,0.97474784
93,0,7,567.4048,452.47516,0.7813701
93,0,8,620.38446,445.5904,0.6785705
93,0,9,566.81525,460.68732,0.35736588
93,0,10,614.84076,462.51807,0.294438
93,0,11,586.21265,476.20813,0.988577
93,0,12,613.5613,474.4839,0.9878484
93,0,13,563.53735,498.93207,0.94651794
93,0,14,628.6248,501.42218,0.9449137
93,0,15,553.3046,527.2463,0.8636264
93,0,16,642.6155,528.80646,0.86254054
93,1,0,426.45035,469.3643,0.18435958
93,1,1,426.44785,465.59802,0.06002233
93,1,2,424.938,465.81616,0.112121075
93,1,3,418.83185,468.52505,0.33540338
93,1,4,427.50296,468.28714,0.6203404
93,1,5,418.70065,496.77466,0.96483916
93,1,6,435.63306,486.1271,0.9868947
93,1,7,408.994,524.52264,0.8253634
93,1,8,464.24713,475.8521,0.9598168
93,1,9,404.77264,551.4222,0.6588356
93,1,10,486.08728,459.95563,0.8823495
93,1,11,429.6296,553.3206,0.98992974
93,1,12,442.41772,549.1663,0.9942286
93,1,13,411.51407,600.49854,0.9537807
93,1,14,447.4379,592.4887,0.9743591
93,1,15,397.3893,641.14557,0.84288776
93,1,16,465.56442,631.81616,0.8970974
93,2,0,573.7673,410.44803,0.08139676
93,2,1,574.6003,407.36685,0.09726581
93,2,2,575.8758,407.01025,0.024120886
93,2,3,577.1077,409.25803,0.869535
93,2,4,593.2237,407.25592,0.4138446
93,2,5,574.2011,427.9502,0.9889655
93,2,6,607.0073,425.15073,0.9769344
93,2,7,568.43005,452.52582,0.8965581
93,2,8,619.079,449.09805,0.6885031
93,2,9,569.13,463.49548,0.54293513
93,2,10,612.66797,461.8595,0.31498343
93,2,11,585.68976,476.45648,0.9627945
93,2,12,609.2772,475.0547,0.9480427
93,2,13,573.30914,504.13995,0.6456025
93,2,14,612.60913,503.04596,0.5433348
93,2,15,572.0512,527.11707,0.30675688
93,2,16,616.2688,525.19495,0.24571668
94,0,0,574.00116,410.85303,0.0894782
94,0,1,574.81476,407.76675,0.10424972
94,0,2,576.1046,407.2763,0.027662164
94,0,3,576.9994,410.1119,0.87493354
94,0,4,593.4853,407.54343,0.46422002
94,0,5,574.7936,430.4668,0.99001944
94,0,6,607.47266,426.28387,0.980097
94,0,7,569.3185,456.8939,0.8987348
94,0,8,618.83435,450.89798,0.7124645
94,0,9,569.4272,469.3806,0.5349977
94,0,10,612.78094,465.59396,0.32440662
94,0,11,586.47107,480.18164,0.9585919
94,0,12,609.9318,478.08636,0.9436359
94,0,13,573.69824,505.8706,0.5833506
94,0,14,611.9589,503.90454,0.48454782
94,0,15,573.5629,528.2255,0.24253832
94,0,16,616.56665,525.57086,0.19404271
94,1,0,426.41574,469.29327,0.15156604
94,1,1,426.1746,465.6855,0.049665187
94,1,2,425.15836,465.7198,0.088314824
94,1,3,417.69128,468.935,0.3622055
94,1,4,428.50406,468.2132,0.6183501
94,1,5,416.64572,497.47046,0.9704329
94,1,6,437.66278,485.8328,0.98846483
94,1,7,407.578,525.6961,0.8508235
94,1,8,464.95337,475.8585,0.9638578
94,1,9,405.86087,551.56647,0.681173
94,1,10,485.09937,460.4751,0.88614523
94,1,11,428.59384,553.5552,0.99095553
94,1,12,444.14957,548.80334,0.99468416
94,1,13,409.43118,599.98846,0.951483
94,1,14,446.58545,590.6919,0.9720467
94,1,15,396.50494,639.21497,0.81835496
94,1,16,462.98996,628.56415,0.87694675
94,2,0,574.9612,411.87463,0.09641287
94,2,1,576.6153,408.82797,0.07823065
94,2,2,576.6284,408.25232,0.03028277
94,2,3,577.44666,410.44107,0.80798835
94,2,4,592.72144,407.83078,0.40638798
94,2,5,575.1679,429.9365,0.98542446
94,2,6,608.6936,425.49173,0.97650707
94,2,7,566.6786,456.73682,0.8161736
94,2,8,621.06775,447.35535,0.6945887
94,2,9,564.7771,470.434,0.39256006
94,2,10,615.4104,465.47083,0.30583942
94,2,11,586.44916,478.10886,0.98865217
94,2,12,614.2701,475.68402,0.98725826
94,2,13,563.0126,500.64362,0.94005185
94,2,14,628.4675,501.22955,0.9345446
94,2,15,553.8687,529.2395,0.83729714
94,2,16,643.3567,529.56165,0.82916945
95,0,0,434.0502,467.04736,0.27101147
95,0,1,435.68134,463.5605,0.12304528
95,0,2,432.42078,463.5111,0.13214868
95,0,3,434.21796,464.6737,0.44935507
95,0,4,432.85028,465.06802,0.506549
95,0,5,440.19763,479.16452,0.9923757
95,0,6,429.15775,487.19434,0.9908731
95,0,7,473.88663,472.8424,0.97230715
95,0,8,410.68732,513.6635,0.96245617
95,0,9,493.72406,455.17545,0.91966367
95,0,10,405.84845,538.5023,0.89760184
95,0,11,448.2761,538.2429,0.9976434
95,0,12,445.08066,541.6851,0.9974437
95,0,13,442.36426,581.031,0.98633415
95,0,14,447.58652,583.56635,0.98465574
95,0,15,452.70505,618.80963,0.90969235
95,0,16,456.3776,619.1,0.90298104
95,1,0,572.5914,416.52393,0.047137037
95,1,1,574.056,413.8318,0.03387605
95,1,2,573.7662,413.3144,0.013399549
95,1,3,571.74744,414.95886,0.77811736
95,1,4,586.65436,412.7746,0.4422159
95,1,5,568.2005,433.01755,0.99512595
95,1,6,600.59686,428.78802,0.97739035
95,1,7,559.6234,462.40826,0.94625723
95,1,8,612.9241,451.45142,0.65219337
95,1,9,554.4878,487.98987,0.6246449
95,1,10,610.98773,471.44086,0.23719323
95,1,11,578.91583,481.6086,0.99721587
95,1,12,607.3758,479.57965,0.9941016
95,1,13,553.8533,503.53735,0.97902167
95,1,14,625.3677,503.1029,0.95210415
95,1,15,544.604,538.64014,0.9121813
95,1,16,643.04785,531.26605,0.8430009
95,2,0,570.45764,415.49588,0.027167462
95,2,1,570.5147,412.61246,0.031433955
95,2,2,572.6785,412.11838,0.009418353
95,2,3,570.0849,415.31482,0.7938339
95,2,4,588.9859,412.55798,0.40858838
95,2,5,567.144,434.94418,0.9846709
95,2,6,602.6317,430.18552,0.97381544
95,2,7,561.0167,462.68463,0.8939506
95,2,8,613.4989,454.72754,0.7476238
95,2,9,559.9766,482.37488,0.51165247
95,2,10,608.94727,473.8933,0.3411525
95,2,11,580.89154,483.45935,0.9634146
95,2,12,606.3218,481.21655,0.9523571
95,2,13,566.5395,506.61462,0.63268965
95,2,14,607.7615,504.40802,0.5528545
95,2,15,564.4422,533.43396,0.28916585
95,2,16,613.3597,530.3621,0.24472006
96,0,0,440.12228,460.36572,0.03799196
96,0,1,439.53427,457.36438,0.015518399
96,0,2,441.41998,456.85968,0.012716074
96,0,3,431.8481,460.64987,0.53215164
96,0,4,452.23047,458.30356,0.46845365
96,0,5,430.14536,483.9689,0.99473
96,0,6,462.06638,472.54333,0.99299544
96,0,7,415.82446,507.64764,0.979334
96,0,8,487.40384,465.73752,0.9678583
96,0,9,404.41904,529.87244,0.9088028
96,0,10,501.0432,454.19806,0.87691385
96,0,11,443.3735,536.7068,0.99928445
96,0,12,463.61185,532.1329,0.99915826
96,0,13,432.45142,581.58636,0.9959538
96,0,14,459.29803,575.40466,0.9946057
96,0,15,431.68494,629.261,0.9711146
96,0,16,468.13867,618.7705,0.964282
96,1,0,561.3578,418.18228,0.039772265
96,1,1,562.1546,415.16287,0.046504885
96,1,2,563.41095,414.4389,0.015358086
96,1,3,562.8279,416.62338,0.7908929
96,1,4,581.2876,413.49683,0.45090598
96,1,5,561.60126,434.62146,0.9836178
96,1,6,595.7135,429.53726,0.96909046
96,1,7,557.25696,461.74664,0.8755593
96,1,8,605.46765,454.85324,0.6989215
96,1,9,558.70935,476.54642,0.46293753
96,1,10,596.89667,473.89926,0.29445186
96,1,11,575.7491,487.909,0.9401886
96,1,12,600.42676,485.37903,0.9223868
96,1,13,563.5985,516.50146,0.4001364
96,1,14,603.20996,513.6421,0.3247606
96,1,15,566.68964,531.48486,0.11515465
96,1,16,609.67706,528.13855,0.09341763
97,0,0,442.73856,451.02097,0.059589382
97,0,1,443.03717,447.814,0.02796566
97,0,2,444.9845,447.87244,0.01849802
97,0,3,438.87683,452.2771,0.7223735
97,0,4,459.3986,450.6933,0.5578491
97,0,5,436.08224,477.30035,0.99763477
97,0,6,468.77045,467.92508,0.996795
97,0,7,419.5874,500.69922,0.98352146
97,0,8,497.27783,463.0641,0.97512496
97,0,9,406.23898,518.3926,0.91428113
97,0,10,515.2205,453.7999,0.8920151
97,0,11,450.18365,532.31287,0.99970657
97,0,12,470.22928,528.8124,0.9996747
97,0,13,440.2956,577.42346,0.9987149
97,0,14,466.3506,575.49023,0.99849224
97,0,15,437.7574,627.3893,0.9920236
97,0,16,473.73822,620.4113,0.9910697
97,1,0,550.61804,419.9973,0.10456455
97,1,1,551.4711,416.72644,0.12298418
97,1,2,552.9599,415.9965,0.028494874
97,1,3,554.8828,416.9221,0.8025996
97,1,4,571.5294,413.8693,0.2680979
97,1,5,555.933,435.33377,0.9661627
97,1,6,585.7105,429.7365,0.9245659
97,1,7,550.7367,457.65897,0.77418363
97,1,8,590.689,449.12106,0.42789385
97,1,9,552.4734,460.56958,0.39714423
97,1,10,577.8072,455.85153,0.18695039
97,1,11,571.08685,486.57953,0.86888313
97,1,12,592.7502,484.00177,0.82130426
97,1,13,564.5975,514.1614,0.3014138
97,1,14,596.8483,511.43225,0.21875763
97,1,15,573.21686,528.3327,0.103993535
97,1,16,605.27686,525.03,0.077928424
99,0,0,540.2367,416.57855,0.06857304
99,0,1,540.77515,413.94025,0.08069466
99,0,2,542.0168,413.64154,0.022933848
99,0,3,542.243,415.29114,0.6154497
99,0,4,555.73315,413.82098,0.16063859
99,0,5,545.753,431.82092,0.9073579
99,0,6,566.2613,428.9612,0.8096874
99,0,7,542.9637,453.14536,0.6626497
99,0,8,569.0727,449.16342,0.30844334
99,0,9,537.433,455.74768,0.3511546
99,0,10,556.1427,455.35168,0.16037181
99,0,11,555.95593,471.0916,0.81498706
99,0,12,570.7843,469.32172,0.75137043
99,0,13,551.7608,495.0725,0.46761024
99,0,14,571.43536,493.05286,0.36140803
99,0,15,555.68097,512.0904,0.2850011
99,0,16,576.978,509.62207,0.22304888
100,0,0,468.45657,435.88483,0.056923084
100,0,1,468.0551,432.7739,0.02617086
100,0,2,469.89645,432.3063,0.02540267
100,0,3,461.66434,435.28354,0.5811175
100,0,4,479.44092,433.33954,0.56982106
100,0,5,456.66473,457.87283,0.9904446
100,0,6,490.40356,450.43927,0.99062765
100,0,7,442.14395,481.58368,0.94967633
100,0,8,511.90463,456.60922,0.95065236
100,0,9,430.11572,490.1245,0.77181363
100,0,10,525.61694,457.649,0.7820642
100,0,11,469.36636,506.018,0.9904512
100,0,12,488.90204,503.9231,0.9906502
100,0,13,472.8461,544.4157,0.83911437
100,0,14,489.26498,545.7122,0.83510715
100,0,15,478.88187,582.2766,0.33435696
100,0,16,486.70038,584.7489,0.3212039
101,0,0,471.47974,433.69354,0.069327444
101,0,1,471.68597,429.95532,0.035423085
101,0,2,473.29816,429.79752,0.027466403
101,0,3,468.16113,431.89,0.7249999
101,0,4,487.41873,430.0508,0.6239519
101,0,5,463.16385,455.1936,0.9952714
101,0,6,501.16852,447.88263,0.99566615
101,0,7,449.60852,482.1057,0.9589907
101,0,8,530.51715,460.7866,0.9630011
101,0,9,435.05862,490.30017,0.7848853
101,0,10,538.45734,463.79807,0.8095368
101,0,11,478.0452,510.87408,0.99787927
101,0,12,500.3447,508.15332,0.9980877
101,0,13,479.3098,558.8318,0.9811999
101,0,14,499.7123,556.3387,0.9829159
101,0,15,489.3019,606.85394,0.8754853
101,0,16,503.8539,603.34796,0.88347524
102,0,0,489.0577,430.56073,0.0744128
102,0,1,488.05234,426.8077,0.026712976
102,0,2,489.09857,426.637,0.03734347
102,0,3,477.08066,428.99557,0.58771986
102,0,4,495.14816,428.43314,0.7109149
102,0,5,469.51337,454.98206,0.99386734
102,0,6,506.94568,448.97037,0.9967919
102,0,7,454.93533,482.49313,0.9451212
102,0,8,535.4196,462.526,0.9760073
102,0,9,446.2881,491.70923,0.78293395
102,0,10,548.3548,465.4965,0.8720911
102,0,11,482.36197,512.40607,0.9984333
102,0,12,504.86337,510.5755,0.9988433
102,0,13,484.9491,562.7622,0.98893565
102,0,14,507.52655,559.08984,0.9911343
102,0,15,491.78775,612.2464,0.92915463
102,0,16,511.18536,605.92346,0.9401396
103,0,0,495.47586,424.8098,0.042782262
103,0,1,496.5974,419.7458,0.02813673
103,0,2,497.01663,420.10062,0.02081691
103,0,3,491.48813,423.2074,0.6880207
103,0,4,510.89606,422.5934,0.59130794
103,0,5,483.53226,454.1799,0.986402
103,0,6,523.29504,449.37912,0.97838587
103,0,7,473.84427,485.45773,0.8211492
103,0,8,544.6277,470.70703,0.68501365
103,0,9,473.1892,493.08832,0.37790197
103,0,10,536.51514,466.27094,0.2504511
103,0,11,492.99243,511.13733,0.9919097
103,0,12,520.47266,508.56885,0.9895667
103,0,13,489.04944,561.934,0.9594999
103,0,14,525.59436,552.9922,0.9429903
103,0,15,493.75986,612.4855,0.8587695
103,0,16,534.34875,594.6499,0.8248205
104,0,0,495.37085,424.76608,0.04430803
104,0,1,496.48242,419.73236,0.029177219
104,0,2,496.92245,420.05826,0.02160628
104,0,3,491.39838,423.23846,0.6894217
104,0,4,510.75946,422.54922,0.59335077
104,0,5,483.44366,454.22348,0.98623997
104,0,6,523.1961,449.38794,0.9782718
104,0,7,473.8372,485.72937,0.82270986
104,0,8,544.5936,471.05246,0.6896105
104,0,9,473.41946,493.15985,0.37922284
104,0,10,536.37964,466.27432,0.25340274
104,0,11,493.24405,511.149,0.9907274
104,0,12,520.6307,508.594,0.98808026
104,0,13,489.6237,562.0531,0.9489189
104,0,14,525.7232,553.1357,0.9287493
104,0,15,494.76108,612.2798,0.81854045
104,0,16,534.23413,594.70355,0.7778471
107,0,0,514.24524,435.76358,0.030953703
107,0,1,515.2776,432.26105,0.03827475
107,0,2,515.04266,431.93362,0.020056808
107,0,3,511.82993,435.15457,0.68686175
107,0,4,528.698,433.02487,0.513362
107,0,5,509.3192,458.04474,0.98456717
107,0,6,539.60974,452.45932,0.97104496
107,0,7,505.9069,489.81683,0.9062034
107,0,8,552.8777,472.5983,0.7640404
107,0,9,501.13287,504.99634,0.6259735
107,0,10,546.52606,475.77087,0.4396866
107,0,11,522.2646,509.8485,0.98841643
107,0,12,541.16473,507.76654,0.9844313
107,0,13,525.524,548.9059,0.9489805
107,0,14,537.9604,546.8948,0.9329881
107,0,15,539.7491,582.0236,0.823453
107,0,16,543.48517,579.93286,0.7887011
107,1,0,513.98047,437.10565,0.08981679
107,1,1,514.44507,433.51917,0.06399633
107,1,2,516.198,433.27435,0.035212822
107,1,3,510.315,435.05164,0.59319365
107,1,4,529.29846,433.25494,0.38413683
107,1,5,506.41937,455.76767,0.97483337
107,1,6,542.4955,453.34756,0.94126666
107,1,7,500.07834,486.0513,0.87520343
107,1,8,557.82495,475.52795,0.6273577
107,1,9,490.68594,504.07874,0.6425496
107,1,10,545.2992,478.1801,0.3665665
107,1,11,515.41046,506.2644,0.9842843
107,1,12,541.23804,505.1139,0.97505534
107,1,13,493.5805,536.2682,0.9548007
107,1,14,534.3461,538.32275,0.9177884
107,1,15,496.1009,570.3,0.88317436
107,1,16,542.2918,575.1997,0.82140666
108,0,0,533.27844,431.82718,0.095167406
108,0,1,532.65955,428.03622,0.05093054
108,0,2,534.20715,427.79245,0.050147295
108,0,3,522.7983,429.6052,0.55161333
108,0,4,539.98425,428.9868,0.54986215
108,0,5,511.18863,451.61664,0.98340756
108,0,6,551.8931,450.65552,0.97912973
108,0,7,497.7279,483.73712,0.9091022
108,0,8,568.5116,475.94974,0.8680322
108,0,9,484.0556,508.77142,0.7170553
108,0,10,576.12036,485.77637,0.6546875
108,0,11,524.38367,505.67828,0.98989314
108,0,12,548.7079,506.1549,0.9887706
108,0,13,521.75037,537.4901,0.96475697
108,0,14,537.5572,542.6059,0.95721114
108,0,15,538.39844,579.7229,0.89472246
108,0,16,542.1835,586.6346,0.8762116
109,0,0,533.22504,432.01395,0.09512069
109,0,1,532.6084,428.22028,0.051199995
109,0,2,534.14246,427.98087,0.05074759
109,0,3,522.8034,429.7397,0.54840755
109,0,4,539.9107,429.13885,0.548097
109,0,5,511.3187,451.58243,0.9822083
109,0,6,551.82965,450.68802,0.9786017
109,0,7,498.07263,483.76422,0.90122986
109,0,8,568.4286,475.91785,0.8650277
109,0,9,484.59366,508.66217,0.7009747
109,0,10,575.8755,485.89777,0.64883417
109,0,11,524.4676,505.54858,0.9892966
109,0,12,548.6567,506.10907,0.9884062
109,0,13,521.76184,537.306,0.96377975
109,0,14,537.4096,542.84814,0.95724183
109,0,15,538.4689,579.1106,0.8952374
109,0,16,541.9252,586.8091,0.87913346
111,0,0,528.5765,428.06628,0.1191287
111,0,1,530.1932,423.93658,0.08510743
111,0,2,531.0335,424.02017,0.0372438
111,0,3,532.7629,425.97464,0.77359456
111,0,4,547.8114,424.3406,0.425961
111,0,5,528.5608,448.6004,0.992451
111,0,6,562.5631,445.2034,0.9847062
111,0,7,526.4154,478.99487,0.9248743
111,0,8,577.5961,470.69626,0.81676596
111,0,9,527.7084,500.94824,0.6672135
111,0,10,584.4538,486.42627,0.49424845
111,0,11,543.4102,501.51593,0.9958692
111,0,12,566.9567,499.9226,0.9943909
111,0,13,543.24384,544.7496,0.9789017
111,0,14,574.0731,542.6027,0.97098607
111,0,15,548.7169,589.5991,0.9117292
111,0,16,577.11975,585.78015,0.8908238
113,0,0,530.1483,424.3014,0.086962424
113,0,1,531.724,421.04083,0.119714916
113,0,2,531.99036,420.1065,0.02218956
113,0,3,538.1945,423.0416,0.90371644
113,0,4,550.4645,419.22427,0.38273132
113,0,5,540.717,440.1501,0.99426335
113,0,6,566.1741,433.57227,0.98470366
113,0,7,540.2742,469.0479,0.958818
113,0,8,584.3015,456.5991,0.8000768
113,0,9,537.24146,489.56158,0.77653897
113,0,10,590.55524,472.55603,0.50691277
113,0,11,561.83246,469.31552,0.9894477
113,0,12,578.5327,466.79276,0.9838373
113,0,13,552.9246,505.80365,0.9373473
113,0,14,577.0252,503.0669,0.89941365
113,0,15,555.749,541.5677,0.7469855
113,0,16,582.7544,537.5746,0.66819715
114,0,0,531.6782,422.52472,0.061871294
114,0,1,533.0502,419.33936,0.08785892
114,0,2,533.7284,418.54926,0.014878228
114,0,3,539.14484,422.17532,0.8876881
114,0,4,551.72375,418.77963,0.2995114
114,0,5,542.01373,440.57834,0.9925362
114,0,6,566.0775,434.257,0.978457
114,0,7,541.4967,470.02008,0.9547516
114,0,8,584.6007,456.85968,0.76209944
114,0,9,536.985,491.05945,0.760942
114,0,10,590.55383,472.74637,0.45899624
114,0,11,560.73737,473.39,0.98849547
114,0,12,576.59595,470.93466,0.9817091
114,0,13,554.04584,511.2379,0.93015146
114,0,14,578.9781,508.57172,0.8859532
114,0,15,554.66693,545.75757,0.71538997
114,0,16,583.7702,541.7539,0.6271321
115,0,0,533.7767,418.89545,0.08644994
115,0,1,535.358,415.5969,0.13621557
115,0,2,535.65137,414.87885,0.017876945
115,0,3,542.0507,417.24997,0.9180776
115,0,4,556.1646,414.2738,0.26900676
115,0,5,543.37067,435.63757,0.9908393
115,0,6,572.68097,430.63364,0.9713544
115,0,7,541.916,462.83224,0.9159622
115,0,8,588.0401,454.85678,0.55838174
115,0,9,539.2212,477.77286,0.60152495
115,0,10,584.3203,469.5492,0.24699654
115,0,11,560.09955,478.57736,0.98510355
115,0,12,579.9265,476.49008,0.9752192
115,0,13,554.9473,517.95746,0.9267771
115,0,14,580.0039,515.99194,0.87077814
115,0,15,556.5472,559.68054,0.77234036
115,0,16,581.81683,556.0443,0.6803067
116,0,0,539.0845,414.22665,0.10865847
116,0,1,540.4201,411.27246,0.14100097
116,0,2,541.6494,410.73883,0.031004496
116,0,3,545.8294,412.61627,0.8744008
116,0,4,559.0613,410.4983,0.3123516
116,0,5,546.53296,430.82736,0.9884133
116,0,6,573.3695,427.41116,0.9684709
116,0,7,541.41547,457.39563,0.905421
116,0,8,588.361,451.77454,0.63236254
116,0,9,536.09265,477.03204,0.6281132
116,0,10,588.31213,470.93723,0.33718503
116,0,11,558.9815,474.73947,0.9829616
116,0,12,577.3199,472.9941,0.973822
116,0,13,554.8071,508.84967,0.9305915
116,0,14,581.6781,507.0244,0.89035094
116,0,15,554.5326,545.7741,0.8114274
116,0,16,584.06854,543.1962,0.74661595
117,0,0,542.24,413.21353,0.05524263
117,0,1,543.36554,410.232,0.07200476
117,0,2,544.4867,409.6234,0.015800044
117,0,3,547.0693,410.95917,0.849181
117,0,4,560.8329,408.7444,0.29018858
117,0,5,546.91266,428.51584,0.98929495
117,0,6,574.89905,424.8248,0.9707512
117,0,7,539.6826,454.35074,0.917247
117,0,8,590.2192,448.5594,0.6646503
117,0,9,533.7458,474.5384,0.6391884
117,0,10,589.4845,469.66898,0.3480676
117,0,11,559.0758,475.83182,0.9906341
117,0,12,578.60474,474.0061,0.98548746
117,0,13,553.6114,513.1272,0.9641992
117,0,14,585.39294,511.07013,0.9423671
117,0,15,552.1659,551.22797,0.8965779
117,0,16,589.79504,548.29297,0.85609525
118,0,0,544.5076,410.8497,0.18198562
118,0,1,545.834,407.43445,0.16225792
118,0,2,546.67596,407.0199,0.046727773
118,0,3,548.96936,408.61182,0.82461274
118,0,4,564.2599,405.9092,0.312901
118,0,5,545.7471,428.90494,0.9907905
118,0,6,580.438,424.0244,0.976186
118,0,7,537.68243,459.0696,0.9363869
118,0,8,594.7443,450.7064,0.7650765
118,0,9,533.47217,483.1097,0.7584399
118,0,10,591.22614,471.74512,0.4959125
118,0,11,555.3231,478.21234,0.9962954
118,0,12,582.37915,475.51007,0.99412704
118,0,13,544.1222,510.05505,0.9901225
118,0,14,594.407,506.92468,0.9832207
118,0,15,543.2395,551.53906,0.9726916
118,0,16,608.329,540.43933,0.96128917
118,1,0,404.6028,483.58817,0.41299596
118,1,1,404.85953,479.22668,0.52272516
118,1,2,404.67697,478.20337,0.047735363
118,1,3,413.06363,477.13486,0.83554995
118,1,4,422.55746,472.9471,0.030928183
118,1,5,430.26102,492.7293,0.9820771
118,1,6,431.1201,488.85114,0.7611174
118,1,7,432.3751,519.02515,0.96279734
118,1,8,425.52167,517.04706,0.23651169
118,1,9,412.24554,528.287,0.9163921
118,1,10,405.24585,524.79706,0.25131986
118,1,11,449.64624,536.1452,0.99421966
118,1,12,457.2007,534.0276,0.97566617
118,1,13,416.4842,565.4045,0.9943879
118,1,14,448.7756,569.4867,0.96921027
118,1,15,402.32236,595.2589,0.98826385
118,1,16,481.40936,585.5968,0.95874023
119,0,0,544.4499,410.69974,0.18529536
119,0,1,545.85785,407.3227,0.16970178
119,0,2,546.6055,406.8768,0.047158193
119,0,3,549.02344,408.57153,0.8330547
119,0,4,564.15515,405.76477,0.31182733
119,0,5,545.57983,428.96378,0.99120563
119,0,6,580.45447,423.7907,0.9748505
119,0,7,537.51025,458.7819,0.9382616
119,0,8,594.9709,449.6984,0.7422661
119,0,9,533.13403,481.79956,0.7591358
119,0,10,589.30896,469.0573,0.46724734
119,0,11,555.6832,478.8276,0.9962495
119,0,12,582.8478,475.96753,0.99371994
119,0,13,544.2187,510.2102,0.9898662
119,0,14,594.5968,506.73474,0.98166084
119,0,15,543.23444,551.77734,0.97189564
119,0,16,608.0202,539.58356,0.95822597
119,1,0,404.94852,483.7268,0.36750367
119,1,1,405.2263,479.45673,0.46354312
119,1,2,404.74753,478.47345,0.046513427
119,1,3,412.72772,477.182,0.8211914
119,1,4,421.6244,473.33023,0.04003658
119,1,5,430.49814,492.28375,0.98240775
119,1,6,431.5877,488.70624,0.78383493
119,1,7,431.24088,518.1643,0.9622559
119,1,8,426.84827,515.86755,0.2669474
119,1,9,411.94858,525.2076,0.9112306
119,1,10,407.25287,522.6755,0.26736498
119,1,11,449.48117,535.0792,0.9944365
119,1,12,456.92358,532.7709,0.9778997
119,1,13,415.7663,565.0661,0.9940274
119,1,14,448.7245,567.4595,0.9693847
119,1,15,404.15195,593.75775,0.98643297
119,1,16,480.81342,585.0041,0.9548377
120,0,0,544.33527,414.29425,0.20280714
120,0,1,546.4914,411.2455,0.17054412
120,0,2,547.2068,410.88358,0.032976646
120,0,3,551.7082,412.1121,0.905936
120,0,4,565.4343,409.68335,0.27671605
120,0,5,547.87213,431.42004,0.99636406
120,0,6,580.9456,426.30756,0.99229395
120,0,7,538.7384,462.6425,0.96473277
120,0,8,594.42456,451.2243,0.88814616
120,0,9,532.64557,484.17523,0.8168477
120,0,10,592.0115,472.92212,0.6341538
120,0,11,554.45233,481.45227,0.99858946
120,0,12,581.9716,479.23273,0.9980268
120,0,13,537.4181,507.4004,0.9919328
120,0,14,598.0668,507.88037,0.9879638
120,0,15,533.33154,545.9267,0.9601478
120,0,16,618.5857,535.8169,0.9483708
120,1,0,431.44003,498.09473,0.41629934
120,1,1,433.32477,494.94983,0.51089954
120,1,2,431.08734,495.43616,0.071461126
120,1,3,440.1653,495.06396,0.813118
120,1,4,434.19196,496.51965,0.026325427
120,1,5,448.3115,507.56854,0.98748684
120,1,6,437.02728,509.15247,0.94355154
120,1,7,464.61066,527.6331,0.983139
120,1,8,422.27042,525.027,0.75793254
120,1,9,452.38602,545.0003,0.9591914
120,1,10,413.22873,529.3321,0.7155269
120,1,11,449.7824,545.98145,0.9954595
120,1,12,444.0105,546.19006,0.99050635
120,1,13,435.2847,566.1796,0.99060714
120,1,14,433.9171,567.1559,0.9746746
120,1,15,448.5739,590.4164,0.97466034
120,1,16,440.37643,590.2707,0.94591266
121,0,0,545.854,416.38446,0.15932162
121,0,1,548.3244,413.2495,0.14669143
121,0,2,549.2407,412.97192,0.025025435
121,0,3,553.2661,414.8396,0.90769815
121,0,4,568.0137,412.53656,0.26408213
121,0,5,548.8295,435.46042,0.9962607
121,0,6,583.0015,431.51575,0.9863208
121,0,7,542.71265,467.11807,0.96091443
121,0,8,594.97217,457.71985,0.76142734
121,0,9,535.8471,485.69244,0.7542463
121,0,10,584.9202,474.37836,0.38631302
121,0,11,555.20087,487.8223,0.99750584
121,0,12,584.3556,486.1866,0.9952962
121,0,13,535.87885,508.01758,0.98078936
121,0,14,601.99036,509.96423,0.96031314
121,0,15,530.68256,545.2981,0.90348715
121,0,16,621.268,533.8335,0.843725
121,1,0,412.2791,471.3104,0.34414887
121,1,1,413.2221,466.75467,0.4553939
121,1,2,413.72195,464.63055,0.031854775
121,1,3,421.49417,468.1304,0.82082146
121,1,4,435.33777,460.47333,0.025271839
121,1,5,435.85004,489.05084,0.98410255
121,1,6,444.10873,480.81424,0.6597229
121,1,7,441.8173,518.46027,0.9724277
121,1,8,444.7611,512.37384,0.15024084
121,1,9,431.93927,540.70905,0.93632054
121,1,10,428.59613,532.18054,0.18005562
121,1,11,459.39423,530.40027,0.9955367
121,1,12,472.08844,526.22925,0.9733479
121,1,13,423.89294,557.4038,0.9972351
121,1,14,458.5392,557.61194,0.9770768
121,1,15,406.0888,598.3242,0.99503255
121,1,16,488.46246,583.2781,0.9761194
122,0,0,563.87885,423.46613,0.038948342
122,0,1,565.0208,420.4064,0.020758245
122,0,2,565.4792,420.27832,0.014203719
122,0,3,559.79865,421.54282,0.6694427
122,0,4,576.5915,420.75464,0.5342482
122,0,5,552.4627,440.7137,0.99367005
122,0,6,586.86755,439.6286,0.9868816
122,0,7,544.8094,471.96927,0.9362226
122,0,8,597.2536,470.01294,0.8299844
122,0,9,540.5449,491.4629,0.62896
122,0,10,598.67847,488.8202,0.41716772
122,0,11,557.1564,492.57867,0.9970107
122,0,12,586.11774,491.96173,0.995631
122,0,13,540.91815,514.2423,0.97338676
122,0,14,606.1279,512.1688,0.95823294
122,0,15,535.3565,546.50903,0.8747066
122,0,16,621.645,537.2666,0.83093697
122,1,0,426.18085,464.61404,0.066220894
122,1,1,426.96,460.50443,0.060435757
122,1,2,428.19153,459.24902,0.015197119
122,1,3,428.32904,460.67346,0.60635406
122,1,4,447.1362,455.43817,0.16335483
122,1,5,431.8396,479.81476,0.9826743
122,1,6,456.4954,472.8767,0.8247418
122,1,7,430.6736,509.3291,0.9321548
122,1,8,460.1408,500.32153,0.26633683
122,1,9,430.41928,531.46014,0.72689486
122,1,10,445.76663,519.43604,0.14244531
122,1,11,447.90814,524.1419,0.9936805
122,1,12,470.21896,520.5502,0.9783851
122,1,13,426.12674,550.6494,0.98891944
122,1,14,469.29657,549.113,0.9558972
122,1,15,418.4016,587.1006,0.9751047
122,1,16,491.499,580.7825,0.9295697
123,0,0,437.11176,457.76157,0.021896014
123,0,1,438.90787,453.815,0.014960487
123,0,2,439.70135,453.8386,0.0066423304
123,0,3,438.1449,455.3498,0.6837481
123,0,4,457.6936,453.73172,0.37270755
123,0,5,432.59283,477.33136,0.9904417
123,0,6,469.45163,472.94397,0.9674379
123,0,7,421.74756,501.9829,0.8931912
123,0,8,483.37192,497.3496,0.57761323
123,0,9,425.8554,516.8371,0.4935394
123,0,10,477.70245,519.4908,0.19451869
123,0,11,446.65308,532.19336,0.99793196
123,0,12,476.4958,528.6818,0.99619305
123,0,13,423.4488,559.9909,0.9934409
123,0,14,487.6295,549.1206,0.98645604
123,0,15,425.53217,607.84735,0.98078716
123,0,16,510.1368,577.5476,0.9681488
123,1,0,583.4037,425.32462,0.0389951
123,1,1,583.88666,421.7271,0.023563508
123,1,2,583.6552,422.03375,0.029952116
123,1,3,573.29095,423.2456,0.6773882
123,1,4,589.59686,424.0746,0.75992125
123,1,5,564.023,443.0855,0.99008864
123,1,6,596.24194,444.1596,0.98859465
123,1,7,554.49646,471.14853,0.8605591
123,1,8,609.0048,470.5148,0.85942
123,1,9,555.12274,492.4928,0.49358666
123,1,10,611.32806,489.32483,0.50279176
123,1,11,567.9381,491.9699,0.98933053
123,1,12,593.7711,492.5467,0.9890302
123,1,13,555.3148,509.0653,0.95094186
123,1,14,609.98596,509.18195,0.95141035
123,1,15,548.5532,539.06714,0.88956296
123,1,16,624.83203,539.35675,0.88944674
124,0,0,435.05588,457.37274,0.02935673
124,0,1,437.0715,453.35855,0.022425497
124,0,2,437.84552,453.31952,0.007844409
124,0,3,438.0689,455.13724,0.75447553
124,0,4,457.20593,453.1408,0.3391193
124,0,5,432.6606,478.30853,0.98968095
124,0,6,469.75623,472.95233,0.9694536
124,0,7,421.38486,504.92108,0.8612731
124,0,8,483.72693,498.81635,0.5511835
124,0,9,426.10126,521.57916,0.41771126
124,0,10,479.74683,522.97784,0.17106186
124,0,11,447.5101,534.4587,0.997459
124,0,12,477.50024,530.44696,0.9956987
124,0,13,422.79648,560.8493,0.9924232
124,0,14,487.73795,549.55115,0.9856775
124,0,15,425.70383,610.78687,0.9798473
124,0,16,511.04935,577.7329,0.96910024
124,1,0,583.24316,424.94598,0.022511877
124,1,1,583.91077,421.27914,0.017329896
124,1,2,583.4238,421.55206,0.016651066
124,1,3,573.19525,423.52078,0.7351389
124,1,4,590.1704,424.28262,0.7149096
124,1,5,564.3269,444.06628,0.9905812
124,1,6,597.07745,444.7287,0.9880384
124,1,7,554.67004,472.42587,0.8847463
124,1,8,609.5309,470.05988,0.8571529
124,1,9,553.4269,493.3405,0.49960476
124,1,10,610.7023,486.81494,0.45783436
124,1,11,566.00995,493.94275,0.9874226
124,1,12,592.7897,494.14044,0.9861231
124,1,13,551.5021,508.5545,0.9144439
124,1,14,610.64996,508.19348,0.90847474
124,1,15,542.5055,540.4668,0.7759164
124,1,16,626.6897,540.35236,0.76503605
125,0,0,443.37695,453.94595,0.045283336
125,0,1,446.03622,450.55096,0.03838554
125,0,2,446.37418,450.62286,0.0121784
125,0,3,448.11722,453.33572,0.85742545
125,0,4,464.89877,452.1945,0.39122796
125,0,5,439.0852,475.45337,0.98654383
125,0,6,479.30817,473.28778,0.98576593
125,0,7,421.37344,494.3462,0.7007138
125,0,8,492.86417,496.6106,0.6645499
125,0,9,423.13663,487.03555,0.19291626
125,0,10,485.24368,517.9446,0.17340995
125,0,11,449.80396,535.0014,0.9955037
125,0,12,482.29706,533.1992,0.995693
125,0,13,425.99673,557.3502,0.9783678
125,0,14,500.06848,554.1677,0.9784436
125,0,15,425.92944,607.46136,0.941003
125,0,16,523.2333,583.6843,0.9442891
125,1,0,595.43805,425.44012,0.042192787
125,1,1,595.33215,422.5373,0.017338376
125,1,2,596.18646,422.49792,0.022998612
125,1,3,583.9414,423.6595,0.61846036
125,1,4,602.67816,423.96072,0.7033512
125,1,5,573.029,442.78577,0.98916173
125,1,6,610.9476,443.67932,0.99186546
125,1,7,563.3609,469.91513,0.8600117
125,1,8,617.9695,472.20642,0.90909857
125,1,9,564.49567,486.83813,0.4190336
125,1,10,621.84814,484.83035,0.52441084
125,1,11,573.7689,494.67188,0.98541313
125,1,12,604.3311,494.64655,0.98782605
125,1,13,556.679,507.04248,0.7691896
125,1,14,623.3201,506.45624,0.80059296
125,1,15,549.1255,544.793,0.33316958
125,1,16,626.4983,538.34674,0.3628988
125,2,0,595.82587,425.90662,0.028575163
125,2,1,595.82135,422.07916,0.021537254
125,2,2,595.82837,422.44904,0.023434902
125,2,3,583.54736,423.35767,0.696348
125,2,4,603.0918,424.284,0.76362264
125,2,5,572.2041,442.8175,0.9856163
125,2,6,610.271,443.97226,0.9837557
125,2,7,563.5348,471.9982,0.8399686
125,2,8,619.8231,472.72562,0.82499516
125,2,9,566.9903,488.43378,0.36478865
125,2,10,618.89404,488.0108,0.35106605
125,2,11,574.14435,494.3922,0.9360583
125,2,12,601.74817,494.9203,0.9304744
125,2,13,567.7552,516.9474,0.36533898
125,2,14,612.20404,517.4516,0.35604903
125,2,15,562.20685,548.38403,0.102012575
125,2,16,614.70465,549.1155,0.100481845
126,0,0,457.52652,453.9669,0.032427557
126,0,1,459.86368,451.03528,0.021102687
126,0,2,459.59937,451.18588,0.0114084715
126,0,3,458.3485,453.9067,0.7746063
126,0,4,475.132,453.37296,0.5028365
126,0,5,446.978,473.68958,0.98824126
126,0,6,488.2187,472.94116,0.9880387
126,0,7,425.53183,486.84213,0.7981447
126,0,8,504.8112,494.87213,0.78626597
126,0,9,432.88513,483.55563,0.31317273
126,0,10,501.93585,521.06824,0.29220074
126,0,11,454.21786,532.4599,0.9967854
126,0,12,487.25742,530.8019,0.9968533
126,0,13,433.2849,559.8821,0.98229504
126,0,14,508.1168,552.1468,0.9817956
126,0,15,428.01117,609.38165,0.9421895
126,0,16,527.1028,583.7321,0.944313
126,1,0,608.4681,422.10068,0.02347352
126,1,1,609.0835,418.54352,0.019267945
126,1,2,608.11,418.5378,0.019556837
126,1,3,595.18,420.53665,0.7107902
126,1,4,613.7211,420.91577,0.7458795
126,1,5,584.46234,440.22403,0.9865349
126,1,6,620.2866,441.4079,0.983267
126,1,7,573.5082,466.7152,0.8812596
126,1,8,628.9176,471.20117,0.84938276
126,1,9,579.2577,479.58987,0.48283005
126,1,10,632.02325,489.10815,0.43660435
126,1,11,586.13104,493.50354,0.95848334
126,1,12,612.59845,493.9273,0.9526715
126,1,13,580.9036,521.5618,0.49785686
126,1,14,625.2022,521.2142,0.4744039
126,1,15,576.014,550.8485,0.13458933
126,1,16,631.8357,550.7245,0.12728398
127,0,0,463.87155,449.38855,0.07305776
127,0,1,466.54578,446.14923,0.06500353
127,0,2,467.07608,446.6826,0.013401812
127,0,3,468.52615,448.56183,0.8885089
127,0,4,484.54752,448.83997,0.29525054
127,0,5,458.1441,466.39865,0.9940706
127,0,6,496.6058,469.18546,0.98556614
127,0,7,433.68723,478.86194,0.92337847
127,0,8,515.8365,487.9383,0.732961
127,0,9,434.45816,491.4441,0.6043791
127,0,10,503.52365,493.49646,0.31021142
127,0,11,463.00528,525.719,0.99842584
127,0,12,493.5306,525.9769,0.9974928
127,0,13,440.65417,556.2078,0.9927192
127,0,14,511.7686,554.2939,0.9866796
127,0,15,432.12073,606.88983,0.97158694
127,0,16,533.96765,582.4801,0.95753086
128,0,0,504.8309,443.2726,0.0389545
128,0,1,505.03143,439.18082,0.012449694
128,0,2,504.99637,439.30023,0.026605695
128,0,3,488.0192,439.98273,0.43709654
128,0,4,508.7563,441.26044,0.70306706
128,0,5,474.27997,460.77637,0.9679966
128,0,6,509.77304,460.8887,0.99094814
128,0,7,457.86212,475.92584,0.62314934
128,0,8,528.5029,480.23404,0.9145895
128,0,9,470.879,485.24762,0.29528913
128,0,10,538.56903,490.4298,0.6196024
128,0,11,474.27457,514.657,0.99633837
128,0,12,503.39224,513.3517,0.99803
128,0,13,456.08362,553.6184,0.99170834
128,0,14,522.72656,539.7562,0.995387
128,0,15,432.9197,602.86597,0.9823382
128,0,16,537.9154,577.9845,0.98951626
128,1,0,638.34534,412.23712,0.049298078
128,1,1,637.2655,408.6289,0.02234345
128,1,2,638.3215,409.108,0.030368371
128,1,3,624.0069,409.0316,0.5549795
128,1,4,642.12445,411.2527,0.64581764
128,1,5,614.10486,425.4834,0.9873527
128,1,6,645.0048,432.34708,0.9888136
128,1,7,592.758,442.36957,0.8817428
128,1,8,654.40186,460.7626,0.89728624
128,1,9,602.6774,447.37274,0.55939096
128,1,10,655.25507,478.3774,0.5629104
128,1,11,611.2402,477.10867,0.9944343
128,1,12,631.9948,480.0392,0.99467707
128,1,13,603.38074,514.09393,0.9586746
128,1,14,628.5597,519.7664,0.95694065
128,1,15,591.4275,544.49164,0.82110536
128,1,16,619.65216,546.8742,0.8132312
129,0,0,505.18863,443.415,0.041016325
129,0,1,505.29507,439.29825,0.012737493
129,0,2,505.2954,439.42633,0.028341066
129,0,3,487.9235,440.02423,0.4300843
129,0,4,508.73413,441.3617,0.7110958
129,0,5,474.0543,460.8711,0.96818966
129,0,6,509.73773,460.99435,0.9912812
129,0,7,457.86823,476.12048,0.62469095
129,0,8,528.57434,480.71347,0.9189848
129,0,9,471.5954,484.99655,0.30126324
129,0,10,539.2676,491.20392,0.6350492
129,0,11,474.10452,514.96277,0.99637586
129,0,12,503.28638,513.61755,0.9980805
129,0,13,455.96762,553.7277,0.99189705
129,0,14,522.27515,539.5133,0.9955651
129,0,15,432.66562,602.96063,0.98277664
129,0,16,536.896,577.7545,0.989912
129,1,0,638.3278,412.19473,0.048466012
129,1,1,637.2735,408.60788,0.02164851
129,1,2,638.3148,409.03223,0.029281408
129,1,3,623.87854,409.08786,0.5679269
129,1,4,642.2313,411.2043,0.65487874
129,1,5,614.18036,425.60318,0.98854023
129,1,6,645.02893,432.48016,0.9903916
129,1,7,592.8649,442.27588,0.88893634
129,1,8,654.50507,460.8599,0.9101196
129,1,9,602.64404,447.44382,0.57531875
129,1,10,655.6577,478.80942,0.5940036
129,1,11,611.32495,477.1431,0.9954489
129,1,12,632.5377,480.16,0.99577963
129,1,13,603.0987,514.56946,0.9663686
129,1,14,631.7547,520.38715,0.9662809
129,1,15,590.6477,545.7522,0.8492177
129,1,16,625.8413,548.79877,0.8467172
130,0,0,507.0262,439.62006,0.045982603
130,0,1,508.34198,436.00366,0.016506193
130,0,2,508.66486,436.3112,0.020885732
130,0,3,499.29324,438.95093,0.616126
130,0,4,519.6743,439.83878,0.667549
130,0,5,485.77203,457.8182,0.99237317
130,0,6,525.5311,462.913,0.9966151
130,0,7,461.58676,465.82004,0.92444885
130,0,8,544.7896,486.5408,0.9758874
130,0,9,458.82834,484.9887,0.75237226
130,0,10,557.6151,501.9533,0.8798226
130,0,11,480.63217,514.2715,0.99928373
130,0,12,511.5269,514.24585,0.9995372
130,0,13,466.128,549.19196,0.9977494
130,0,14,533.2448,538.98737,0.99856144
130,0,15,439.25162,595.74744,0.9920547
130,0,16,542.89105,582.56714,0.9947438
130,1,0,650.10895,411.23615,0.05808972
130,1,1,650.04114,408.0533,0.027324911
130,1,2,650.19794,408.17245,0.062214922
130,1,3,634.8847,407.821,0.44970587
130,1,4,650.64166,409.84897,0.8034532
130,1,5,620.8595,422.88458,0.9820333
130,1,6,652.0071,429.38284,0.98884785
130,1,7,603.3807,436.75278,0.83205354
130,1,8,655.02014,457.64996,0.9207845
130,1,9,610.37036,442.4564,0.5293585
130,1,10,663.0853,477.59387,0.6803338
130,1,11,616.79205,474.9685,0.9853967
130,1,12,636.45374,477.6384,0.98755765
130,1,13,620.4839,511.81555,0.8983314
130,1,14,641.8364,514.0585,0.9178826
130,1,15,622.3997,540.5794,0.68033314
130,1,16,640.2048,543.9413,0.7206519
131,0,0,527.19366,441.3094,0.055734336
131,0,1,527.14905,437.7586,0.017021557
131,0,2,527.537,437.9194,0.026967073
131,0,3,512.46326,440.29318,0.5106934
131,0,4,531.8034,441.88065,0.68310034
131,0,5,498.37195,458.12866,0.993008
131,0,6,535.12695,465.06207,0.9953631
131,0,7,472.74918,467.62036,0.9452641
131,0,8,551.95404,491.46948,0.96804124
131,0,9,460.3458,486.16888,0.81804955
131,0,10,562.03345,502.88507,0.86273706
131,0,11,489.57846,512.36224,0.9992894
131,0,12,517.8469,513.52655,0.99940646
131,0,13,476.32944,550.7109,0.99775296
131,0,14,537.6487,543.5472,0.99800545
131,0,15,448.70334,591.6184,0.9913975
131,0,16,545.0276,583.4155,0.99245936
131,1,0,658.3824,413.42615,0.02780001
131,1,1,658.65485,409.716,0.0152976755
131,1,2,658.5168,409.9934,0.027951187
131,1,3,643.67303,408.38943,0.4033034
131,1,4,661.0194,410.89624,0.70164365
131,1,5,628.8336,422.27347,0.97654676
131,1,6,660.9547,430.09232,0.9819126
131,1,7,611.10547,437.42365,0.8277192
131,1,8,662.20917,461.8799,0.8823608
131,1,9,621.49457,442.69324,0.51761883
131,1,10,670.3616,484.20273,0.6023143
131,1,11,625.7976,474.62512,0.98850644
131,1,12,646.24713,478.2112,0.98911744
131,1,13,634.9693,509.115,0.95483357
131,1,14,656.49384,512.28375,0.9602323
131,1,15,634.3233,540.699,0.8726094
131,1,16,651.3692,544.47345,0.88513523
132,0,0,539.2759,441.99152,0.07307402
132,0,1,538.62305,438.28726,0.019615442
132,0,2,538.8359,438.63297,0.043478634
132,0,3,522.44226,439.2653,0.4483099
132,0,4,540.22485,441.48972,0.7633871
132,0,5,506.6608,455.50415,0.991932
132,0,6,543.2512,464.14175,0.99526817
132,0,7,484.0908,468.62723,0.9209804
132,0,8,555.8254,493.89777,0.9613904
132,0,9,483.265,493.9453,0.72466606
132,0,10,561.5123,505.19507,0.80855703
132,0,11,497.07733,509.87372,0.99864906
132,0,12,525.0141,512.44635,0.9989151
132,0,13,485.05588,546.20465,0.9942259
132,0,14,540.67206,543.6386,0.994962
132,0,15,461.33618,587.501,0.9761578
132,0,16,542.94653,582.8716,0.9787815
132,1,0,669.35,412.13638,0.014327162
132,1,1,669.6754,407.8746,0.007324134
132,1,2,668.8966,408.53717,0.013760823
132,1,3,654.22424,407.8473,0.27288747
132,1,4,671.9919,411.34885,0.56473756
132,1,5,639.935,423.67532,0.94473475
132,1,6,670.33813,432.33072,0.95281565
132,1,7,623.81213,438.3757,0.7284431
132,1,8,668.02686,462.3897,0.7806344
132,1,9,632.41504,442.21194,0.3974339
132,1,10,668.2161,481.47766,0.4484748
132,1,11,630.0734,480.02,0.9680103
132,1,12,650.357,483.68814,0.9685279
132,1,13,639.64594,508.07526,0.8740881
132,1,14,666.6318,511.58002,0.8851733
132,1,15,634.8398,538.8975,0.70771223
132,1,16,662.77795,543.53656,0.7266365
133,0,0,558.63306,437.73737,0.21575862
133,0,1,557.5283,433.38498,0.03695066
133,0,2,557.40405,433.7889,0.17233892
133,0,3,538.447,433.91193,0.24526407
133,0,4,552.54016,436.82617,0.8618707
133,0,5,521.6027,453.55646,0.99107146
133,0,6,550.5427,460.3235,0.9955082
133,0,7,497.9639,470.27032,0.92078984
133,0,8,556.4542,485.1928,0.9724869
133,0,9,493.55902,494.62573,0.78721714
133,0,10,562.8251,501.68622,0.8953139
133,0,11,510.24744,504.0796,0.9984471
133,0,12,532.04926,506.37775,0.9988826
133,0,13,506.14224,540.6598,0.9946353
133,0,14,544.1825,541.5813,0.9960646
133,0,15,488.04077,582.66766,0.97836953
133,0,16,546.6366,580.9739,0.9823951
133,1,0,695.14417,420.16296,0.08363895
133,1,1,694.86017,416.37177,0.017712042
133,1,2,694.4655,416.9555,0.09901922
133,1,3,673.2783,415.38586,0.17414053
133,1,4,690.3509,418.25424,0.8177035
133,1,5,657.55945,429.9448,0.94733244
133,1,6,682.17926,435.47498,0.97955257
133,1,7,640.49817,454.15503,0.6103612
133,1,8,675.618,467.4807,0.9046703
133,1,9,649.02826,467.83707,0.3488234
133,1,10,683.1455,489.69995,0.66108185
133,1,11,643.7707,485.18018,0.95413065
133,1,12,660.6417,487.6632,0.9693871
133,1,13,651.7274,529.1083,0.7052337
133,1,14,676.0088,531.12463,0.80750954
133,1,15,647.4957,563.5043,0.32684192
133,1,16,675.5722,567.4054,0.4261547
134,0,0,558.1826,437.77448,0.15817225
134,0,1,556.95123,433.44464,0.031100983
134,0,2,557.2648,433.83588,0.11306335
134,0,3,538.01355,434.09766,0.3133249
134,0,4,553.88055,436.95743,0.8297981
134,0,5,521.9507,453.68362,0.99258584
134,0,6,552.1319,460.51538,0.99568427
134,0,7,498.02692,470.2014,0.93353343
134,0,8,557.3278,485.57483,0.97082955
134,0,9,493.8657,494.71698,0.7970393
134,0,10,563.0114,502.1137,0.8807182
134,0,11,510.94223,503.78735,0.998757
134,0,12,533.32336,506.1427,0.9990361
134,0,13,506.50708,540.5192,0.9954724
134,0,14,543.06244,542.2684,0.9963529
134,0,15,488.37292,581.6232,0.98076755
134,0,16,544.9093,581.0217,0.9832492
134,1,0,695.1819,420.20016,0.085065305
134,1,1,694.90784,416.4015,0.017876705
134,1,2,694.49994,416.9862,0.10079321
134,1,3,673.32227,415.38806,0.17366922
134,1,4,690.3999,418.24756,0.8198244
134,1,5,657.55237,429.944,0.94736314
134,1,6,682.21735,435.423,0.9797403
134,1,7,640.5295,454.3799,0.6076777
134,1,8,675.6153,467.46848,0.9050842
134,1,9,649.1564,468.44974,0.34677988
134,1,10,683.18823,489.78937,0.66162497
134,1,11,643.7412,485.15552,0.9539807
134,1,12,660.68463,487.62857,0.96942073
134,1,13,651.64014,529.2138,0.70374155
134,1,14,676.1532,531.2315,0.8072525
134,1,15,647.3427,563.7104,0.32546234
134,1,16,675.7583,567.62286,0.42563117
135,0,0,561.5099,435.35245,0.05194095
135,0,1,559.8659,431.48672,0.019581996
135,0,2,561.3336,431.56488,0.030150011
135,0,3,542.05304,432.43344,0.42296648
135,0,4,561.3273,434.5324,0.58773685
135,0,5,529.20667,451.2954,0.98414695
135,0,6,563.67,458.11722,0.9776833
135,0,7,503.17624,467.93912,0.8848572
135,0,8,568.44275,483.73605,0.82616836
135,0,9,498.49677,492.36877,0.5921898
135,0,10,566.94885,502.77008,0.5003244
135,0,11,525.06604,505.47162,0.99520564
135,0,12,548.82086,507.90393,0.9943222
135,0,13,519.7404,542.2533,0.97986984
135,0,14,549.26996,546.9583,0.97473687
135,0,15,505.2859,582.2768,0.9280911
135,0,16,543.83124,585.3904,0.91253227
135,1,0,702.0109,429.62286,0.12654763
135,1,1,702.168,424.8429,0.022458058
135,1,2,702.26794,424.9983,0.14517722
135,1,3,683.47546,421.70404,0.109106176
135,1,4,697.88824,424.40234,0.7210078
135,1,5,671.11646,438.23297,0.778211
135,1,6,683.52747,441.74045,0.9872737
135,1,7,671.9504,466.75476,0.21054298
135,1,8,676.86035,469.77533,0.96319747
135,1,9,687.7696,489.8498,0.11922891
135,1,10,688.0902,492.04053,0.8290626
135,1,11,651.8243,492.57715,0.93566394
135,1,12,663.4243,494.87,0.9864535
135,1,13,650.4896,538.6568,0.7642186
135,1,14,672.88074,542.7404,0.9497666
135,1,15,644.7184,584.32947,0.5367573
135,1,16,674.9891,588.0095,0.81531
135,2,0,702.0979,428.47076,0.2196059
135,2,1,702.77014,425.2932,0.02225937
135,2,2,702.47766,425.4817,0.2674185
135,2,3,687.69556,424.86438,0.01961722
135,2,4,698.67346,426.0989,0.6718839
135,2,5,676.2362,438.8658,0.75762135
135,2,6,683.1264,440.62067,0.94980353
135,2,7,674.08185,468.5083,0.3560761
135,2,8,679.00195,468.74704,0.9437155
135,2,9,683.93243,490.0271,0.35168532
135,2,10,687.3743,492.1184,0.86644334
135,2,11,656.269,491.79108,0.8979756
135,2,12,661.1654,492.46997,0.95545614
135,2,13,657.8433,536.02716,0.5765804
135,2,14,665.8125,536.24286,0.7976088
135,2,15,650.9061,566.85614,0.23386236
135,2,16,660.9314,569.14905,0.40489918
136,0,0,569.1748,430.9868,0.08901763
136,0,1,567.83435,426.68512,0.029683335
136,0,2,568.47095,426.70212,0.07668927
136,0,3,550.24896,427.3038,0.3419792
136,0,4,566.80554,429.07056,0.6991249
136,0,5,536.7528,449.04462,0.94895196
136,0,6,568.4902,452.25906,0.98076355
136,0,7,519.8924,473.52893,0.5420732
136,0,8,575.71204,478.9765,0.84188104
136,0,9,519.86926,498.48364,0.20997982
136,0,10,571.5549,497.46533,0.4707932
136,0,11,533.7016,501.72583,0.97837865
136,0,12,554.97833,502.84644,0.98733795
136,0,13,534.5752,540.83154,0.9154397
136,0,14,553.8297,542.9036,0.9496992
136,0,15,525.7218,582.71405,0.7989651
136,0,16,545.1489,581.1755,0.85634875
137,0,0,566.9143,426.51776,0.05510128
137,0,1,566.4427,422.35004,0.024588265
137,0,2,568.06116,422.7659,0.026325123
137,0,3,553.66876,422.72687,0.61410195
137,0,4,573.50183,424.89294,0.6189889
137,0,5,539.54614,442.04855,0.99348116
137,0,6,577.23035,449.24832,0.9914479
137,0,7,515.5984,458.91312,0.9589058
137,0,8,581.8305,478.33505,0.93600744
137,0,9,502.7755,479.9329,0.7682148
137,0,10,576.4088,500.71326,0.6885276
137,0,11,535.5236,495.80133,0.9926258
137,0,12,559.27026,498.67236,0.99142563
137,0,13,539.9093,533.6488,0.8739712
137,0,14,557.87744,538.41016,0.84691274
137,0,15,540.912,573.49115,0.40528706
137,0,16,549.8512,574.70886,0.35506043
137,1,0,723.1656,439.2174,0.6379387
137,1,1,723.35754,435.65762,0.183557
137,1,2,722.38135,435.45026,0.70229346
137,1,3,710.46326,433.61877,0.07668706
137,1,4,714.22546,433.42923,0.8288585
137,1,5,700.61005,446.04608,0.88721555
137,1,6,697.6745,447.1757,0.969478
137,1,7,696.7908,472.38797,0.46753097
137,1,8,686.7286,475.11475,0.9210545
137,1,9,702.4566,492.6496,0.3622947
137,1,10,696.2405,495.0678,0.78654796
137,1,11,684.347,493.8073,0.77655685
137,1,12,682.4114,494.8954,0.8681841
137,1,13,694.35754,522.6441,0.18190493
137,1,14,689.971,524.1262,0.33569762
137,1,15,687.8641,533.9646,0.055420656
137,1,16,684.2327,537.59875,0.0992032
138,0,0,570.5716,415.7424,0.011745746
138,0,1,571.34125,411.71796,0.012426131
138,0,2,573.3166,412.81024,0.009703485
138,0,3,564.2829,412.45706,0.6680476
138,0,4,584.01044,415.9977,0.6098095
138,0,5,551.30133,430.0822,0.987495
138,0,6,585.7073,437.85538,0.98418355
138,0,7,526.8265,451.10217,0.9400413
138,0,8,592.9176,464.7042,0.90896785
138,0,9,509.95612,473.8198,0.69807214
138,0,10,594.5401,489.02808,0.6234079
138,0,11,551.9751,484.08865,0.98677665
138,0,12,570.7196,487.39865,0.9840636
138,0,13,559.0339,526.7597,0.8550726
138,0,14,569.4107,530.61707,0.8294445
138,0,15,564.5453,556.18835,0.44101968
138,0,16,563.4736,560.56134,0.40630797
139,0,0,570.3862,415.55423,0.0118769305
139,0,1,571.153,411.40033,0.012455347
139,0,2,572.8841,412.61295,0.009754373
139,0,3,564.2149,411.87653,0.6892183
139,0,4,583.4877,415.83612,0.6396455
139,0,5,550.7669,429.8357,0.9893965
139,0,6,585.61005,438.5165,0.9863624
139,0,7,526.46814,450.67953,0.9450654
139,0,8,593.5415,466.0354,0.9118943
139,0,9,508.9603,475.06018,0.6889996
139,0,10,594.3208,491.46906,0.60172623
139,0,11,551.7343,484.11722,0.9858115
139,0,12,570.8324,487.92282,0.9825682
139,0,13,557.91504,527.38904,0.8071116
139,0,14,569.7817,531.9293,0.7712766
139,0,15,564.1408,557.12256,0.34953326
139,0,16,566.3267,562.04376,0.31472668
140,0,0,582.14606,412.2478,0.0229686
140,0,1,582.2395,408.34363,0.018863415
140,0,2,583.20544,409.24472,0.02264866
140,0,3,570.24176,408.88013,0.63395345
140,0,4,588.1504,412.07416,0.7377598
140,0,5,556.9083,427.368,0.9880844
140,0,6,591.0342,434.57788,0.987609
140,0,7,534.49493,448.50812,0.9296204
140,0,8,597.33746,460.72983,0.92184836
140,0,9,520.3213,472.5003,0.6729703
140,0,10,597.1586,481.18094,0.6507182
140,0,11,557.10547,484.4121,0.98308176
140,0,12,576.76544,487.5647,0.9810449
140,0,13,561.6345,527.9741,0.76378006
140,0,14,576.09985,531.8578,0.746386
140,0,15,564.1352,556.3231,0.29191408
140,0,16,570.97046,561.1992,0.27896655
141,0,0,593.7882,409.93835,0.095773816
141,0,1,592.091,406.2968,0.045122
141,0,2,593.6198,406.6526,0.054711647
141,0,3,577.57184,407.1533,0.5230221
141,0,4,594.2296,408.94144,0.64702505
141,0,5,564.04626,424.39093,0.9904232
141,0,6,598.68317,431.2446,0.9769932
141,0,7,541.9585,440.06662,0.9426017
141,0,8,604.5572,456.87946,0.7959712
141,0,9,528.40875,462.7103,0.74694556
141,0,10,597.3244,467.679,0.46448478
141,0,11,566.3113,471.7791,0.9886304
141,0,12,586.91046,475.29712,0.9804746
141,0,13,570.5969,499.7079,0.91504955
141,0,14,581.8074,504.65527,0.83723044
141,0,15,574.679,530.9723,0.6727544
141,0,16,574.12286,533.8871,0.52585226
142,0,0,600.358,409.85574,0.055701096
142,0,1,599.89374,406.04144,0.030007811
142,0,2,599.60754,406.56238,0.05662436
142,0,3,581.6701,406.9812,0.5770786
142,0,4,597.82074,409.7514,0.80066264
142,0,5,570.606,425.15372,0.99072695
142,0,6,602.16425,432.07794,0.99175054
142,0,7,549.50104,441.36578,0.92991745
142,0,8,607.33813,457.23276,0.94486344
142,0,9,536.0998,453.67447,0.7336402
142,0,10,602.3797,475.79852,0.7686642
142,0,11,572.0553,473.9041,0.98742014
142,0,12,590.48145,476.50162,0.98716646
142,0,13,578.2196,505.04913,0.8880962
142,0,14,589.74554,507.3438,0.89001626
142,0,15,583.27765,523.47284,0.566562
142,0,16,585.83746,526.6718,0.56854826
143,0,0,611.591,408.23148,0.12722494
143,0,1,609.2567,404.22507,0.0465687
143,0,2,610.8491,404.57318,0.086094245
143,0,3,592.99005,404.8794,0.4865099
143,0,4,610.0674,406.77054,0.77879405
143,0,5,579.7761,424.09686,0.9935436
143,0,6,615.0534,431.76422,0.98622835
143,0,7,557.68567,440.59177,0.9419379
143,0,8,620.6848,461.21606,0.8371955
143,0,9,548.1514,462.59076,0.7183313
143,0,10,615.31366,477.02814,0.4960413
143,0,11,583.70514,478.17737,0.99443036
143,0,12,604.2344,481.8948,0.99123865
143,0,13,595.8469,514.69946,0.95664775
143,0,14,603.2288,519.4963,0.9250839
143,0,15,597.16614,549.29114,0.80278844
143,0,16,587.2765,551.9885,0.7125027
144,0,0,611.89526,408.1641,0.1408161
144,0,1,609.47314,404.13742,0.049980547
144,0,2,611.06824,404.40662,0.09848757
144,0,3,592.9138,404.87982,0.4660425
144,0,4,609.7041,406.55994,0.7898125
144,0,5,579.4124,424.58102,0.9930501
144,0,6,614.86194,431.6748,0.98534006
144,0,7,557.8583,441.86703,0.93761533
144,0,8,620.7058,461.01245,0.82980484
144,0,9,547.2467,463.8283,0.70756716
144,0,10,615.5422,477.0777,0.48925868
144,0,11,583.9483,478.67035,0.9933246
144,0,12,604.48224,482.19592,0.9895663
144,0,13,596.4969,515.1693,0.94689476
144,0,14,603.1391,519.8562,0.90960455
144,0,15,598.2244,549.47974,0.7675786
144,0,16,587.29895,552.1866,0.6686239
145,0,0,619.46716,404.5334,0.17790937
145,0,1,616.1891,400.7934,0.06205406
145,0,2,618.0466,400.96106,0.13804823
145,0,3,598.21954,402.40585,0.40860745
145,0,4,614.4826,403.93042,0.8003861
145,0,5,586.62616,421.1157,0.9892356
145,0,6,620.7661,427.2648,0.97930086
145,0,7,564.89557,432.9486,0.8867947
145,0,8,625.9478,454.01788,0.7433655
145,0,9,555.8815,445.01135,0.60846806
145,0,10,621.36395,469.86258,0.3954882
145,0,11,590.11066,473.0867,0.9931908
145,0,12,611.02435,475.50177,0.9897254
145,0,13,595.792,510.8636,0.9735768
145,0,14,612.32983,510.9906,0.9546868
145,0,15,587.6284,544.79193,0.91631246
145,0,16,598.647,547.9462,0.8727195
146,0,0,623.99023,402.03073,0.043760695
146,0,1,622.7792,398.77124,0.020834036
146,0,2,623.28766,398.78818,0.04665629
146,0,3,602.82227,400.7842,0.4333598
146,0,4,620.25183,402.35056,0.75394464
146,0,5,593.1593,419.8198,0.97616017
146,0,6,624.67773,424.9972,0.98296803
146,0,7,574.3691,428.69867,0.79509217
146,0,8,629.4784,446.3405,0.87746614
146,0,9,570.6892,431.732,0.4726771
146,0,10,627.54425,465.2164,0.585068
146,0,11,596.5375,465.33838,0.9710401
146,0,12,615.9017,467.16318,0.97315603
146,0,13,600.87445,495.9604,0.8190306
146,0,14,618.45465,496.75818,0.83770454
146,0,15,605.4678,518.74054,0.56049865
146,0,16,616.97534,519.8683,0.58536154
147,0,0,628.8563,398.69647,0.048683725
147,0,1,627.6129,394.9944,0.019000515
147,0,2,628.2156,395.27136,0.051284272
147,0,3,606.6221,396.10684,0.4142862
147,0,4,625.13367,398.16553,0.7916422
147,0,5,596.0333,415.07382,0.98298407
147,0,6,628.6378,420.66327,0.98875624
147,0,7,577.79755,428.5334,0.8423971
147,0,8,633.918,445.01175,0.9242651
147,0,9,573.6462,436.77145,0.53632414
147,0,10,633.3639,466.7696,0.68247974
147,0,11,601.5537,462.3463,0.9807597
147,0,12,621.6414,464.54987,0.9831524
147,0,13,606.04364,501.29254,0.82517713
147,0,14,623.7247,502.42004,0.8531547
147,0,15,611.5548,529.73083,0.4837713
147,0,16,623.1073,531.1599,0.52278954
148,0,0,622.4716,390.9764,0.17268364
148,0,1,624.6711,387.50534,0.13880183
148,0,2,621.73914,387.30786,0.11335241
148,0,3,625.2007,390.7118,0.2738626
148,0,4,623.1253,390.4123,0.21263187
148,0,5,630.4706,410.82104,0.91512704
148,0,6,610.6554,409.81415,0.90984786
148,0,7,638.3129,429.57318,0.830537
148,0,8,588.2709,424.3318,0.7958656
148,0,9,617.0951,426.24887,0.7116151
148,0,10,587.14655,423.86765,0.67122936
148,0,11,626.8855,456.00974,0.9441231
148,0,12,614.3647,455.92874,0.9408504
148,0,13,629.48987,488.73676,0.7388558
148,0,14,616.0479,488.61517,0.7203925
148,0,15,632.2711,513.2731,0.40766293
148,0,16,618.7341,512.75854,0.3892736
149,0,0,621.13226,390.83395,0.11225815
149,0,1,622.3808,387.38065,0.11771447
149,0,2,621.613,387.32947,0.042990126
149,0,3,618.7727,390.62338,0.53191596
149,0,4,629.8492,390.75214,0.1540426
149,0,5,615.5557,410.57977,0.94197726
149,0,6,628.26227,410.99164,0.8909922
149,0,7,610.62915,426.97528,0.87090874
149,0,8,616.7782,426.5126,0.6236687
149,0,9,603.33563,422.42773,0.7257169
149,0,10,600.34204,424.8166,0.47477636
149,0,11,617.7805,459.08167,0.94766825
149,0,12,626.6886,459.40872,0.92573655
149,0,13,618.99744,490.87048,0.76124275
149,0,14,627.1016,491.56787,0.66794115
149,0,15,624.03345,514.989,0.42530897
149,0,16,627.27765,515.21136,0.34471217
150,0,0,629.35706,392.09106,0.034332722
150,0,1,628.99585,388.21738,0.02104383
150,0,2,629.53314,388.22168,0.019307815
150,0,3,618.5113,389.22476,0.51079774
150,0,4,635.44836,389.7331,0.4924575
150,0,5,610.0076,407.6297,0.97432274
150,0,6,642.8563,411.42822,0.9416335
150,0,7,592.62775,420.54807,0.7903127
150,0,8,651.2624,437.3725,0.51252437
150,0,9,591.2917,423.86462,0.36398697
150,0,10,646.87683,452.84833,0.16684264
150,0,11,616.1687,458.54193,0.98648095
150,0,12,639.4715,459.63354,0.9786113
150,0,13,614.9617,493.7461,0.943527
150,0,14,649.28827,491.4292,0.90423256
150,0,15,610.7716,533.0396,0.84994966
150,0,16,651.9892,527.67285,0.7840613
151,0,0,628.8242,393.7597,0.009769311
151,0,1,629.81805,390.66287,0.010619269
151,0,2,629.656,390.49548,0.007422184
151,0,3,620.97205,392.66275,0.6922117
151,0,4,639.48956,392.7934,0.6138008
151,0,5,612.2796,409.55435,0.9820409
151,0,6,646.9871,411.0988,0.97368526
151,0,7,594.5823,428.79205,0.89544487
151,0,8,653.90546,436.69946,0.8199679
151,0,9,590.17883,430.5965,0.5230554
151,0,10,649.6626,452.2259,0.42081395
151,0,11,617.22687,459.8688,0.97153485
151,0,12,641.7145,460.25983,0.96531147
151,0,13,614.2681,494.53992,0.7016248
151,0,14,653.6464,493.84772,0.6587999
151,0,15,613.5279,523.6506,0.26685944
151,0,16,662.8635,522.4833,0.23901767
152,0,0,639.87665,398.72098,0.08048703
152,0,1,638.5132,395.1909,0.03093192
152,0,2,639.6977,395.2085,0.04408204
152,0,3,624.6731,395.13147,0.5064447
152,0,4,642.9914,396.20718,0.666233
152,0,5,617.51526,413.9792,0.98888844
152,0,6,649.675,417.7705,0.9906131
152,0,7,600.0481,429.60968,0.9217619
152,0,8,662.6856,442.52872,0.9336874
152,0,9,596.11945,436.4472,0.75027287
152,0,10,662.09906,459.41803,0.76367295
152,0,11,621.10706,462.78864,0.997712
152,0,12,646.7642,464.2645,0.9978429
152,0,13,615.0358,495.0276,0.99117893
152,0,14,667.9365,491.7749,0.99145156
152,0,15,604.1742,526.7812,0.9690571
152,0,16,687.01373,522.20154,0.97071886
153,0,0,650.2111,406.5554,0.024486624
153,0,1,650.3633,402.95016,0.019079352
153,0,2,650.47626,403.06052,0.0184884
153,0,3,638.02844,405.2841,0.7530075
153,0,4,657.04913,405.87262,0.7514545
153,0,5,627.7106,425.52106,0.988868
153,0,6,665.79865,427.01898,0.9849819
153,0,7,612.6326,447.0526,0.87616664
153,0,8,677.2272,453.06976,0.8412848
153,0,9,615.4862,447.92795,0.46635827
153,0,10,678.5919,463.55673,0.43037334
153,0,11,632.09485,477.55502,0.9576905
153,0,12,660.3522,477.91757,0.9523445
153,0,13,625.58655,489.13544,0.5671774
153,0,14,676.31274,488.38837,0.5456754
153,0,15,616.349,518.1498,0.22604272
153,0,16,681.96497,517.48224,0.21488409
153,1,0,652.2446,406.4025,0.05333497
153,1,1,651.5303,403.53912,0.02128686
153,1,2,652.2691,403.3757,0.029906968
153,1,3,638.6604,404.96533,0.5064497
153,1,4,656.34436,405.15393,0.6691752
153,1,5,629.1626,423.05893,0.98590416
153,1,6,663.2423,424.51852,0.98365664
153,1,7,613.1235,439.29144,0.8675763
153,1,8,677.33844,448.49033,0.8387584
153,1,9,611.10876,442.29343,0.5151349
153,1,10,682.12726,459.96454,0.45570788
153,1,11,632.2034,473.01447,0.99133414
153,1,12,659.3667,473.28528,0.990263
153,1,13,621.0735,494.0033,0.9353692
153,1,14,682.69635,489.8947,0.92322123
153,1,15,605.0304,527.42664,0.7840219
153,1,16,693.23944,520.67944,0.7606424
154,0,0,652.26654,405.72943,0.021951817
154,0,1,652.05994,402.26184,0.018465675
154,0,2,652.2636,402.31024,0.018151658
154,0,3,637.7482,404.67868,0.7441834
154,0,4,656.8306,405.3821,0.74864304
154,0,5,628.7391,425.149,0.9895446
154,0,6,664.6616,427.1614,0.9864423
154,0,7,615.1072,444.02502,0.88818437
154,0,8,677.00665,451.6116,0.85278004
154,0,9,614.9773,444.70224,0.49040654
154,0,10,679.0696,462.15305,0.43982056
154,0,11,633.8187,473.38797,0.9618621
154,0,12,658.97144,473.87216,0.9555341
154,0,13,626.26514,498.9765,0.5428628
154,0,14,668.24286,498.33862,0.5085668
154,0,15,623.60925,520.1393,0.18260293
154,0,16,673.8885,519.48694,0.1681478
155,0,0,658.5034,412.79218,0.019840322
155,0,1,658.69867,409.16428,0.01640634
155,0,2,658.79895,409.46637,0.015852636
155,0,3,648.83466,409.7329,0.61352307
155,0,4,666.462,410.62448,0.6471774
155,0,5,638.21,427.01764,0.97003025
155,0,6,672.83203,428.9264,0.9650997
155,0,7,628.99207,450.92032,0.7801693
155,0,8,681.9015,453.94418,0.7436563
155,0,9,632.6338,461.64124,0.32850528
155,0,10,682.42896,463.88837,0.29990673
155,0,11,641.74286,474.57867,0.88985896
155,0,12,666.31805,475.66248,0.8786667
155,0,13,637.61945,498.51318,0.26187694
155,0,14,676.8368,499.7304,0.25013483
155,0,15,634.96124,519.35364,0.07174399
155,0,16,680.0381,520.80273,0.06952964
155,1,0,757.22736,422.1339,0.08840353
155,1,1,756.90485,418.46683,0.023445848
155,1,2,756.20276,418.27505,0.10392045
155,1,3,739.4203,420.93365,0.09433623
155,1,4,753.56494,421.02997,0.6012244
155,1,5,733.7504,441.13766,0.69359773
155,1,6,754.4005,442.4345,0.87156636
155,1,7,731.5869,468.95663,0.15796193
155,1,8,756.4318,471.69153,0.57728904
155,1,9,739.8862,485.13254,0.084803775
155,1,10,757.8561,490.4065,0.2878055
155,1,11,741.72644,490.2917,0.78930056
155,1,12,755.42676,491.31824,0.86384887
155,1,13,754.87683,528.2766,0.65162873
155,1,14,761.4742,527.89624,0.78692174
155,1,15,759.4994,565.7835,0.5527229
155,1,16,761.02527,566.3593,0.67279303
156,0,0,670.5166,412.49683,0.022843381
156,0,1,670.8046,408.72418,0.018288247
156,0,2,670.2438,409.17154,0.017149152
156,0,3,660.4956,409.8823,0.6266643
156,0,4,678.381,411.19473,0.6492022
156,0,5,648.9894,428.17953,0.97662497
156,0,6,685.6443,430.17392,0.9714608
156,0,7,638.5467,454.23734,0.829739
156,0,8,691.2763,456.8995,0.7827816
156,0,9,642.2715,471.1672,0.39511886
156,0,10,684.74347,473.04355,0.34852257
156,0,11,650.64703,478.4909,0.90414673
156,0,12,676.9673,479.30573,0.89280343
156,0,13,641.41455,493.5979,0.3173333
156,0,14,682.38226,494.75983,0.2911367
156,0,15,638.674,510.0157,0.09282299
156,0,16,684.1272,511.54468,0.08603669
156,1,0,747.1854,411.5798,0.02679879
156,1,1,745.87933,407.42065,0.011923328
156,1,2,746.7438,408.37512,0.027811281
156,1,3,726.0388,408.51755,0.29444602
156,1,4,746.1936,411.7493,0.6138556
156,1,5,713.12616,428.6693,0.92915064
156,1,6,744.00226,433.0823,0.9434214
156,1,7,698.47754,452.43585,0.5779018
156,1,8,745.8163,457.06918,0.6960539
156,1,9,698.7605,466.38553,0.23542905
156,1,10,742.71295,468.94983,0.30163807
156,1,11,708.6414,481.22107,0.86547834
156,1,12,728.6397,483.15842,0.8715854
156,1,13,710.1103,509.36658,0.37495133
156,1,14,733.2978,511.3855,0.40248135
156,1,15,709.28687,529.15186,0.16149896
156,1,16,728.07404,532.0687,0.17411762
157,0,0,741.81824,404.36768,0.027720977
157,0,1,740.9588,400.04807,0.015689593
157,0,2,741.0226,401.11404,0.026035711
157,0,3,721.9839,401.33875,0.43574306
157,0,4,742.6026,405.0117,0.6517454
157,0,5,708.0891,421.1567,0.9661966
157,0,6,741.6364,427.2348,0.9649442
157,0,7,695.364,443.6348,0.77952564
157,0,8,742.9244,454.32413,0.77757263
157,0,9,700.82416,456.1718,0.39748535
157,0,10,741.94196,466.98334,0.3880962
157,0,11,705.0674,473.19113,0.93873227
157,0,12,726.9337,475.93835,0.9337511
157,0,13,705.21564,511.28296,0.53026944
157,0,14,728.83154,514.3544,0.51594853
157,0,15,704.4558,537.65594,0.18920922
157,0,16,722.6028,541.19995,0.18391202
158,0,0,728.62085,400.9836,0.052599605
158,0,1,728.38086,397.11307,0.023928458
158,0,2,728.1873,397.6038,0.04974094
158,0,3,710.0921,398.02655,0.56146383
158,0,4,730.0101,399.9248,0.8175667
158,0,5,698.64435,417.6092,0.9848141
158,0,6,734.6291,420.80563,0.98829705
158,0,7,686.9933,444.8657,0.8492011
158,0,8,743.0951,452.19366,0.918924
158,0,9,691.9998,459.15454,0.4905737
158,0,10,746.57806,473.035,0.62471753
158,0,11,699.5433,472.5561,0.9572973
158,0,12,724.3173,473.38034,0.96224993
158,0,13,693.0534,509.80725,0.45852366
158,0,14,724.8791,509.67163,0.49900794
158,0,15,688.05005,540.2243,0.097025625
158,0,16,722.11597,540.7323,0.108199425
159,0,0,729.1802,400.80444,0.051096383
159,0,1,728.933,396.9923,0.023034742
159,0,2,728.74896,397.44672,0.048445486
159,0,3,710.8019,398.02057,0.54624933
159,0,4,730.35974,399.9082,0.8118664
159,0,5,699.73035,417.32016,0.98401904
159,0,6,734.8649,420.77805,0.9878764
159,0,7,688.1505,443.53824,0.84701765
159,0,8,743.1326,452.34732,0.9195085
159,0,9,693.20154,456.49286,0.49205813
159,0,10,747.19763,473.54724,0.63100004
159,0,11,700.4716,471.37735,0.9568173
159,0,12,724.59863,472.2745,0.9620535
159,0,13,694.55023,508.55005,0.46504596
159,0,14,725.622,508.40045,0.5079278
159,0,15,689.13385,538.6071,0.10000517
159,0,16,722.6021,539.07947,0.11225897
160,0,0,723.0638,401.3827,0.032764237
160,0,1,723.24005,397.284,0.023036351
160,0,2,722.4759,397.79697,0.030338613
160,0,3,706.89734,398.7419,0.64415306
160,0,4,726.44244,400.3795,0.76986617
160,0,5,696.02155,419.22302,0.98563045
160,0,6,731.5116,421.58502,0.9840455
160,0,7,686.85254,450.49417,0.90037227
160,0,8,740.8082,452.14056,0.8928034
160,0,9,687.06696,477.47632,0.57152104
160,0,10,742.96356,474.96185,0.55568177
160,0,11,699.6228,471.0134,0.9492475
160,0,12,722.83417,472.04898,0.9441932
160,0,13,698.7275,511.53076,0.38317317
160,0,14,723.72363,512.3443,0.36949974
160,0,15,697.79333,532.751,0.06065816
160,0,16,721.30927,533.8378,0.058311153
161,0,0,718.8814,399.95267,0.06523786
161,0,1,717.6795,395.9184,0.030622853
161,0,2,719.8667,396.3335,0.043281134
161,0,3,705.72864,397.27283,0.5246828
161,0,4,726.3954,398.93668,0.60408586
161,0,5,694.4229,419.3577,0.96867645
161,0,6,733.8313,423.981,0.9881358
161,0,7,683.1483,448.69537,0.72739244
161,0,8,742.51416,458.00058,0.91721207
161,0,9,687.1372,469.5351,0.37426937
161,0,10,746.18915,479.06976,0.6421568
161,0,11,694.6183,476.32303,0.98559386
161,0,12,720.0136,478.4472,0.99165726
161,0,13,696.49677,512.7118,0.9336421
161,0,14,715.128,518.31384,0.96157265
161,0,15,695.07214,552.4974,0.81338334
161,0,16,703.869,556.9031,0.8718012
162,0,0,715.6679,402.43045,0.067758024
162,0,1,714.63885,398.73154,0.03326185
162,0,2,715.89374,398.9354,0.041966934
162,0,3,702.9327,399.8868,0.5625773
162,0,4,720.55,401.17108,0.6164131
162,0,5,692.65704,418.9147,0.9797698
162,0,6,727.4755,422.8634,0.98451924
162,0,7,678.25757,441.3032,0.8015718
162,0,8,736.20703,452.48282,0.8591421
162,0,9,679.1062,454.0394,0.4285337
162,0,10,741.88666,471.89667,0.50412714
162,0,11,692.4566,470.83347,0.9871955
162,0,12,715.13995,472.17694,0.98917764
162,0,13,689.6213,507.51965,0.9251838
162,0,14,711.2358,510.4944,0.93482256
162,0,15,687.32874,542.8504,0.7585808
162,0,16,704.61816,546.12805,0.7760126
163,0,0,709.37775,402.956,0.06257169
163,0,1,708.4112,399.49667,0.02130138
163,0,2,709.0571,399.37155,0.04304677
163,0,3,695.5432,401.90045,0.49613583
163,0,4,712.49725,402.80655,0.70212823
163,0,5,687.6602,421.42603,0.9753448
163,0,6,718.59656,425.86902,0.9943197
163,0,7,680.64124,443.9675,0.6755509
163,0,8,727.41534,456.31314,0.9521165
163,0,9,690.3323,448.53152,0.3131789
163,0,10,737.31104,475.31226,0.7376568
163,0,11,686.15643,475.13754,0.992694
163,0,12,708.8386,476.9501,0.99693054
163,0,13,673.63477,508.2459,0.96427697
163,0,14,710.1795,516.06836,0.9859737
163,0,15,660.17285,540.4184,0.8850886
163,0,16,705.9468,553.5829,0.94054914
164,0,0,709.9766,402.6693,0.06767853
164,0,1,708.8614,399.26105,0.0218512
164,0,2,709.48016,399.09753,0.04774746
164,0,3,695.62964,401.64368,0.47728986
164,0,4,712.27374,402.513,0.7163788
164,0,5,687.6718,421.2609,0.9745325
164,0,6,718.5887,425.58237,0.99459076
164,0,7,680.36005,443.69986,0.6679996
164,0,8,727.1682,456.21365,0.9560869
164,0,9,690.1587,446.67004,0.31226426
164,0,10,736.6768,475.55692,0.7561926
164,0,11,686.19135,475.11185,0.9924218
164,0,12,708.9392,476.88123,0.99695396
164,0,13,673.69946,507.79736,0.9626281
164,0,14,710.9984,515.6671,0.9860474
164,0,15,659.93396,539.98035,0.8798474
164,0,16,706.653,553.5874,0.9399029
165,0,0,704.4049,404.10684,0.047151946
165,0,1,703.60156,400.5387,0.020465834
165,0,2,704.438,400.42194,0.030880855
165,0,3,690.9205,403.03247,0.5600019
165,0,4,709.083,403.30368,0.6712927
165,0,5,681.5605,423.64905,0.9741078
165,0,6,715.7646,425.70828,0.99163634
165,0,7,675.82434,449.73972,0.6423785
165,0,8,722.5753,452.1034,0.9053079
165,0,9,685.3666,462.27658,0.26559138
165,0,10,728.85736,471.36978,0.57036245
165,0,11,682.1576,476.22495,0.99234265
165,0,12,707.83813,478.10355,0.9959586
165,0,13,668.9315,507.12952,0.9685938
165,0,14,711.65674,516.42847,0.9834014
165,0,15,655.80707,537.2255,0.917681
165,0,16,708.6532,551.83844,0.9476988
165,1,0,778.4097,413.19467,0.04739399
165,1,1,777.59125,409.1934,0.014475165
165,1,2,778.6351,410.0846,0.046594
165,1,3,759.2143,408.90314,0.16517791
165,1,4,777.43866,412.43625,0.5845171
165,1,5,746.3716,423.79916,0.894543
165,1,6,770.7307,431.08072,0.9257621
165,1,7,731.36426,437.45822,0.5452759
165,1,8,764.65204,454.77182,0.72697675
165,1,9,735.0347,441.42682,0.337415
165,1,10,763.2335,469.294,0.47771725
165,1,11,738.50757,469.1942,0.93364197
165,1,12,755.7595,472.40427,0.94313204
165,1,13,742.7472,498.9071,0.81648684
165,1,14,767.33746,501.58942,0.8513641
165,1,15,744.574,525.662,0.6770189
165,1,16,774.16113,529.55994,0.71645844
166,0,0,700.4833,402.52875,0.05855169
166,0,1,699.8848,399.15106,0.027531216
166,0,2,700.3606,399.02612,0.038625605
166,0,3,688.7035,401.5949,0.5849774
166,0,4,705.3799,401.64185,0.67703855
166,0,5,678.5286,421.1491,0.97667104
166,0,6,712.2346,423.8889,0.9897419
166,0,7,669.7767,444.66403,0.69268864
166,0,8,718.76025,453.2131,0.8861731
166,0,9,684.12115,449.65155,0.30219683
166,0,10,725.2239,469.03656,0.53084874
166,0,11,680.2528,473.21033,0.9897361
166,0,12,705.5155,475.05875,0.9935742
166,0,13,668.974,503.54242,0.9509111
166,0,14,711.32605,511.04755,0.96914333
166,0,15,655.29865,534.2626,0.8674019
166,0,16,708.9728,546.35724,0.9037146
166,1,0,793.6598,421.47177,0.3008202
166,1,1,793.2194,417.35464,0.03308912
166,1,2,793.3196,417.31573,0.34978855
166,1,3,777.89703,417.17996,0.018832918
166,1,4,785.78937,417.2174,0.6908152
166,1,5,766.5899,435.5469,0.7021048
166,1,6,768.42303,437.70972,0.9295815
166,1,7,767.6479,468.92883,0.25070485
166,1,8,761.9647,473.91675,0.89028424
166,1,9,780.3286,499.04315,0.1957284
166,1,10,779.6889,504.7603,0.7121351
166,1,11,760.5904,499.21606,0.5558407
166,1,12,761.5243,501.64075,0.7369199
166,1,13,772.35187,529.8364,0.052935112
166,1,14,773.4106,532.1254,0.13769151
166,1,15,770.04926,537.0664,0.012668701
166,1,16,769.3006,541.0051,0.028026933
167,0,0,698.9468,401.81104,0.06754127
167,0,1,697.737,398.53918,0.025672669
167,0,2,698.36053,398.16754,0.048367742
167,0,3,684.11084,400.9964,0.53894156
167,0,4,701.2028,400.89545,0.7412946
167,0,5,674.5654,420.9719,0.9795364
167,0,6,707.27356,422.8318,0.9932151
167,0,7,664.6898,443.97284,0.7039724
167,0,8,714.3402,450.8576,0.92741716
167,0,9,680.4337,453.61725,0.31592485
167,0,10,719.62573,470.8843,0.6348072
167,0,11,674.6086,472.67804,0.9926859
167,0,12,699.16907,473.85562,0.99606943
167,0,13,666.50037,506.05963,0.96150017
167,0,14,707.0419,511.41687,0.979814
167,0,15,652.6719,536.81836,0.8828559
167,0,16,705.80096,547.50806,0.92544377
167,1,0,799.76715,435.73407,0.5361325
167,1,1,800.9238,431.83832,0.05305858
167,1,2,799.5627,430.93613,0.60210335
167,1,3,789.71515,428.307,0.0131748505
167,1,4,791.8189,426.18027,0.8132284
167,1,5,773.6511,439.92404,0.8295263
167,1,6,778.46533,439.79477,0.97339636
167,1,7,772.83777,474.46512,0.3713485
167,1,8,772.1117,478.42804,0.96112204
167,1,9,788.2786,491.2473,0.44067216
167,1,10,788.3959,501.6665,0.9240833
167,1,11,763.50214,487.58566,0.9320021
167,1,12,766.56354,489.6886,0.9733464
167,1,13,795.18005,509.12585,0.8539631
167,1,14,800.64856,510.65686,0.9583872
167,1,15,804.0051,544.29254,0.7323101
167,1,16,806.6666,547.7898,0.8848486
168,0,0,697.08057,402.56155,0.061605506
168,0,1,696.1645,399.27216,0.02411676
168,0,2,696.7529,398.92804,0.04121168
168,0,3,682.35187,401.52466,0.56741333
168,0,4,700.13324,401.64075,0.7246683
168,0,5,671.4424,420.3313,0.9814699
168,0,6,705.94714,423.56555,0.9932052
168,0,7,659.556,442.3996,0.7334192
168,0,8,711.2589,452.21683,0.9270394
168,0,9,672.5971,446.81818,0.34609085
168,0,10,716.02875,469.27182,0.64200634
168,0,11,671.28937,472.53397,0.99313736
168,0,12,697.449,474.65707,0.9961541
168,0,13,663.3971,504.60352,0.96408373
168,0,14,709.7451,513.1397,0.98065877
168,0,15,649.7922,537.7849,0.88819504
168,0,16,707.69934,552.8233,0.92699516
168,1,0,811.54663,439.96313,0.51024926
168,1,1,811.7543,436.77164,0.08845438
168,1,2,810.9267,436.62045,0.5835827
168,1,3,802.1646,435.04807,0.027447369
168,1,4,802.7731,434.65857,0.7553767
168,1,5,792.22974,446.50522,0.78134185
168,1,6,785.08124,447.68472,0.94577384
168,1,7,790.5913,475.66058,0.3678152
168,1,8,780.785,479.93372,0.91813856
168,1,9,798.7094,500.2207,0.3171691
168,1,10,796.3081,507.2647,0.79843277
168,1,11,777.0782,490.9156,0.6448153
168,1,12,771.64154,492.46942,0.792263
168,1,13,787.2431,521.61615,0.10376707
168,1,14,780.57947,523.8688,0.2325781
168,1,15,785.01855,536.9806,0.026404323
168,1,16,781.0297,540.9541,0.053538673
169,0,0,695.77563,401.42438,0.09107276
169,0,1,694.2408,398.26834,0.030975692
169,0,2,695.0051,397.91156,0.062120166
169,0,3,678.8403,400.44763,0.51763326
169,0,4,696.00305,400.91675,0.75014925
169,0,5,668.58624,419.47827,0.9848424
169,0,6,702.21533,422.86105,0.99454427
169,0,7,655.69965,440.8819,0.7951266
169,0,8,707.2953,452.0911,0.94804806
169,0,9,666.0053,446.0136,0.4582222
169,0,10,710.5784,470.78012,0.737049
169,0,11,667.91724,471.1176,0.99581945
169,0,12,693.39484,472.7332,0.9976342
169,0,13,661.38873,506.13788,0.9798099
169,0,14,704.3235,509.8947,0.9889431
169,0,15,648.50977,540.39856,0.92982495
169,0,16,703.49023,548.91797,0.95473105
169,1,0,816.58185,449.10297,0.5088075
169,1,1,817.3996,445.96252,0.12408097
169,1,2,815.677,445.55197,0.5771802
169,1,3,811.72314,442.39246,0.039539278
169,1,4,808.1906,441.4515,0.7205251
169,1,5,802.7458,450.97885,0.8280073
169,1,6,790.5183,451.68256,0.9513476
169,1,7,797.7863,477.68216,0.4998745
169,1,8,778.9714,482.57635,0.92644835
169,1,9,804.514,501.46332,0.42901546
169,1,10,793.5216,509.93915,0.82559824
169,1,11,789.09344,495.77087,0.7751846
169,1,12,780.3824,497.4057,0.8667708
169,1,13,802.62396,520.9104,0.22308965
169,1,14,792.0121,523.4549,0.40042466
169,1,15,798.68115,533.3149,0.07137574
169,1,16,790.7101,537.40375,0.12879042
170,0,0,694.6994,402.0047,0.122496024
170,0,1,693.2846,398.58948,0.035982464
170,0,2,693.6485,398.53473,0.08112693
170,0,3,677.23315,400.08453,0.49641088
170,0,4,693.19147,401.29666,0.8092784
170,0,5,664.6417,419.00455,0.99360174
170,0,6,699.06323,423.0693,0.9943409
170,0,7,649.1707,442.54077,0.92033684
170,0,8,703.3919,452.05746,0.9382263
170,0,9,652.91534,462.0449,0.6804841
170,0,10,703.9806,470.92435,0.730536
170,0,11,663.3483,471.4061,0.99768925
170,0,12,689.1783,473.0492,0.99787724
170,0,13,658.89557,506.39758,0.9872649
170,0,14,701.385,509.89612,0.98823303
170,0,15,647.9882,541.66296,0.9449759
170,0,16,701.39856,547.6235,0.94651145
170,1,0,828.4967,453.6629,0.60150343
170,1,1,828.53015,450.05588,0.12196372
170,1,2,826.77893,450.17383,0.67987955
170,1,3,823.8997,449.99945,0.027101861
170,1,4,818.3147,449.96667,0.786801
170,1,5,820.1499,467.12354,0.7893658
170,1,6,797.23425,467.6447,0.96151215
170,1,7,822.8123,492.78003,0.3198002
170,1,8,777.6733,495.85724,0.93989015
170,1,9,826.612,501.83868,0.27192128
170,1,10,803.3689,509.799,0.8347008
170,1,11,810.4624,522.8062,0.56733847
170,1,12,794.5133,524.4726,0.76791346
170,1,13,819.0383,545.37213,0.044444997
170,1,14,797.4782,547.78894,0.12456949
170,1,15,814.83124,559.39264,0.010520893
170,1,16,789.34503,563.4165,0.024391053
171,0,0,689.8348,402.40305,0.066761464
171,0,1,689.0536,399.08716,0.023016484
171,0,2,689.16113,399.10547,0.043494184
171,0,3,675.24976,400.2751,0.5466894
171,0,4,691.63983,401.50684,0.7638717
171,0,5,662.61505,418.5391,0.990764
171,0,6,698.7182,423.06036,0.99389714
171,0,7,646.7629,440.26392,0.86470824
171,0,8,703.26184,452.70282,0.92773265
171,0,9,656.58954,454.7299,0.4921769
171,0,10,703.94006,471.14835,0.6326827
171,0,11,661.79553,473.72296,0.99655616
171,0,12,688.9009,475.4718,0.9973248
171,0,13,657.55444,505.32544,0.97679263
171,0,14,703.6532,508.95398,0.9823073
171,0,15,647.7772,541.8346,0.9059957
171,0,16,702.0085,545.4355,0.9212586
172,0,0,695.3445,401.6687,0.1527179
172,0,1,693.2872,398.6701,0.03684966
172,0,2,693.6559,398.3542,0.12460233
172,0,3,675.4441,400.24734,0.4091707
172,0,4,690.90155,401.05353,0.8629123
172,0,5,661.6979,417.8614,0.990171
172,0,6,698.9199,422.57224,0.9949588
172,0,7,647.1454,438.88904,0.84157866
172,0,8,702.2593,452.4782,0.9420618
172,0,9,659.29254,455.03198,0.50198644
172,0,10,704.80615,473.88568,0.710994
172,0,11,662.42566,475.92233,0.99655175
172,0,12,690.6278,477.878,0.9976121
172,0,13,657.6815,505.97186,0.98039484
172,0,14,705.847,508.59412,0.9867762
172,0,15,646.8888,541.3677,0.92628753
172,0,16,701.8838,546.47784,0.94335514
173,0,0,695.4771,400.8707,0.21709158
173,0,1,693.2917,397.70294,0.057544578
173,0,2,693.8631,397.64606,0.19043809
173,0,3,675.2297,398.66403,0.36517236
173,0,4,690.5054,400.0637,0.8491861
173,0,5,661.3146,416.27383,0.98449177
173,0,6,697.7595,421.07898,0.9925579
173,0,7,644.0311,439.2914,0.82623255
173,0,8,702.66583,450.8798,0.9397588
173,0,9,651.9989,458.0111,0.56639487
173,0,10,704.98785,470.81158,0.77115756
173,0,11,662.5409,473.5168,0.99514776
173,0,12,689.64136,475.63416,0.99674207
173,0,13,659.1007,506.12012,0.98355144
173,0,14,705.0938,508.0412,0.98936534
173,0,15,646.69604,542.02185,0.9544431
173,0,16,700.603,546.12244,0.966865
174,0,0,694.65137,399.73706,0.19317468
174,0,1,692.3757,396.66876,0.05378495
174,0,2,693.0185,396.628,0.16323295
174,0,3,674.45593,398.16086,0.38137573
174,0,4,690.0512,399.58704,0.83393615
174,0,5,661.20166,415.91577,0.98494637
174,0,6,698.04175,420.9309,0.9914928
174,0,7,643.8699,438.49945,0.8311789
174,0,8,701.69293,451.1456,0.92613256
174,0,9,651.2964,457.3504,0.5606261
174,0,10,703.069,474.04517,0.7268659
174,0,11,663.0351,471.88422,0.99529725
174,0,12,690.5418,474.02634,0.99655294
174,0,13,658.39233,505.66608,0.9845456
174,0,14,704.6585,507.48224,0.9889075
174,0,15,646.8614,541.7112,0.9575256
174,0,16,700.8387,545.93506,0.96660244
174,1,0,854.2169,472.80078,0.29502904
174,1,1,854.40924,468.83786,0.043049596
174,1,2,853.2668,468.33307,0.3457201
174,1,3,838.11536,467.9646,0.03402036
174,1,4,843.13135,467.0756,0.68063736
174,1,5,827.2756,481.48978,0.81045294
174,1,6,831.7966,482.1652,0.9443251
174,1,7,822.0182,500.8828,0.37260926
174,1,8,822.0085,502.83148,0.8856497
174,1,9,819.2007,506.14972,0.39615098
174,1,10,824.0634,510.04657,0.8102385
174,1,11,819.3003,522.0539,0.94361573
174,1,12,825.1299,522.9655,0.9698039
174,1,13,820.684,558.99646,0.9017949
174,1,14,839.9813,559.3492,0.9545416
174,1,15,822.7398,588.06384,0.82030445
174,1,16,854.0425,590.3391,0.8937185
175,0,0,696.1163,398.42435,0.276447
175,0,1,693.75964,395.3183,0.06763632
175,0,2,694.20935,395.27728,0.25108787
175,0,3,675.27057,396.8263,0.32261094
175,0,4,689.61163,398.22617,0.8731733
175,0,5,660.84863,414.48312,0.9860173
175,0,6,697.3232,419.39655,0.9927691
175,0,7,644.34265,438.48767,0.8422245
175,0,8,701.68756,450.3113,0.9405963
175,0,9,648.08875,464.56726,0.60359156
175,0,10,704.217,473.83142,0.7865528
175,0,11,662.3958,471.9094,0.995795
175,0,12,689.54535,473.89777,0.9970534
175,0,13,658.92126,507.307,0.98687834
175,0,14,704.82434,508.0771,0.99111736
175,0,15,646.8905,542.15356,0.96415305
175,0,16,700.3988,545.7313,0.97298425
175,1,0,860.0965,475.63815,0.46861586
175,1,1,860.609,471.4942,0.10943051
175,1,2,858.05743,470.9895,0.5162527
175,1,3,849.76373,469.2158,0.059619155
175,1,4,846.03156,469.22327,0.7386159
175,1,5,840.1916,485.4185,0.86087286
175,1,6,825.7488,485.78482,0.9465916
175,1,7,841.31396,515.68933,0.6241143
175,1,8,819.73505,514.88403,0.9041667
175,1,9,856.3177,535.05145,0.5503547
175,1,10,841.94257,525.48694,0.8395265
175,1,11,831.4612,531.6327,0.90807265
175,1,12,820.8423,535.4547,0.9432519
175,1,13,870.269,552.24036,0.73911035
175,1,14,851.2325,561.7334,0.84702504
175,1,15,876.264,595.1608,0.5122336
175,1,16,857.293,593.9241,0.62363213
176,0,0,697.38727,397.4194,0.30106083
176,0,1,695.0798,394.4718,0.058751225
176,0,2,694.687,394.299,0.30840045
176,0,3,676.34924,396.12125,0.27959093
176,0,4,688.25476,397.41168,0.9240366
176,0,5,660.5585,412.65268,0.98733485
176,0,6,697.53894,418.44504,0.9948618
176,0,7,644.88385,431.619,0.7717692
176,0,8,700.8822,449.62656,0.9391553
176,0,9,657.2456,441.88712,0.44158205
176,0,10,703.90686,475.82397,0.7226844
176,0,11,661.83496,472.45392,0.9956233
176,0,12,689.83466,474.62573,0.99729913
176,0,13,656.5064,504.1548,0.9814088
176,0,14,704.0523,505.45618,0.98894763
176,0,15,647.9452,540.66327,0.94292015
176,0,16,701.2109,545.13025,0.9599985
176,1,0,862.6205,470.7788,0.51601344
176,1,1,862.8073,466.36163,0.0928469
176,1,2,861.4312,466.15717,0.5938041
176,1,3,849.03284,463.20978,0.038225736
176,1,4,850.5902,464.50815,0.789217
176,1,5,835.98456,477.61096,0.7784733
176,1,6,832.5169,481.72614,0.9621915
176,1,7,844.3444,509.72095,0.42323324
176,1,8,841.4995,517.0438,0.9414602
176,1,9,854.81055,535.33655,0.391942
176,1,10,851.2627,543.7715,0.88170403
176,1,11,823.4152,521.9996,0.8832664
176,1,12,819.4458,526.84406,0.95379025
176,1,13,864.1476,546.8223,0.7222385
176,1,14,849.2163,556.6142,0.897571
176,1,15,872.31,590.41077,0.5364748
176,1,16,849.6811,585.6347,0.73704326
177,0,0,697.3281,397.0875,0.33492747
177,0,1,695.11707,394.23096,0.062917665
177,0,2,694.58154,394.02505,0.34228122
177,0,3,676.5125,396.05807,0.26624972
177,0,4,687.92114,397.24225,0.93215215
177,0,5,660.3087,412.3083,0.9889382
177,0,6,697.3193,418.18042,0.99516875
177,0,7,643.8626,431.19458,0.7988469
177,0,8,700.32336,451.91977,0.9422167
177,0,9,652.71155,433.2701,0.48480028
177,0,10,704.7938,481.38013,0.73647344
177,0,11,661.4037,470.22964,0.99612314
177,0,12,689.8099,472.336,0.99750537
177,0,13,654.4458,502.701,0.9837595
177,0,14,705.3068,503.33276,0.9898956
177,0,15,645.16394,540.0294,0.94835645
177,0,16,703.02454,543.34595,0.9626788
177,1,0,866.2003,465.5545,0.51091814
177,1,1,866.4043,460.2352,0.057479028
177,1,2,864.7402,460.781,0.60307115
177,1,3,851.5444,457.18268,0.022423303
177,1,4,853.9639,460.60776,0.84096235
177,1,5,837.28723,474.6497,0.8092707
177,1,6,838.7472,479.7746,0.9821692
177,1,7,847.1119,505.66034,0.38561186
177,1,8,851.27216,514.4086,0.9720929
177,1,9,858.71967,532.96204,0.37896034
177,1,10,862.59106,537.9042,0.93453574
177,1,11,811.867,513.4833,0.9643118
177,1,12,811.25055,516.0462,0.9901778
177,1,13,840.1751,551.73315,0.9246977
177,1,14,830.9047,552.93494,0.982463
177,1,15,850.12384,590.8969,0.83520967
177,1,16,821.0894,576.44836,0.9397231
178,0,0,696.9375,397.35495,0.3182378
178,0,1,694.8671,394.5478,0.056252923
178,0,2,694.203,394.29138,0.31592634
178,0,3,676.3206,396.22525,0.269411
178,0,4,687.8091,397.30106,0.93350285
178,0,5,660.25543,412.0546,0.9909196
178,0,6,697.37744,417.9216,0.99580187
178,0,7,643.6907,429.89,0.83783853
178,0,8,700.26056,451.55002,0.95191723
178,0,9,654.8306,431.26456,0.5430888
178,0,10,705.26575,482.29498,0.7690265
178,0,11,660.9769,468.40753,0.99706537
178,0,12,690.27484,470.34146,0.99805295
178,0,13,652.34143,503.10504,0.986225
178,0,14,708.6831,502.5959,0.99118656
178,0,15,640.4388,541.3238,0.94999015
178,0,16,707.4456,543.2234,0.9632345
178,1,0,864.3118,460.42432,0.29700163
178,1,1,864.2127,454.3863,0.04426502
178,1,2,863.7807,456.06183,0.34583712
178,1,3,842.80945,447.75992,0.09337469
178,1,4,856.18634,455.74033,0.8080717
178,1,5,828.2208,460.13214,0.8664367
178,1,6,842.5829,475.85822,0.9880165
178,1,7,840.08746,495.08337,0.36793637
178,1,8,851.6951,512.9278,0.96685636
178,1,9,854.1483,530.7495,0.27149457
178,1,10,860.5435,542.2649,0.8874689
178,1,11,797.33887,504.93915,0.9389188
178,1,12,808.7597,514.3766,0.9834721
178,1,13,826.1573,525.519,0.8323856
178,1,14,835.7676,547.08374,0.9606152
178,1,15,821.9911,547.0095,0.70040685
178,1,16,833.0509,570.5255,0.87847465
179,0,0,694.04315,398.9855,0.19601567
179,0,1,691.9468,395.9486,0.03628096
179,0,2,692.0007,395.60458,0.18948133
179,0,3,672.81525,397.3472,0.32118845
179,0,4,687.46826,398.35062,0.9190457
179,0,5,658.1731,414.62326,0.98955566
179,0,6,695.8151,420.74512,0.99487287
179,0,7,641.2344,430.48447,0.79559463
179,0,8,701.7927,452.9822,0.9323747
179,0,9,653.48376,430.75613,0.417136
179,0,10,706.54865,479.83777,0.6675141
179,0,11,658.56195,473.3639,0.99593097
179,0,12,688.2044,475.50183,0.9973093
179,0,13,649.73566,505.35303,0.97684777
179,0,14,707.93176,508.81415,0.98550344
179,0,15,636.39154,538.4274,0.9208239
179,0,16,712.45013,546.83057,0.9414754
179,1,0,859.4243,456.84247,0.38461187
179,1,1,859.9175,450.6895,0.06852585
179,1,2,858.70306,452.73734,0.4830941
179,1,3,839.03534,442.09915,0.13032572
179,1,4,852.0583,450.9325,0.8781857
179,1,5,820.00586,450.0132,0.85400945
179,1,6,840.5068,470.67267,0.9908901
179,1,7,824.20636,481.23376,0.2527069
179,1,8,847.49054,509.57013,0.9663843
179,1,9,838.11725,518.71326,0.16286778
179,1,10,854.1572,545.434,0.86016804
179,1,11,793.697,498.33954,0.908676
179,1,12,809.0583,510.8448,0.9793225
179,1,13,824.13525,518.32294,0.78504103
179,1,14,837.7743,545.8787,0.95807374
179,1,15,824.52795,553.1214,0.68003774
179,1,16,833.3837,581.6493,0.88823557
180,0,0,690.5807,401.64474,0.09190438
180,0,1,689.55304,398.6084,0.025544008
180,0,2,688.8249,398.3795,0.07622199
180,0,3,672.6743,400.13614,0.42960042
180,0,4,687.1468,401.31042,0.84405506
180,0,5,660.9112,417.99875,0.9872207
180,0,6,693.7932,422.4332,0.99010676
180,0,7,638.8733,434.4639,0.77924156
180,0,8,702.4124,450.77618,0.8556919
180,0,9,647.69946,430.9955,0.3428039
180,0,10,700.1108,471.65057,0.44989756
180,0,11,660.13617,472.6205,0.9954301
180,0,12,687.1088,473.99136,0.99618196
180,0,13,647.1141,505.09106,0.97650915
180,0,14,706.58936,507.62286,0.98076147
180,0,15,632.70154,538.6924,0.93033403
180,0,16,720.76526,543.13745,0.938051
180,1,0,856.67725,452.29242,0.17119338
180,1,1,855.4799,447.38702,0.032465354
180,1,2,855.7898,447.74274,0.18917091
180,1,3,832.99524,443.9126,0.10542593
180,1,4,847.582,448.7411,0.68277633
180,1,5,814.17645,454.6328,0.77605665
180,1,6,838.90985,470.6246,0.9791701
180,1,7,800.33105,467.4226,0.30709267
180,1,8,848.6543,506.23303,0.9519179
180,1,9,806.68225,472.5274,0.23625228
180,1,10,859.4048,537.79315,0.8320776
180,1,11,798.0564,502.3794,0.9323949
180,1,12,814.73785,511.2033,0.9806467
180,1,13,817.4502,531.2824,0.8525466
180,1,14,833.79016,544.0201,0.96013033
180,1,15,816.57587,572.1261,0.7535393
180,1,16,835.146,585.2667,0.89900947
180,2,0,690.0944,401.57538,0.066195235
180,2,1,689.45917,398.2398,0.032191087
180,2,2,689.0896,398.20316,0.066358656
180,2,3,671.593,399.72787,0.5162567
180,2,4,688.51794,401.06216,0.802208
180,2,5,658.6378,418.2981,0.9810642
180,2,6,695.7376,423.24802,0.9870723
180,2,7,640.5337,433.7186,0.77659583
180,2,8,701.15936,452.1315,0.87955415
180,2,9,648.4567,434.72507,0.39643267
180,2,10,697.5647,469.53146,0.53617656
180,2,11,660.15857,473.8316,0.97003144
180,2,12,685.5617,475.30914,0.9734062
180,2,13,651.98785,513.86523,0.69224507
180,2,14,688.287,514.64984,0.7235004
180,2,15,650.15,546.83307,0.32833195
180,2,16,684.8012,548.3247,0.35742006
181,0,0,855.12695,445.6124,0.2978358
181,0,1,854.3008,440.47388,0.050963324
181,0,2,854.2223,441.58337,0.27175102
181,0,3,834.11786,437.8795,0.15178216
181,0,4,847.30505,444.19965,0.81825036
181,0,5,815.00287,449.7406,0.97183806
181,0,6,839.0588,471.76053,0.9893881
181,0,7,791.3319,455.5171,0.8641488
181,0,8,849.01483,510.6565,0.9669725
181,0,9,776.34973,462.10306,0.75642186
181,0,10,860.1765,539.8021,0.90231675
181,0,11,795.34125,501.3459,0.9869183
181,0,12,809.81573,512.37775,0.99198145
181,0,13,823.26904,528.6615,0.9509229
181,0,14,835.36475,545.44464,0.97288
181,0,15,817.6612,572.17316,0.83485043
181,0,16,830.1464,587.99567,0.8839143
181,1,0,692.39954,408.4911,0.16972668
181,1,1,691.1767,405.5312,0.03394835
181,1,2,690.7501,405.35895,0.14992091
181,1,3,673.63617,406.00702,0.34588376
181,1,4,687.1958,407.22687,0.90339595
181,1,5,660.74396,422.59302,0.99040926
181,1,6,693.9267,427.12982,0.9934394
181,1,7,641.1183,440.39978,0.84076303
181,1,8,701.83887,454.26764,0.9197098
181,1,9,643.4934,442.2888,0.4625589
181,1,10,707.30927,476.28662,0.6270734
181,1,11,660.4469,477.3371,0.9942661
181,1,12,688.12305,478.9461,0.99549675
181,1,13,645.41705,505.41962,0.9483216
181,1,14,710.675,508.60516,0.96078795
181,1,15,628.20435,537.397,0.80025613
181,1,16,720.05774,542.4668,0.826639
181,2,0,691.8467,409.15405,0.096380465
181,2,1,690.95337,405.58472,0.025990484
181,2,2,691.12384,405.75662,0.09353187
181,2,3,671.123,406.3348,0.4550324
181,2,4,688.42664,407.6982,0.87900686
181,2,5,658.9919,424.59802,0.9850721
181,2,6,692.9446,428.30316,0.99199814
181,2,7,641.125,442.8148,0.7772027
181,2,8,700.158,455.37656,0.93432426
181,2,9,644.97076,449.56262,0.4274729
181,2,10,702.68243,476.41803,0.68931776
181,2,11,660.3698,479.36838,0.9649993
181,2,12,685.60986,480.57266,0.97422725
181,2,13,653.5439,509.43134,0.5607735
181,2,14,699.3105,509.1234,0.65978575
181,2,15,648.01526,534.4354,0.19351725
181,2,16,706.1217,535.31165,0.24679247
182,0,0,850.9187,444.2783,0.15712313
182,0,1,849.8319,439.25818,0.028438985
182,0,2,850.25726,440.37668,0.10276997
182,0,3,830.56104,437.4105,0.2738372
182,0,4,845.4555,443.59552,0.7799078
182,0,5,812.9044,451.29462,0.9938753
182,0,6,837.2519,471.39316,0.9955188
182,0,7,788.2736,453.77286,0.97037
182,0,8,851.10583,508.40198,0.981045
182,0,9,767.2736,464.01294,0.90951806
182,0,10,864.19946,536.9212,0.9229561
182,0,11,791.08777,502.4756,0.9978485
182,0,12,805.3541,511.86835,0.9980415
182,0,13,817.05365,525.8056,0.9873028
182,0,14,829.2079,540.1165,0.9883011
182,0,15,811.4313,565.8688,0.9281359
182,0,16,825.8311,576.2505,0.92801166
182,1,0,686.2749,416.10333,0.06424949
182,1,1,686.12256,413.06284,0.0226705
182,1,2,685.8198,413.06824,0.037572976
182,1,3,672.0156,413.397,0.54988724
182,1,4,687.9893,414.22415,0.7769699
182,1,5,657.90515,430.06677,0.9937243
182,1,6,694.2957,433.79532,0.99004364
182,1,7,641.16296,455.91373,0.91550094
182,1,8,702.4785,462.34158,0.8491619
182,1,9,643.3662,477.00845,0.56085426
182,1,10,702.2244,478.78217,0.42532834
182,1,11,655.9887,484.3172,0.99601245
182,1,12,686.2441,486.79752,0.9947496
182,1,13,641.3382,508.42773,0.96083647
182,1,14,709.86017,514.3082,0.9448167
182,1,15,627.1795,541.1632,0.82964617
182,1,16,720.12854,545.3158,0.7807852
183,0,0,844.2512,442.9628,0.22317974
183,0,1,842.89417,438.14426,0.04276417
183,0,2,843.8361,439.03683,0.144798
183,0,3,823.4336,436.74673,0.2734227
183,0,4,839.55475,442.061,0.780031
183,0,5,807.6177,450.10168,0.9928731
183,0,6,834.0374,471.27396,0.9936784
183,0,7,784.3072,455.62088,0.97167295
183,0,8,851.71454,506.74664,0.9775239
183,0,9,762.58075,464.0043,0.9351868
183,0,10,868.3002,532.92615,0.9421098
183,0,11,793.8646,504.81915,0.9976324
183,0,12,809.4476,516.3,0.9977806
183,0,13,819.3307,525.7693,0.99185574
183,0,14,837.367,547.6911,0.9930332
183,0,15,808.38947,567.4845,0.9632722
183,0,16,831.62775,593.3965,0.96492463
183,1,0,687.8386,421.844,0.103809364
183,1,1,687.0401,419.0324,0.02654994
183,1,2,687.2226,418.68063,0.07328874
183,1,3,671.2551,420.1676,0.4814142
183,1,4,687.6555,420.641,0.85181123
183,1,5,658.56305,437.47656,0.9919674
183,1,6,694.8946,441.4527,0.9944589
183,1,7,640.7682,457.87234,0.87494475
183,1,8,702.0962,469.40112,0.93451065
183,1,9,640.6549,461.1867,0.50600696
183,1,10,709.33344,488.18683,0.654521
183,1,11,658.2432,491.3877,0.99402654
183,1,12,688.08136,493.19244,0.99533737
183,1,13,642.6082,507.4969,0.9319756
183,1,14,711.8683,512.8955,0.9488178
183,1,15,626.7209,538.79663,0.7246296
183,1,16,718.8631,545.97705,0.761302
184,0,0,836.5883,441.2278,0.16662596
184,0,1,835.2052,436.87344,0.041137643
184,0,2,836.3765,437.68796,0.09712978
184,0,3,818.0735,437.02084,0.42045438
184,0,4,835.4201,441.54312,0.762798
184,0,5,802.369,452.2224,0.9943798
184,0,6,833.3999,470.9188,0.9944963
184,0,7,776.7915,457.5939,0.97161186
184,0,8,851.4227,504.51062,0.97332734
184,0,9,755.6362,465.90668,0.91474074
184,0,10,866.50336,529.00085,0.9159027
184,0,11,791.9559,506.08252,0.99727577
184,0,12,809.856,516.37177,0.9973563
184,0,13,817.5418,527.0716,0.9872471
184,0,14,835.92694,547.89996,0.98871803
184,0,15,811.66046,570.57166,0.9374112
184,0,16,830.52026,593.9849,0.9392384
184,1,0,684.90265,428.89355,0.11787791
184,1,1,684.0566,425.8389,0.03528114
184,1,2,684.0341,425.778,0.078760594
184,1,3,668.9173,426.39224,0.5093654
184,1,4,684.2113,427.12106,0.8373923
184,1,5,653.4088,443.87592,0.9937816
184,1,6,690.6132,448.4303,0.9915903
184,1,7,633.707,465.99335,0.9338249
184,1,8,701.3379,475.7172,0.9070449
184,1,9,641.29846,482.72064,0.662154
184,1,10,703.94995,493.55853,0.58424234
184,1,11,651.82306,497.32983,0.9891195
184,1,12,680.1862,500.49353,0.986777
184,1,13,642.17523,521.3898,0.81612766
184,1,14,698.6924,529.9563,0.77301514
184,1,15,633.7224,554.0345,0.3591099
184,1,16,702.32385,562.8936,0.2995494
184,2,0,685.37256,429.4063,0.0948704
184,2,1,684.81116,425.46384,0.039535128
184,2,2,684.5539,426.01312,0.09242839
184,2,3,667.12775,425.54306,0.6294314
184,2,4,684.6602,427.66827,0.88140255
184,2,5,652.3664,443.69537,0.9902503
184,2,6,690.05383,447.89462,0.99309033
184,2,7,635.94165,466.44,0.8494811
184,2,8,699.14734,475.46027,0.9289792
184,2,9,641.8836,481.94794,0.46821755
184,2,10,700.11426,495.02264,0.6256172
184,2,11,653.7937,500.34595,0.9557047
184,2,12,681.1426,502.00726,0.96170914
184,2,13,642.0613,526.3312,0.39123634
184,2,14,689.21643,527.551,0.43985412
184,2,15,636.91296,551.70264,0.09373012
184,2,16,691.3648,553.7122,0.107478
185,0,0,833.19763,440.44522,0.24727446
185,0,1,831.792,436.4318,0.05710506
185,0,2,832.49945,436.9019,0.16338652
185,0,3,815.42285,436.92462,0.35897583
185,0,4,830.1305,440.41116,0.8056307
185,0,5,798.9765,451.2576,0.993958
185,0,6,830.7282,467.03024,0.99404114
185,0,7,774.5436,454.46564,0.9707794
185,0,8,847.352,498.0418,0.9733723
185,0,9,754.57825,463.62088,0.918883
185,0,10,857.5257,526.8071,0.923094
185,0,11,788.6938,504.69434,0.9968135
185,0,12,806.7985,512.78253,0.9969072
185,0,13,814.21387,531.60095,0.98451173
185,0,14,830.3686,546.3391,0.98634434
185,0,15,810.4171,574.6278,0.9221329
185,0,16,823.83234,593.4769,0.92489135
185,1,0,676.33594,431.22012,0.07603995
185,1,1,675.67444,428.6269,0.024352245
185,1,2,675.4211,428.3684,0.05141951
185,1,3,660.8331,429.0869,0.5176543
185,1,4,676.22656,429.59644,0.81368554
185,1,5,647.65576,444.9692,0.9917495
185,1,6,683.631,448.01624,0.9909191
185,1,7,628.2164,467.64294,0.8901531
185,1,8,694.70337,475.0293,0.88505703
185,1,9,640.1022,475.9691,0.4969612
185,1,10,696.63965,489.6325,0.48313215
185,1,11,647.9246,495.95056,0.99133205
185,1,12,677.138,497.99658,0.9907244
185,1,13,636.3516,516.37915,0.87639743
185,1,14,701.44727,521.0586,0.8654314
185,1,15,628.50397,547.7139,0.5367479
185,1,16,713.07965,551.2107,0.5070526
185,2,0,675.83356,431.56662,0.06301898
185,2,1,675.6115,427.84787,0.030703519
185,2,2,675.2971,428.1629,0.055786066
185,2,3,658.4626,428.11346,0.64152634
185,2,4,676.92444,429.5267,0.83037555
185,2,5,645.2135,445.56464,0.98770124
185,2,6,682.6217,448.53955,0.98904026
185,2,7,630.66486,468.05627,0.8411724
185,2,8,691.73883,475.67392,0.8924146
185,2,9,638.7205,477.80856,0.46626794
185,2,10,693.0944,492.6413,0.55706906
185,2,11,648.72797,498.78906,0.9615332
185,2,12,677.0246,500.0589,0.96376485
185,2,13,639.82434,521.0127,0.5656349
185,2,14,689.9369,521.3117,0.59335613
185,2,15,635.0255,551.2408,0.20931002
185,2,16,697.5475,551.9023,0.22326483
186,0,0,830.63477,435.47235,0.13617012
186,0,1,828.7904,431.45612,0.027411954
186,0,2,829.73737,431.72763,0.10734706
186,0,3,810.71576,431.48907,0.36443326
186,0,4,827.4577,434.76718,0.8471387
186,0,5,794.6585,447.18225,0.9906998
186,0,6,827.8463,458.69278,0.99747974
186,0,7,771.3132,455.23523,0.8962148
186,0,8,841.0097,492.26813,0.98367465
186,0,9,761.5811,461.81055,0.6780825
186,0,10,848.82886,521.12085,0.90327555
186,0,11,783.9761,502.8542,0.99752384
186,0,12,803.38947,508.11218,0.99876153
186,0,13,808.9265,534.72174,0.9866775
186,0,14,822.3118,543.34296,0.99387425
186,0,15,810.2063,576.83435,0.9405478
186,0,16,816.6728,586.2734,0.96528536
186,1,0,662.7797,429.10428,0.029321209
186,1,1,662.4949,426.16272,0.021696735
186,1,2,663.6692,426.04425,0.021991588
186,1,3,651.00995,427.58118,0.58260345
186,1,4,669.6537,427.8457,0.6271619
186,1,5,639.68787,445.618,0.9682759
186,1,6,677.303,447.17838,0.9715584
186,1,7,623.8663,468.34314,0.77509844
186,1,8,683.5466,474.0274,0.80300236
186,1,9,626.09357,475.34863,0.3953592
186,1,10,680.373,485.59027,0.4309722
186,1,11,644.7758,498.6786,0.9438374
186,1,12,671.2706,499.13312,0.94461995
186,1,13,632.44324,509.91882,0.6701073
186,1,14,672.8825,510.11078,0.6692748
186,1,15,630.95306,544.9453,0.39284274
186,1,16,678.426,545.3768,0.39534736
187,0,0,824.1778,429.21988,0.14671348
187,0,1,822.66547,424.84598,0.03951346
187,0,2,823.4265,424.9177,0.11886288
187,0,3,803.4957,425.7959,0.40949416
187,0,4,820.68396,428.64157,0.8238674
187,0,5,788.17224,443.8586,0.9854615
187,0,6,820.6534,454.84225,0.99316627
187,0,7,766.004,461.65137,0.8399282
187,0,8,837.32355,484.17514,0.94336087
187,0,9,750.4942,486.522,0.5680371
187,0,10,839.80975,492.04797,0.7702695
187,0,11,780.2044,501.7215,0.99192566
187,0,12,799.44543,507.4627,0.99472696
187,0,13,795.8155,537.26886,0.96503776
187,0,14,813.2976,551.14294,0.97835857
187,0,15,801.4449,575.92804,0.8958253
187,0,16,817.92993,594.37976,0.9211338
187,1,0,650.63324,426.67712,0.038300224
187,1,1,651.3106,423.2356,0.03312758
187,1,2,650.97095,423.2704,0.02896926
187,1,3,641.27045,424.53165,0.68853414
187,1,4,658.7752,424.70963,0.67055416
187,1,5,632.0161,443.4677,0.9788953
187,1,6,666.5181,444.32242,0.97188276
187,1,7,618.3608,468.8533,0.8306903
187,1,8,674.3007,471.27795,0.7714214
187,1,9,619.04376,479.0927,0.43116316
187,1,10,671.2363,485.18127,0.37697014
187,1,11,640.7267,497.81012,0.9447055
187,1,12,664.892,498.27118,0.9369912
187,1,13,636.9341,535.93567,0.4523814
187,1,14,671.8718,535.82855,0.42304695
187,1,15,637.55133,565.1169,0.1211577
187,1,16,674.7502,564.9971,0.11218758
188,0,0,814.134,429.15237,0.078109525
188,0,1,812.67,425.34113,0.021684205
188,0,2,813.92865,425.37756,0.03741944
188,0,3,795.2026,426.4472,0.5650845
188,0,4,814.87115,428.83173,0.7462865
188,0,5,780.4872,444.88232,0.9969336
188,0,6,819.9408,453.93466,0.99681985
188,0,7,758.36456,465.25095,0.9766514
188,0,8,827.78174,487.21182,0.9768141
188,0,9,747.89264,494.0876,0.87856627
188,0,10,835.4987,513.02405,0.88138145
188,0,11,773.7148,504.74097,0.9986738
188,0,12,800.13635,508.59912,0.9986999
188,0,13,776.5742,538.8652,0.9871563
188,0,14,811.7092,547.8067,0.9875081
188,0,15,776.94763,579.52704,0.90338194
188,0,16,814.0553,592.06445,0.9004497
188,1,0,633.26526,425.85468,0.064651646
188,1,1,635.0111,422.67548,0.04749779
188,1,2,635.12823,422.70978,0.019396475
188,1,3,632.993,423.17932,0.76956034
188,1,4,647.5599,422.72574,0.43373454
188,1,5,627.4535,439.34833,0.99439865
188,1,6,655.4715,440.11206,0.977244
188,1,7,614.2114,465.22403,0.9387494
188,1,8,662.25977,468.33234,0.6501441
188,1,9,602.2323,471.5961,0.64790124
188,1,10,658.5924,483.6908,0.26949143
188,1,11,636.9159,486.01907,0.9977088
188,1,12,660.9385,486.81744,0.99543613
188,1,13,623.8594,508.65753,0.99002075
188,1,14,681.5746,512.1465,0.9788302
188,1,15,623.70154,542.41174,0.96705407
188,1,16,706.8803,537.47485,0.94230044
189,0,0,789.5576,426.23203,0.08451323
189,0,1,790.60846,422.081,0.042448938
189,0,2,792.1836,423.07385,0.02957223
189,0,3,787.62695,424.32422,0.72862387
189,0,4,806.509,425.92764,0.58060557
189,0,5,775.69165,445.0668,0.99654883
189,0,6,815.3501,451.71368,0.9934237
189,0,7,756.8446,470.08737,0.9724052
189,0,8,824.2868,486.03534,0.9327071
189,0,9,747.1278,496.31915,0.85464907
189,0,10,828.8076,509.86316,0.7458091
189,0,11,772.48065,504.2494,0.99854577
189,0,12,799.68164,506.75714,0.99808794
189,0,13,768.41327,539.07214,0.99256223
189,0,14,808.5967,545.1551,0.99020994
189,0,15,764.26086,585.23505,0.9620697
189,0,16,810.37787,592.1842,0.95314306
189,1,0,626.38306,423.54053,0.036066484
189,1,1,627.7067,420.47696,0.022599194
189,1,2,627.27075,420.13367,0.014229386
189,1,3,623.6892,421.47745,0.64563453
189,1,4,637.0968,420.43808,0.45352295
189,1,5,619.9352,438.5693,0.9877242
189,1,6,646.2848,437.38852,0.97687304
189,1,7,614.76733,465.59735,0.84881675
189,1,8,653.6682,462.6816,0.69056726
189,1,9,608.88574,470.0053,0.42488068
189,1,10,653.00757,477.72986,0.2817579
189,1,11,633.0699,482.589,0.9969236
189,1,12,656.10144,482.94955,0.99604505
189,1,13,618.12683,507.87646,0.98937726
189,1,14,675.6791,512.3784,0.9861465
189,1,15,619.1887,543.50214,0.97113603
189,1,16,697.72473,542.68475,0.96458143
190,0,0,786.4546,429.80664,0.04403552
190,0,1,787.0377,425.64764,0.018706724
190,0,2,788.48267,426.28275,0.01982091
190,0,3,779.38434,428.2389,0.6681241
190,0,4,800.23,429.52988,0.67586553
190,0,5,768.54376,448.89563,0.99495244
190,0,6,808.18866,454.31134,0.9958462
190,0,7,754.75006,474.51904,0.94340444
190,0,8,816.2364,487.8257,0.9565207
190,0,9,748.2344,501.1333,0.71208405
190,0,10,822.7157,510.9632,0.7534343
190,0,11,768.0605,504.24634,0.9984415
190,0,12,796.82666,506.12164,0.9986345
190,0,13,760.5774,546.17377,0.9877358
190,0,14,806.39246,548.74194,0.988998
190,0,15,749.9966,588.9326,0.9275484
190,0,16,804.0258,592.4932,0.9331118
190,1,0,609.38354,423.43253,0.06376036
190,1,1,609.92596,419.60092,0.05355838
190,1,2,610.2791,418.81586,0.02171415
190,1,3,608.436,420.47073,0.6604215
190,1,4,625.08624,417.48456,0.3056983
190,1,5,614.76764,440.73923,0.96984863
190,1,6,635.3475,436.54645,0.9271234
190,1,7,618.27356,469.42105,0.7487551
190,1,8,637.31036,464.06888,0.42706275
190,1,9,606.5061,479.28235,0.32339963
190,1,10,619.149,477.57123,0.1545073
190,1,11,634.2806,490.35657,0.97880185
190,1,12,654.2508,488.20428,0.9691282
190,1,13,616.5221,523.0098,0.91231394
190,1,14,666.0169,520.9091,0.8712865
190,1,15,612.87787,552.487,0.79277754
190,1,16,691.49445,549.656,0.7348904
191,0,0,774.36597,436.6411,0.04708912
191,0,1,775.4784,432.55093,0.026081571
191,0,2,776.1618,432.7894,0.023937741
191,0,3,771.319,434.54446,0.68975455
191,0,4,790.3434,434.27457,0.6359721
191,0,5,762.8622,452.55377,0.98626584
191,0,6,801.2741,456.61444,0.9902361
191,0,7,749.9496,475.05603,0.775929
191,0,8,809.31726,487.9028,0.8541475
191,0,9,752.94354,485.62805,0.36160874
191,0,10,812.43713,509.06573,0.46940935
191,0,11,764.26685,505.50403,0.99643314
191,0,12,793.30756,507.12622,0.99724066
191,0,13,753.50574,543.974,0.9883795
191,0,14,805.7282,549.7562,0.9912868
191,0,15,737.2272,582.3181,0.9692294
191,0,16,804.9018,596.0697,0.97534615
191,1,0,596.53094,434.25336,0.17419982
191,1,1,597.167,430.96875,0.19168015
191,1,2,597.0747,430.03424,0.02422165
191,1,3,600.82184,429.71545,0.69358087
191,1,4,611.65814,426.49896,0.05962175
191,1,5,613.74493,441.63208,0.97648615
191,1,6,622.5666,440.26053,0.7588717
191,1,7,617.38995,466.43787,0.95397735
191,1,8,620.99054,466.9026,0.2885481
191,1,9,598.96625,474.42062,0.86265486
191,1,10,600.94183,475.4408,0.23077779
191,1,11,635.214,486.10947,0.9873663
191,1,12,649.06793,485.90094,0.95468694
191,1,13,607.0868,511.0097,0.9688233
191,1,14,659.01526,516.8491,0.8741407
191,1,15,594.68024,544.9619,0.9071268
191,1,16,687.4004,546.2624,0.755988
192,0,0,773.8681,437.8037,0.03254737
192,0,1,773.80817,433.983,0.015430216
192,0,2,774.43555,433.60373,0.015494903
192,0,3,763.2512,436.64728,0.6589584
192,0,4,783.06586,435.81015,0.6615126
192,0,5,756.25665,458.48148,0.9933101
192,0,6,795.01324,459.12848,0.9910047
192,0,7,747.82684,488.64392,0.89550096
192,0,8,805.63525,488.9209,0.8530989
192,0,9,738.7439,508.2174,0.50432724
192,0,10,804.6481,504.4298,0.44702402
192,0,11,757.5128,511.22113,0.9980825
192,0,12,788.1028,511.1411,0.9979213
192,0,13,741.0652,549.084,0.9902378
192,0,14,802.48035,552.2541,0.989262
192,0,15,721.8966,589.0514,0.96131605
192,0,16,802.26196,598.4028,0.957808
192,1,0,586.1081,435.57236,0.12680914
192,1,1,587.43256,431.67535,0.13750781
192,1,2,587.22345,430.83636,0.020633435
192,1,3,591.4912,430.83643,0.6573621
192,1,4,603.16455,427.51318,0.084267035
192,1,5,604.54193,445.57794,0.9705448
192,1,6,616.3159,444.52524,0.7423845
192,1,7,614.2416,473.86255,0.9297067
192,1,8,616.4871,472.52295,0.23566458
192,1,9,595.703,484.8291,0.78719693
192,1,10,596.33215,483.41238,0.16463272
192,1,11,630.3165,491.33746,0.9797252
192,1,12,646.4884,491.50623,0.93077976
192,1,13,600.9107,517.7832,0.94349474
192,1,14,657.4724,522.73035,0.7927383
192,1,15,595.1462,549.9255,0.8353781
192,1,16,686.8535,553.6521,0.62201715
193,0,0,755.91254,444.4777,0.033501178
193,0,1,757.1363,440.71436,0.020555615
193,0,2,756.8781,440.69083,0.01714674
193,0,3,752.8784,442.0046,0.62841433
193,0,4,769.2953,441.06094,0.5698042
193,0,5,749.4309,460.56293,0.97785825
193,0,6,783.49133,459.7563,0.98072547
193,0,7,743.13184,486.85626,0.6910748
193,0,8,798.083,481.10294,0.721311
193,0,9,742.23236,492.43,0.24297106
193,0,10,783.45703,482.7289,0.2727256
193,0,11,753.4241,511.02527,0.994833
193,0,12,781.371,510.805,0.99541324
193,0,13,735.2927,549.0606,0.98363966
193,0,14,796.2406,551.0782,0.98504674
193,0,15,718.6862,589.32196,0.95982265
193,0,16,802.34204,597.18774,0.9626396
193,1,0,580.0694,448.48828,0.18332694
193,1,1,581.3969,444.3302,0.18466148
193,1,2,578.819,445.54382,0.06636359
193,1,3,587.8513,441.63623,0.34873667
193,1,4,581.07916,444.89044,0.08057046
193,1,5,607.3675,451.98102,0.88697165
193,1,6,587.03235,457.445,0.6405297
193,1,7,618.85065,470.68564,0.8135148
193,1,8,584.42456,482.33215,0.3114257
193,1,9,605.3397,487.72772,0.6920101
193,1,10,579.65857,492.88562,0.2711502
193,1,11,627.9994,493.46082,0.9770847
193,1,12,608.47,494.0589,0.9507332
193,1,13,652.1797,526.3097,0.9749527
193,1,14,588.3204,514.1925,0.941138
193,1,15,683.9866,560.0077,0.9670347
193,1,16,580.1892,552.8708,0.939693
193,2,0,755.0946,444.44934,0.02674163
193,2,1,755.0665,440.83447,0.02857104
193,2,2,756.31006,440.61786,0.008018705
193,2,3,752.96796,441.57968,0.78788495
193,2,4,771.5858,440.28027,0.34304526
193,2,5,748.5698,459.97565,0.98153883
193,2,6,786.076,458.12338,0.9679787
193,2,7,740.99927,486.62253,0.8668217
193,2,8,798.1256,483.89984,0.67645997
193,2,9,740.9204,495.09894,0.5086425
193,2,10,784.79034,490.18585,0.31558207
193,2,11,754.45654,510.61603,0.9785049
193,2,12,783.30743,509.3523,0.97145116
193,2,13,738.2779,546.85345,0.85263884
193,2,14,789.7922,546.26196,0.80088097
193,2,15,727.5671,579.5264,0.59674203
193,2,16,794.1027,578.32196,0.53349614
194,0,0,741.7703,441.08475,0.036771715
194,0,1,742.99133,437.66663,0.019147674
194,0,2,743.5124,437.4785,0.013020734
194,0,3,740.2001,439.80914,0.70338494
194,0,4,758.37946,438.2068,0.5694427
194,0,5,737.1375,459.8297,0.99420774
194,0,6,773.8711,457.8646,0.9921067
194,0,7,730.5716,491.13892,0.92734826
194,0,8,789.2629,485.53973,0.8892993
194,0,9,723.0368,512.941,0.6128563
194,0,10,792.0824,514.8161,0.5368781
194,0,11,746.0604,512.84796,0.9985682
194,0,12,776.0975,512.1725,0.9984212
194,0,13,726.65424,549.34357,0.9916734
194,0,14,793.5167,551.18066,0.9905595
194,0,15,714.76166,593.60406,0.9610933
194,0,16,802.9427,599.87354,0.95750386
194,1,0,567.7001,458.3065,0.28887987
194,1,1,568.6018,454.9066,0.37945843
194,1,2,567.59735,453.53574,0.034735546
194,1,3,574.6168,451.49588,0.85046315
194,1,4,583.90533,446.61188,0.058899816
194,1,5,584.65424,463.40076,0.9880084
194,1,6,598.3402,456.24155,0.76178163
194,1,7,577.8949,495.43445,0.9651999
194,1,8,589.5615,483.78638,0.16179556
194,1,9,560.3646,504.5036,0.8606314
194,1,10,565.0995,501.05115,0.11587197
194,1,11,613.40906,496.98938,0.990103
194,1,12,631.19855,494.7749,0.94927293
194,1,13,585.8616,516.9189,0.980368
194,1,14,641.1934,521.57715,0.87869495
194,1,15,572.5239,558.1411,0.94905585
194,1,16,667.37335,549.78613,0.8116017
194,2,0,739.92377,441.66217,0.015796343
194,2,1,740.9371,437.71655,0.020722387
194,2,2,741.26935,437.25867,0.0069979904
194,2,3,739.8252,439.45135,0.88086927
194,2,4,758.2688,437.6463,0.61100864
194,2,5,736.7546,461.15668,0.99479586
194,2,6,774.1851,458.31787,0.9896998
194,2,7,728.57196,493.1363,0.9363253
194,2,8,791.63245,489.9273,0.8273752
194,2,9,722.3623,516.7955,0.5606204
194,2,10,788.73486,516.82935,0.3793619
194,2,11,746.82007,513.8288,0.9916333
194,2,12,775.74695,512.12604,0.9887911
194,2,13,729.58093,548.6831,0.9166882
194,2,14,786.74,546.439,0.8871478
194,2,15,718.2429,589.0221,0.67843455
194,2,16,796.26935,585.7356,0.62261814
194,3,0,568.64777,456.9364,0.38204968
194,3,1,569.47064,452.66608,0.43994385
194,3,2,567.127,453.18216,0.06711048
194,3,3,575.17957,449.78094,0.777998
194,3,4,577.6273,450.48145,0.06595617
194,3,5,585.76685,460.87854,0.9535994
194,3,6,593.2,460.19754,0.8860491
194,3,7,578.28815,490.51074,0.8921538
194,3,8,584.1301,488.47058,0.5157026
194,3,9,561.2576,503.47986,0.79902244
194,3,10,563.11975,501.3553,0.4889255
194,3,11,611.55695,497.3349,0.94727916
194,3,12,617.74384,496.18933,0.91827136
194,3,13,584.89667,519.5033,0.9129957
194,3,14,602.94196,517.90753,0.83519214
194,3,15,573.8777,558.6347,0.7967867
194,3,16,599.10364,555.4173,0.6971618
195,0,0,727.8494,438.21005,0.046185255
195,0,1,729.68805,433.9999,0.03864524
195,0,2,729.59375,433.7359,0.01687611
195,0,3,730.7221,435.4598,0.7348541
195,0,4,747.26196,433.1027,0.42099127
195,0,5,729.9798,456.21365,0.9810496
195,0,6,762.68726,452.61758,0.95920044
195,0,7,726.7482,485.68228,0.703484
195,0,8,777.3686,477.97922,0.42334038
195,0,9,722.0732,504.979,0.22391967
195,0,10,768.2557,498.8927,0.110128015
195,0,11,737.9041,507.48987,0.9947353
195,0,12,765.3157,505.6584,0.9926724
195,0,13,722.72034,549.78516,0.98770314
195,0,14,780.2698,549.5741,0.98229885
195,0,15,713.1914,596.895,0.9751408
195,0,16,795.10345,597.769,0.96768993
196,0,0,719.24915,437.33786,0.07921825
196,0,1,720.6246,433.38367,0.06130694
196,0,2,720.6145,432.86188,0.017676031
196,0,3,725.1903,433.64496,0.7775299
196,0,4,739.752,430.91275,0.251569
196,0,5,728.34375,452.40225,0.9841201
196,0,6,755.0332,448.84308,0.9800876
196,0,7,722.21375,476.13635,0.8219789
196,0,8,768.7921,477.5884,0.75697803
196,0,9,717.74713,471.2245,0.4566207
196,0,10,771.9896,504.77106,0.39485848
196,0,11,733.6157,505.27856,0.9973648
196,0,12,756.91284,503.22894,0.99735296
196,0,13,715.6158,544.57294,0.99359256
196,0,14,772.5674,546.89435,0.9936544
196,0,15,704.46497,592.1403,0.9827069
196,0,16,791.37256,591.858,0.9834871
196,1,0,555.0129,467.08795,0.5435749
196,1,1,555.84033,462.8139,0.6441023
196,1,2,553.92017,463.35867,0.055400576
196,1,3,562.2038,460.29208,0.9313514
196,1,4,567.68066,460.7503,0.038216
196,1,5,573.5171,471.60947,0.98186904
196,1,6,588.7327,471.00784,0.9213812
196,1,7,568.85364,500.12323,0.9314893
196,1,8,583.23364,498.7567,0.36865652
196,1,9,554.1348,509.271,0.8261221
196,1,10,558.5808,506.0417,0.33562574
196,1,11,612.1705,513.9391,0.960863
196,1,12,623.1019,512.6053,0.9224804
196,1,13,566.676,521.636,0.942167
196,1,14,591.6258,519.97314,0.83583766
196,1,15,565.27496,563.9123,0.88961804
196,1,16,597.1111,559.84686,0.7725169
197,0,0,709.18726,427.0139,0.07162209
197,0,1,710.6077,423.02704,0.055022802
197,0,2,711.0082,422.88815,0.017069045
197,0,3,714.4384,424.02527,0.7684757
197,0,4,730.00867,422.06787,0.2818039
197,0,5,716.58264,444.8272,0.9871316
197,0,6,745.76215,441.28217,0.97673917
197,0,7,717.246,477.17474,0.84913325
197,0,8,759.7021,472.34323,0.69846934
197,0,9,715.31036,495.8139,0.468658
197,0,10,761.9717,502.0645,0.32203728
197,0,11,726.2305,501.54956,0.99691975
197,0,12,750.4012,499.61487,0.9962375
197,0,13,708.6528,540.5807,0.9917006
197,0,14,762.145,541.39856,0.9897942
197,0,15,708.18677,591.6682,0.97646165
197,0,16,781.1609,589.0299,0.9731887
197,1,0,551.4601,472.18304,0.5717718
197,1,1,551.81934,468.35654,0.66159755
197,1,2,551.6142,469.12668,0.106615
197,1,3,559.3849,464.86816,0.8466323
197,1,4,561.38434,465.8633,0.033689566
197,1,5,579.5495,474.12558,0.9675211
197,1,6,574.9806,474.64056,0.880712
197,1,7,597.5565,493.05603,0.9267181
197,1,8,570.406,494.69873,0.4830795
197,1,9,591.2467,507.39246,0.8515751
197,1,10,554.7117,506.5312,0.4673609
197,1,11,605.47253,513.84314,0.9546474
197,1,12,603.25,512.0402,0.9191313
197,1,13,562.3693,522.6786,0.92642665
197,1,14,563.9222,520.2865,0.81952983
197,1,15,565.20746,564.2079,0.8702464
197,1,16,570.56995,560.4225,0.75575113
198,0,0,702.7233,424.72095,0.078283444
198,0,1,703.96967,420.5722,0.079085
198,0,2,703.9793,420.09213,0.01777388
198,0,3,708.0881,419.4196,0.7179956
198,0,4,722.19073,416.28973,0.19550832
198,0,5,712.0558,438.83813,0.98383266
198,0,6,738.1167,433.4086,0.87036765
198,0,7,707.58496,473.03232,0.8986615
198,0,8,747.0676,462.97137,0.24538507
198,0,9,701.7737,499.89502,0.5627152
198,0,10,737.9376,488.37848,0.0894674
198,0,11,722.51746,495.31293,0.9909079
198,0,12,744.3106,492.62842,0.9722239
198,0,13,711.6602,538.96594,0.97284734
198,0,14,753.092,536.4874,0.9072824
198,0,15,713.48615,588.1554,0.9216047
198,0,16,770.00183,583.023,0.81302845
198,1,0,549.3764,473.3604,0.411286
198,1,1,549.42065,468.8733,0.5239655
198,1,2,548.1495,470.1407,0.052154996
198,1,3,555.6419,465.81055,0.8119705
198,1,4,556.7561,468.37384,0.021289688
198,1,5,577.3905,476.3319,0.964795
198,1,6,572.0114,479.03522,0.86404735
198,1,7,588.5767,502.15973,0.9405914
198,1,8,561.2457,505.4544,0.46398553
198,1,9,560.2631,517.5808,0.8666059
198,1,10,536.36945,519.31226,0.44192985
198,1,11,611.79987,514.3497,0.9547161
198,1,12,606.70105,513.8043,0.9130127
198,1,13,574.8684,522.5508,0.93017983
198,1,14,564.1649,521.64795,0.81537277
198,1,15,585.8314,563.91144,0.86784416
198,1,16,568.3973,560.72003,0.7398052
199,0,0,695.02454,420.22314,0.04884997
199,0,1,695.7993,416.39606,0.035478182
199,0,2,696.37177,415.94864,0.0200271
199,0,3,697.4479,416.09543,0.57586956
199,0,4,713.57153,413.19452,0.36536273
199,0,5,698.77625,433.68536,0.96582973
199,0,6,729.86316,429.1703,0.9464412
199,0,7,698.7062,461.47253,0.7107405
199,0,8,745.30884,457.59915,0.5438426
199,0,9,696.9525,474.5568,0.29526505
199,0,10,740.9216,480.64844,0.20228575
199,0,11,714.2211,487.31293,0.9884836
199,0,12,737.2949,485.12256,0.9861259
199,0,13,711.4885,530.9233,0.96883583
199,0,14,745.80444,527.1118,0.96182483
199,0,15,714.0845,575.7448,0.9295928
199,0,16,752.8007,573.46173,0.91989297
199,1,0,548.4866,473.43677,0.30041167
199,1,1,549.20123,469.40137,0.39558336
199,1,2,548.62994,470.2607,0.036168538
199,1,3,557.1186,466.8623,0.8574331
199,1,4,560.85614,468.26596,0.03902885
199,1,5,570.31476,477.4635,0.9636398
199,1,6,580.65436,477.77917,0.8746476
199,1,7,566.10095,501.55225,0.9122835
199,1,8,580.43475,499.64612,0.45427403
199,1,9,547.0651,519.5027,0.7974076
199,1,10,554.9135,515.0061,0.408948
199,1,11,608.6158,514.95874,0.94322836
199,1,12,614.6584,513.5756,0.90126735
199,1,13,563.31464,529.24817,0.8834172
199,1,14,582.5455,527.2239,0.7377983
199,1,15,567.71173,567.419,0.76792705
199,1,16,591.92017,563.36444,0.6099755
200,0,0,692.8163,413.99005,0.054263636
200,0,1,692.59216,410.271,0.035546467
200,0,2,693.59,409.52158,0.027716514
200,0,3,689.9591,410.6476,0.5788683
200,0,4,707.5674,407.5703,0.48178604
200,0,5,689.21277,429.50815,0.97010744
200,0,6,723.6242,424.02798,0.9678765
200,0,7,685.0957,458.77136,0.7243224
200,0,8,738.20734,452.6371,0.70779955
200,0,9,683.24286,470.5685,0.31013575
200,0,10,740.4672,478.4237,0.31060973
200,0,11,703.0526,482.4457,0.98582953
200,0,12,727.29736,479.52682,0.98630583
200,0,13,699.1486,527.5738,0.94360375
200,0,14,730.9875,523.45294,0.9459167
200,0,15,700.3556,573.41187,0.852815
200,0,16,733.72675,573.7497,0.85902774
201,0,0,546.6011,467.61954,0.23642541
201,0,1,547.27094,464.63586,0.3230984
201,0,2,546.76746,462.53845,0.019530855
201,0,3,553.75104,462.72833,0.84711474
201,0,4,563.11865,456.51044,0.026743378
201,0,5,566.792,474.56967,0.98662114
201,0,6,572.0991,467.74283,0.79897016
201,0,7,565.98926,500.80713,0.9711591
201,0,8,575.4362,493.51526,0.26503766
201,0,9,546.54767,507.29224,0.90175253
201,0,10,555.9906,506.4077,0.2124415
201,0,11,599.3372,505.89606,0.9956457
201,0,12,609.32465,504.52185,0.9813595
201,0,13,566.0391,525.50555,0.99330634
201,0,14,604.1118,536.72974,0.9625225
201,0,15,565.3512,564.92126,0.9813374
201,0,16,642.42163,550.0788,0.9325501
201,1,0,684.31244,414.14075,0.072258376
201,1,1,684.5354,409.83405,0.043459542
201,1,2,685.9069,409.85858,0.026956368
201,1,3,687.2583,407.71863,0.539195
201,1,4,703.3927,406.04364,0.32771534
201,1,5,688.68835,424.6154,0.96719736
201,1,6,718.09607,420.9271,0.97323203
201,1,7,682.92035,451.08356,0.81123596
201,1,8,733.3721,447.06598,0.8498305
201,1,9,680.51373,461.87997,0.5215213
201,1,10,735.672,469.55832,0.5961759
201,1,11,701.5807,475.99808,0.9901045
201,1,12,720.8153,473.88068,0.99182653
201,1,13,700.20544,522.4955,0.96853685
201,1,14,719.7524,520.5794,0.9747243
201,1,15,706.59515,568.6955,0.90404505
201,1,16,723.27985,567.1558,0.9198145
202,0,0,547.21027,458.67,0.19111128
202,0,1,547.3432,454.75317,0.2202315
202,0,2,548.87823,453.46613,0.015721275
202,0,3,555.6937,453.58377,0.7580248
202,0,4,570.0805,448.7791,0.024196805
202,0,5,571.4438,468.1399,0.9702528
202,0,6,579.0465,465.61856,0.86369085
202,0,7,570.43066,494.7152,0.9409821
202,0,8,573.7367,496.79047,0.5173694
202,0,9,550.4387,507.52136,0.8584405
202,0,10,553.35187,507.59692,0.436882
202,0,11,605.52606,507.6302,0.99345016
202,0,12,617.17426,507.06006,0.9858143
202,0,13,566.8815,524.8441,0.98988885
202,0,14,605.3005,533.68646,0.97301495
202,0,15,565.0204,565.42377,0.97233945
202,0,16,643.5209,551.7695,0.94450605
202,1,0,675.13007,409.08127,0.078416236
202,1,1,675.0001,405.11517,0.04659842
202,1,2,676.3551,405.08105,0.02938532
202,1,3,676.0756,405.92188,0.6739611
202,1,4,693.95734,404.003,0.47548833
202,1,5,677.24054,426.9872,0.98986125
202,1,6,710.4139,420.41205,0.9884686
202,1,7,671.5992,452.82962,0.91474026
202,1,8,729.23566,445.2924,0.8969279
202,1,9,666.76135,458.50104,0.67395395
202,1,10,732.75714,468.78317,0.6589483
202,1,11,695.84894,475.95917,0.9963716
202,1,12,716.9746,471.89633,0.99641836
202,1,13,696.15295,521.8949,0.98622584
202,1,14,715.19055,512.4573,0.9865435
202,1,15,704.0134,566.50195,0.9480681
202,1,16,716.92145,553.43884,0.95108706
203,0,0,548.925,455.45917,0.25414574
203,0,1,549.91766,451.65918,0.3330783
203,0,2,550.8237,450.01965,0.019571777
203,0,3,560.14734,450.3187,0.83701676
203,0,4,572.5456,444.43152,0.021055656
203,0,5,570.4322,465.82776,0.9731558
203,0,6,583.74304,460.61026,0.8310874
203,0,7,562.8091,495.43793,0.92979604
203,0,8,578.69403,491.90436,0.34571525
203,0,9,547.10895,507.1001,0.8184067
203,0,10,558.6043,506.81543,0.27286094
203,0,11,602.43616,508.6537,0.99329376
203,0,12,617.7251,507.1986,0.9825696
203,0,13,563.26953,521.6049,0.99238026
203,0,14,605.6966,531.6289,0.9749758
203,0,15,564.62103,566.2063,0.9841315
203,0,16,644.0749,551.5623,0.9623164
204,0,0,668.0885,406.8669,0.0450217
204,0,1,668.2478,403.09143,0.024260685
204,0,2,669.7568,402.73508,0.019359201
204,0,3,667.4309,405.69046,0.5848813
204,0,4,685.0451,403.4423,0.47923926
204,0,5,666.5797,427.3996,0.98289263
204,0,6,699.56274,422.62302,0.98926836
204,0,7,656.99304,452.48227,0.84506357
204,0,8,717.22815,446.65952,0.91079366
204,0,9,647.96765,460.8551,0.5122817
204,0,10,725.66425,468.92548,0.64350945
204,0,11,683.1033,479.82764,0.9961993
204,0,12,702.8704,477.4551,0.99718827
204,0,13,687.4203,521.99567,0.9847932
204,0,14,700.47034,517.2771,0.98867166
204,0,15,698.2159,564.067,0.94382125
204,0,16,702.21576,561.31714,0.95575327
204,1,0,573.82214,422.4704,0.09113592
204,1,1,572.45807,419.71277,0.029860416
204,1,2,573.4237,418.71298,0.052988425
204,1,3,562.2586,423.0231,0.24853486
204,1,4,575.4887,420.73483,0.49797836
204,1,5,561.8017,443.6574,0.9577335
204,1,6,580.2873,438.56332,0.9682367
204,1,7,550.19025,466.87177,0.83777606
204,1,8,600.62427,460.6673,0.8976009
204,1,9,545.03613,484.37726,0.68434495
204,1,10,619.50696,477.95193,0.78580916
204,1,11,579.7927,482.53394,0.99334925
204,1,12,593.0728,480.21796,0.9945083
204,1,13,581.9818,517.1212,0.98754
204,1,14,614.8188,506.97784,0.9902947
204,1,15,570.78046,555.5028,0.9707162
204,1,16,622.728,545.49445,0.97663885
205,0,0,666.36115,408.24097,0.06938252
205,0,1,665.7281,404.813,0.049095623
205,0,2,667.538,403.99335,0.038820088
205,0,3,661.51276,407.38208,0.540814
205,0,4,678.65076,404.49902,0.45347905
205,0,5,660.6244,429.85843,0.96175766
205,0,6,692.23804,423.75525,0.9540677
205,0,7,649.60834,452.19482,0.7608691
205,0,8,710.3149,444.07294,0.6987865
205,0,9,642.0302,451.037,0.44425437
205,0,10,710.95905,461.02176,0.38976723
205,0,11,677.7857,482.26544,0.98356646
205,0,12,696.4643,479.1674,0.98269606
205,0,13,681.31384,524.21906,0.9560272
205,0,14,692.77673,517.9609,0.9524475
205,0,15,694.58875,565.89886,0.9044404
205,0,16,699.97394,562.6334,0.90093195
205,1,0,566.27075,438.34985,0.13843411
205,1,1,567.66046,434.4793,0.14705479
205,1,2,568.10846,433.485,0.02562219
205,1,3,572.5804,434.72766,0.70638865
205,1,4,585.6824,430.4997,0.100757614
205,1,5,578.91296,452.82132,0.96495193
205,1,6,596.5028,447.3274,0.84771717
205,1,7,569.5803,479.6086,0.8602559
205,1,8,603.64264,471.31894,0.3481721
205,1,9,558.928,499.79675,0.6344819
205,1,10,599.7342,485.83148,0.21399528
205,1,11,597.32794,496.93317,0.98837936
205,1,12,614.3016,494.30182,0.9749448
205,1,13,574.97864,521.539,0.9832028
205,1,14,620.8253,520.27856,0.95965433
205,1,15,562.3146,561.18567,0.96937424
205,1,16,642.8169,555.17786,0.9426723
206,0,0,657.8751,411.6825,0.07524647
206,0,1,658.1265,408.59204,0.049956884
206,0,2,659.327,407.78186,0.03271588
206,0,3,657.0168,411.21838,0.6858434
206,0,4,673.23364,408.146,0.48650968
206,0,5,656.9794,431.9586,0.9824072
206,0,6,686.7245,424.61713,0.98663944
206,0,7,638.49286,450.97675,0.82600015
206,0,8,707.19086,446.39563,0.8662625
206,0,9,629.4333,449.76144,0.48453483
206,0,10,712.0172,474.371,0.5612167
206,0,11,673.7742,482.63525,0.9942948
206,0,12,689.2509,478.2151,0.99545467
206,0,13,674.1272,524.8616,0.98383373
206,0,14,679.9913,513.81903,0.98694336
206,0,15,699.2668,563.8471,0.95935875
206,0,16,693.608,557.7335,0.966559
206,1,0,580.4097,426.25116,0.22987352
206,1,1,582.3596,423.1283,0.21028328
206,1,2,580.5047,422.33023,0.056726538
206,1,3,585.7274,426.10785,0.69313407
206,1,4,590.4583,423.78995,0.12745929
206,1,5,591.71643,446.3521,0.95984447
206,1,6,600.1516,442.53748,0.91796196
206,1,7,594.6798,472.9869,0.80526936
206,1,8,600.7705,464.92273,0.5584246
206,1,9,592.7875,498.83264,0.6024645
206,1,10,595.2532,490.9048,0.38478267
206,1,11,604.38666,490.40564,0.99117076
206,1,12,615.1993,488.4265,0.98788166
206,1,13,588.3291,525.63763,0.9903266
206,1,14,627.0159,523.4034,0.98585445
206,1,15,580.42316,562.21533,0.98407894
206,1,16,645.70044,557.7824,0.9795177
207,0,0,652.5307,413.48047,0.018739235
207,0,1,653.226,410.5416,0.02322531
207,0,2,654.838,409.91193,0.013921454
207,0,3,651.5705,413.40085,0.7049922
207,0,4,667.6383,411.14008,0.5846019
207,0,5,648.58246,434.529,0.9871781
207,0,6,678.6972,431.08508,0.98189443
207,0,7,635.87646,450.92743,0.9155893
207,0,8,696.05255,448.44327,0.8702343
207,0,9,630.7537,458.82016,0.6182724
207,0,10,705.3078,465.3783,0.55775046
207,0,11,661.1515,476.332,0.98559386
207,0,12,677.52423,474.56888,0.9829822
207,0,13,663.5395,510.45935,0.8932013
207,0,14,674.2408,507.63232,0.8790965
207,0,15,670.9409,536.498,0.661088
207,0,16,670.54785,533.1539,0.63913345
207,1,0,579.3236,413.89258,0.18048121
207,1,1,580.983,410.1503,0.17698787
207,1,2,581.47095,409.58618,0.03240399
207,1,3,584.5998,415.15005,0.70126796
207,1,4,597.15497,411.56082,0.10665686
207,1,5,592.925,442.60895,0.98012114
207,1,6,604.33307,431.11664,0.90192693
207,1,7,601.7007,472.29315,0.93020743
207,1,8,600.828,425.47443,0.50905496
207,1,9,593.4004,500.01477,0.8039105
207,1,10,585.549,402.96707,0.3760031
207,1,11,606.56604,487.3584,0.9955942
207,1,12,620.6024,483.43484,0.9896926
207,1,13,590.644,521.35394,0.9937063
207,1,14,629.9687,520.60425,0.9835502
207,1,15,577.3131,559.3749,0.9848742
207,1,16,652.26184,555.04364,0.96933985
208,0,0,580.63165,419.34363,0.23048812
208,0,1,582.67334,415.75537,0.27364996
208,0,2,582.43994,414.35995,0.031000866
208,0,3,588.67535,418.09003,0.85512877
208,0,4,599.17224,413.75925,0.072629444
208,0,5,598.7552,438.22107,0.9880328
208,0,6,608.3712,432.70737,0.92412174
208,0,7,598.3182,466.52597,0.94764304
208,0,8,609.8548,456.70145,0.48372445
208,0,9,589.0254,481.54758,0.8299007
208,0,10,595.9041,475.53888,0.32538825
208,0,11,611.06696,485.944,0.99697924
208,0,12,622.0347,483.3737,0.99237907
208,0,13,592.60126,523.105,0.9954437
208,0,14,626.61896,525.22516,0.9865443
208,0,15,586.92365,559.4657,0.98794985
208,0,16,647.8881,558.7134,0.97303355
208,1,0,643.31354,416.84473,0.07027149
208,1,1,644.37067,413.54184,0.058277003
208,1,2,645.7017,412.90167,0.02742764
208,1,3,644.51544,415.8385,0.67882365
208,1,4,659.7846,413.3141,0.3387988
208,1,5,645.7435,434.6113,0.97214884
208,1,6,670.9416,430.44333,0.96792734
208,1,7,637.58154,458.43793,0.7391937
208,1,8,691.7907,451.28232,0.66750014
208,1,9,633.5493,469.56042,0.37009847
208,1,10,693.73645,471.68665,0.30760327
208,1,11,660.0613,483.32446,0.99458164
208,1,12,673.10767,481.87445,0.994323
208,1,13,664.25146,524.46936,0.9899295
208,1,14,665.12933,523.8454,0.9886234
208,1,15,686.2427,556.74023,0.9806264
208,1,16,666.4918,559.869,0.9789205
209,0,0,592.04004,413.39005,0.13635164
209,0,1,593.8197,410.633,0.12793288
209,0,2,593.1108,409.27893,0.027873589
209,0,3,593.6885,414.17752,0.77624285
209,0,4,603.37317,409.97183,0.17925228
209,0,5,597.33057,436.368,0.9923735
209,0,6,609.9528,425.83008,0.94913703
209,0,7,597.7357,462.31732,0.9618888
209,0,8,610.86237,427.64877,0.5822161
209,0,9,592.2631,481.0186,0.8380839
209,0,10,600.648,422.2215,0.3596196
209,0,11,612.1409,481.32492,0.997815
209,0,12,624.2105,477.56897,0.9942362
209,0,13,595.76227,517.3476,0.99509406
209,0,14,629.9075,516.4701,0.98479074
209,0,15,595.7574,554.3077,0.98372585
209,0,16,646.97974,547.4995,0.9614675
209,1,0,639.03076,419.66998,0.0890985
209,1,1,639.3183,416.71002,0.068444155
209,1,2,640.6585,415.21533,0.03607388
209,1,3,638.34045,420.3708,0.6938638
209,1,4,654.5412,415.7885,0.38516483
209,1,5,639.8769,441.9906,0.9734707
209,1,6,665.921,434.88025,0.97027934
209,1,7,636.5738,461.27032,0.7700101
209,1,8,689.1619,457.37582,0.73611575
209,1,9,640.8312,480.00342,0.43979022
209,1,10,693.9812,488.97308,0.4197282
209,1,11,656.7725,484.95084,0.9847477
209,1,12,670.30444,480.87292,0.9852668
209,1,13,656.802,522.7197,0.94729733
209,1,14,661.8572,512.71893,0.9489721
209,1,15,686.33484,537.77826,0.88363254
209,1,16,675.63153,530.01624,0.88899505
210,0,0,592.96,406.17703,0.10718563
210,0,1,594.6164,404.0918,0.08786249
210,0,2,595.0973,402.86185,0.022023328
210,0,3,595.01324,410.6805,0.7356095
210,0,4,608.9301,405.9002,0.2030901
210,0,5,598.9823,436.81705,0.9918425
210,0,6,613.48145,421.62195,0.9687765
210,0,7,595.9179,460.91705,0.96193665
210,0,8,614.23553,407.84848,0.7634539
210,0,9,586.564,467.72607,0.8541654
210,0,10,604.5091,386.74124,0.56998897
210,0,11,617.1437,481.7347,0.9982115
210,0,12,630.50806,476.965,0.9966037
210,0,13,599.49243,518.1261,0.99469286
210,0,14,634.32916,519.67413,0.9887581
210,0,15,605.9395,555.0403,0.97791606
210,0,16,662.8995,547.1036,0.9610027
211,0,0,592.83,402.19525,0.10185723
211,0,1,593.96375,398.49213,0.08176829
211,0,2,594.76,398.38464,0.028737519
211,0,3,594.9835,402.3181,0.6533807
211,0,4,608.33014,399.87637,0.26661357
211,0,5,598.4133,428.11823,0.99002904
211,0,6,618.1752,416.13947,0.9532976
211,0,7,598.2287,457.34363,0.95044094
211,0,8,622.836,405.92947,0.6467594
211,0,9,591.3924,462.65326,0.79939044
211,0,10,610.78644,379.5267,0.39722905
211,0,11,618.158,477.225,0.9965694
211,0,12,631.4455,473.75974,0.99241954
211,0,13,609.18506,514.615,0.9918206
211,0,14,625.4018,513.9916,0.9793073
211,0,15,621.7255,551.7553,0.97264916
211,0,16,637.0416,549.50366,0.9441338
212,0,0,590.4493,400.36,0.24529408
212,0,1,592.87164,396.5695,0.30695418
212,0,2,593.7941,396.3561,0.04575516
212,0,3,598.69556,399.9693,0.8815972
212,0,4,610.82983,397.2823,0.16416852
212,0,5,600.5963,422.65414,0.994385
212,0,6,621.1975,415.40738,0.91532165
212,0,7,598.7704,453.7868,0.9604056
212,0,8,622.81775,423.81595,0.264996
212,0,9,589.3907,465.13315,0.7959895
212,0,10,605.3337,401.31335,0.13215332
212,0,11,620.0313,476.82617,0.99539363
212,0,12,634.1746,474.43378,0.98105824
212,0,13,611.27893,517.2992,0.98821926
212,0,14,629.67755,517.9912,0.94122666
212,0,15,629.83307,554.12915,0.9612051
212,0,16,644.42487,549.36414,0.87184966
213,0,0,592.5666,400.33914,0.2949314
213,0,1,594.9181,396.7045,0.35655802
213,0,2,595.7437,396.51514,0.060932674
213,0,3,600.2153,400.57587,0.8837864
213,0,4,611.34033,397.90457,0.1774729
213,0,5,600.79755,425.2322,0.9939314
213,0,6,621.9477,415.104,0.92972916
213,0,7,598.50604,454.25415,0.9573187
213,0,8,627.2927,410.624,0.34014863
213,0,9,591.89825,471.03613,0.7971124
213,0,10,615.26404,383.69907,0.17948782
213,0,11,619.32025,476.89554,0.99496365
213,0,12,632.6353,474.032,0.9820794
213,0,13,618.0623,516.20593,0.98784584
213,0,14,629.8111,517.5498,0.949257
213,0,15,638.8327,555.519,0.96251774
213,0,16,644.8321,552.30414,0.8902902
214,0,0,593.1623,404.4249,0.15442982
214,0,1,594.53754,401.94293,0.10991166
214,0,2,596.0454,401.55237,0.0299583
214,0,3,597.90234,406.39612,0.7449261
214,0,4,611.0863,403.48532,0.20776902
214,0,5,600.8355,429.7677,0.99363154
214,0,6,622.6023,416.20425,0.98527294
214,0,7,597.98193,453.70752,0.9789564
214,0,8,635.02966,397.28107,0.928445
214,0,9,589.778,474.5098,0.923982
214,0,10,633.00055,379.3427,0.83684224
214,0,11,614.6487,474.7663,0.9978834
214,0,12,628.5031,470.76904,0.9969644
214,0,13,608.13837,511.4416,0.9883505
214,0,14,628.1957,515.09674,0.9825147
214,0,15,623.79553,545.92755,0.9256339
214,0,16,642.53687,548.5338,0.898256
215,0,0,595.4461,402.99615,0.1681556
215,0,1,596.8996,400.90836,0.12601677
215,0,2,598.79785,400.17273,0.030503716
215,0,3,600.4175,406.33276,0.75126064
215,0,4,614.6795,402.63568,0.16012321
215,0,5,602.2622,432.38904,0.9894148
215,0,6,627.37573,416.67426,0.98096645
215,0,7,597.1428,461.06888,0.97303617
215,0,8,642.0421,397.03455,0.9366662
215,0,9,587.49,481.7619,0.928122
215,0,10,640.217,375.7565,0.889769
215,0,11,613.3102,482.51892,0.9955713
215,0,12,629.27014,477.75293,0.99475765
215,0,13,596.6999,503.71008,0.9789067
215,0,14,624.3192,515.6833,0.9743533
215,0,15,614.05164,534.3273,0.8937964
215,0,16,640.3921,545.58594,0.8727316
216,0,0,593.8925,406.97174,0.23895596
216,0,1,595.3979,403.94183,0.28369015
216,0,2,596.4209,403.63593,0.057156093
216,0,3,601.21136,408.7711,0.9306793
216,0,4,615.0119,404.71255,0.36218742
216,0,5,600.88245,432.4963,0.99434954
216,0,6,625.3998,419.8675,0.9839139
216,0,7,596.2304,455.3456,0.95907587
216,0,8,645.2018,412.0088,0.79349947
216,0,9,590.9005,467.40674,0.8139764
216,0,10,646.48114,390.63742,0.5279366
216,0,11,615.9067,489.3158,0.9716877
216,0,12,630.43146,484.70227,0.95524913
216,0,13,609.81476,525.3889,0.48507845
216,0,14,630.06323,521.51154,0.35952294
216,0,15,614.0938,543.35736,0.09728149
216,0,16,632.7011,540.0063,0.06805632
217,0,0,595.1672,406.1257,0.32527995
217,0,1,597.20917,403.73032,0.26724112
217,0,2,599.09863,403.43195,0.07078819
217,0,3,601.1785,409.376,0.8362002
217,0,4,617.5146,406.24344,0.2376223
217,0,5,599.4229,432.06326,0.98818076
217,0,6,630.6195,424.2287,0.9809379
217,0,7,596.1162,463.97397,0.9584513
217,0,8,650.7988,415.0263,0.9148638
217,0,9,591.0337,487.01932,0.9195106
217,0,10,651.9713,392.01276,0.8822133
217,0,11,607.60187,479.77972,0.99203616
217,0,12,630.8553,480.42267,0.9907725
217,0,13,587.1075,494.9981,0.97460914
217,0,14,640.28204,523.32104,0.9705165
217,0,15,573.3936,519.9824,0.9111395
217,0,16,641.43036,558.80615,0.8953095
218,0,0,596.5173,405.72662,0.2548373
218,0,1,598.00134,402.51367,0.16109292
218,0,2,599.37714,401.89575,0.065497056
218,0,3,599.2165,407.71616,0.7444465
218,0,4,616.50183,403.9507,0.3296779
218,0,5,601.0804,428.42508,0.9857362
218,0,6,627.027,422.5258,0.9886303
218,0,7,592.42554,457.2387,0.9457436
218,0,8,648.78345,415.01013,0.9587547
218,0,9,588.76184,476.179,0.91978836
218,0,10,656.9807,402.86227,0.9381076
218,0,11,609.62714,471.32568,0.99570847
218,0,12,628.49274,473.0073,0.99647874
218,0,13,592.8275,492.87158,0.9926252
218,0,14,635.4945,516.5813,0.994125
218,0,15,567.1943,509.09485,0.98074967
218,0,16,638.834,558.4185,0.98299485
219,0,0,594.33765,404.6768,0.25096267
219,0,1,596.43695,401.40027,0.19695017
219,0,2,598.06854,401.4093,0.054339577
219,0,3,601.36975,405.31332,0.8644107
219,0,4,615.8765,403.10873,0.3328514
219,0,5,599.5888,427.82547,0.9965327
219,0,6,628.70715,420.65665,0.9920061
219,0,7,592.81915,456.43353,0.9795721
219,0,8,649.86707,424.3694,0.93076295
219,0,9,585.74896,478.69467,0.909336
219,0,10,655.01276,414.38986,0.796568
219,0,11,615.1027,477.96802,0.99788314
219,0,12,633.4941,476.0039,0.9968928
219,0,13,612.8482,515.76166,0.98649293
219,0,14,635.5137,516.65814,0.979326
219,0,15,618.74365,552.0661,0.9171505
219,0,16,642.3358,553.0657,0.8882847
220,0,0,595.931,404.498,0.20286807
220,0,1,597.2149,401.29987,0.18151385
220,0,2,598.4704,401.0003,0.051009145
220,0,3,600.72284,403.42557,0.8281829
220,0,4,614.4785,400.8648,0.28561392
220,0,5,600.31805,425.29492,0.9930147
220,0,6,627.5709,417.65372,0.9777855
220,0,7,595.48895,450.5293,0.9622752
220,0,8,648.1614,425.33405,0.8181728
220,0,9,592.2817,471.7214,0.85429376
220,0,10,650.85614,422.0701,0.63194174
220,0,11,613.0898,475.3946,0.99654156
220,0,12,631.2061,472.37564,0.99412584
220,0,13,607.9039,514.40094,0.98654085
220,0,14,634.6706,516.72504,0.97591645
220,0,15,611.00806,556.5093,0.9456226
220,0,16,639.9492,553.7592,0.9172489
221,0,0,592.5094,402.9981,0.15001217
221,0,1,594.24634,399.88794,0.210042
221,0,2,594.6328,399.5764,0.02712214
221,0,3,600.9831,403.13513,0.95147556
221,0,4,613.5117,400.5965,0.31189623
221,0,5,599.7862,424.59512,0.9972682
221,0,6,627.1822,418.125,0.9901114
221,0,7,596.87994,453.54266,0.9772913
221,0,8,648.3407,432.95715,0.8056286
221,0,9,592.62604,471.0575,0.84427494
221,0,10,652.01416,432.52783,0.4919843
221,0,11,613.63776,474.91403,0.99504787
221,0,12,630.36346,472.81458,0.99105096
221,0,13,613.5055,516.34674,0.9476776
221,0,14,632.5281,515.04535,0.90253925
221,0,15,618.6958,553.40985,0.7101178
221,0,16,634.64606,551.0884,0.597186
222,0,0,592.93774,402.36212,0.09198105
222,0,1,594.5986,399.14362,0.13783936
222,0,2,595.1981,398.87796,0.01584119
222,0,3,600.89026,402.36887,0.94008046
222,0,4,613.8298,400.0704,0.24190965
222,0,5,599.01263,423.71747,0.99614537
222,0,6,626.58704,417.89008,0.98566806
222,0,7,594.6956,452.29675,0.9700123
222,0,8,645.2826,433.90314,0.74461114
222,0,9,589.77966,471.45874,0.7981916
222,0,10,648.32544,436.75888,0.40109226
222,0,11,611.2246,474.89554,0.9947994
222,0,12,628.32513,472.9293,0.9904571
222,0,13,608.56604,516.68866,0.95561445
222,0,14,629.2662,515.60864,0.91373247
222,0,15,613.3441,557.92615,0.77228296
222,0,16,631.8671,555.88367,0.66605574
222,1,0,472.96475,455.7044,0.45519173
222,1,1,474.8747,451.0301,0.5857369
222,1,2,471.34695,452.54224,0.0832495
222,1,3,484.65427,450.5871,0.6970892
222,1,4,475.1819,454.54065,0.013025173
222,1,5,503.2313,461.78973,0.94133204
222,1,6,485.97867,468.38428,0.78069156
222,1,7,509.97693,486.5325,0.9363637
222,1,8,479.7648,495.10736,0.48102862
222,1,9,486.68945,496.82758,0.90080166
222,1,10,476.5422,494.43347,0.5427777
222,1,11,526.5131,493.1046,0.9528239
222,1,12,511.04514,494.71307,0.9091808
222,1,13,514.5967,505.9754,0.95109785
222,1,14,477.742,507.6974,0.87935776
222,1,15,517.3068,541.69336,0.9236035
222,1,16,460.9217,542.4524,0.85114026
223,0,0,591.30347,403.4094,0.2729425
223,0,1,592.7093,399.8978,0.24611352
223,0,2,593.96344,399.79755,0.066976056
223,0,3,597.7667,401.47235,0.84991735
223,0,4,610.676,399.45496,0.27052674
223,0,5,596.5233,422.29688,0.9924385
223,0,6,624.07825,418.29034,0.9804104
223,0,7,590.72266,447.821,0.9606527
223,0,8,642.6916,437.01453,0.8501427
223,0,9,584.4274,470.2277,0.85573757
223,0,10,648.5283,443.66882,0.6745423
223,0,11,607.94763,474.19043,0.99367005
223,0,12,625.92303,472.20032,0.99033153
223,0,13,602.8285,515.02606,0.9647637
223,0,14,627.91504,515.8252,0.94463456
223,0,15,605.1691,555.27783,0.840872
223,0,16,630.2833,550.1127,0.7894942
224,0,0,588.33734,403.10895,0.13761978
224,0,1,589.9025,399.72314,0.19405712
224,0,2,590.8378,399.5199,0.026890522
224,0,3,596.32495,401.26367,0.9434991
224,0,4,610.4125,399.71307,0.31694207
224,0,5,595.31586,421.24265,0.9974746
224,0,6,624.27203,418.67636,0.9910086
224,0,7,589.93414,450.40674,0.9774646
224,0,8,639.88715,444.32703,0.80956477
224,0,9,582.44855,471.1115,0.8494313
224,0,10,636.6994,459.9741,0.5118004
224,0,11,605.93115,474.1628,0.9966041
224,0,12,625.24316,473.04126,0.99389666
224,0,13,599.957,511.35986,0.97730434
224,0,14,625.9108,510.94116,0.9549954
224,0,15,602.5499,545.62256,0.89246035
224,0,16,628.48694,544.19025,0.8301332
225,0,0,587.73206,401.93195,0.14517853
225,0,1,589.35223,398.51724,0.19719721
225,0,2,589.84106,398.31714,0.030127984
225,0,3,594.97754,400.13428,0.9414748
225,0,4,608.3381,398.69244,0.3428008
225,0,5,593.31616,420.2908,0.9967303
225,0,6,621.49304,417.62018,0.988427
225,0,7,587.53,450.23584,0.9719607
225,0,8,636.4045,443.08426,0.77695024
225,0,9,580.13184,470.02283,0.8182675
225,0,10,632.4539,456.38068,0.4572828
225,0,11,602.5222,474.9207,0.99302304
225,0,12,621.65814,473.8908,0.9875453
225,0,13,598.92334,514.372,0.9314046
225,0,14,626.9499,514.0504,0.872996
225,0,15,601.1477,548.1096,0.6648309
225,0,16,631.155,546.8364,0.5429713
226,0,0,583.67566,399.69537,0.25748938
226,0,1,585.69714,396.30945,0.34726262
226,0,2,586.0413,396.14282,0.0455086
226,0,3,593.25916,397.89594,0.9648837
226,0,4,605.1182,396.86655,0.2981176
226,0,5,591.032,417.7917,0.99709964
226,0,6,618.80084,416.47354,0.98787105
226,0,7,584.2433,445.58246,0.96725726
226,0,8,634.1605,442.60803,0.68444484
226,0,9,577.95905,464.60913,0.7965468
226,0,10,630.03015,458.24,0.3649645
226,0,11,599.1091,471.81973,0.9919436
226,0,12,618.39185,471.25168,0.98457503
226,0,13,592.80975,509.81384,0.9353223
226,0,14,624.1561,510.05872,0.86692375
226,0,15,593.5793,544.09937,0.7255535
226,0,16,628.2843,543.12103,0.591366
227,0,0,582.3615,398.35275,0.1546055
227,0,1,584.1453,394.85767,0.21440576
227,0,2,584.2015,394.6927,0.033956405
227,0,3,589.3407,396.2002,0.9446774
227,0,4,602.4118,395.16653,0.3509112
227,0,5,586.95416,416.1482,0.99652773
227,0,6,616.0558,414.4339,0.9869141
227,0,7,582.0861,445.09882,0.9589233
227,0,8,631.88947,440.5313,0.6806268
227,0,9,577.0184,464.24036,0.7588069
227,0,10,625.2997,455.04483,0.35494387
227,0,11,594.3839,468.40082,0.9953164
227,0,12,615.6238,467.676,0.9914725
227,0,13,587.5,502.9228,0.9824639
227,0,14,623.37305,502.96423,0.9648332
227,0,15,587.9649,541.51697,0.9418758
227,0,16,630.9831,540.40326,0.9040642
228,0,0,579.6252,400.34503,0.17286809
228,0,1,581.28107,396.86716,0.22559366
228,0,2,581.411,396.55435,0.037988614
228,0,3,585.97205,397.2787,0.91324663
228,0,4,600.66754,395.88385,0.27131435
228,0,5,583.0691,415.76282,0.98925906
228,0,6,614.67615,413.05316,0.9634843
228,0,7,577.2252,440.48282,0.9004239
228,0,8,625.84674,434.1581,0.4860671
228,0,9,578.56244,444.02042,0.6107
228,0,10,610.27356,434.60464,0.23322296
228,0,11,590.2044,469.882,0.9822702
228,0,12,613.94305,468.65985,0.9695532
228,0,13,583.2134,502.2511,0.93429345
228,0,14,621.25244,501.82672,0.8791916
228,0,15,584.4545,539.5269,0.8220629
228,0,16,627.9288,537.8696,0.7353843
228,1,0,404.6625,488.62787,0.3177399
228,1,1,406.7792,484.17798,0.38917598
228,1,2,406.34116,482.42923,0.045945283
228,1,3,415.52234,486.12274,0.74554133
228,1,4,424.81207,479.95923,0.04338139
228,1,5,428.32947,501.49506,0.9570386
228,1,6,435.40424,497.60583,0.7345444
228,1,7,425.47894,541.00665,0.9208817
228,1,8,426.61383,536.8009,0.29786074
228,1,9,420.37848,563.9399,0.8559368
228,1,10,419.44443,560.7661,0.3103812
228,1,11,475.68112,525.29767,0.9586791
228,1,12,484.71313,524.73615,0.88919246
228,1,13,432.07947,557.273,0.921541
228,1,14,461.08127,562.00226,0.7555517
228,1,15,438.62054,568.2648,0.82492113
228,1,16,489.2005,566.39215,0.6350204
229,0,0,576.7111,402.4718,0.1276038
229,0,1,578.75854,399.27936,0.13365367
229,0,2,578.7129,399.182,0.036902126
229,0,3,582.05237,399.12445,0.8478786
229,0,4,594.8722,397.30405,0.33945563
229,0,5,579.32666,415.32678,0.98483354
229,0,6,609.7831,412.07147,0.9583648
229,0,7,574.0859,441.0059,0.8032344
229,0,8,620.3721,430.745,0.44969887
229,0,9,577.439,438.81128,0.33017495
229,0,10,602.57184,425.39993,0.12477608
229,0,11,586.6541,466.2311,0.9828771
229,0,12,610.98376,465.2488,0.97215605
229,0,13,573.7042,499.43604,0.9060236
229,0,14,621.6455,502.35297,0.84314686
229,0,15,572.2513,539.03625,0.74253976
229,0,16,630.13385,537.0899,0.6475384
229,1,0,402.70078,492.0539,0.20150109
229,1,1,403.87112,487.64032,0.22456811
229,1,2,403.68182,486.46606,0.02945483
229,1,3,413.2926,486.68945,0.62812096
229,1,4,422.93497,481.8014,0.041482747
229,1,5,426.15778,499.82715,0.956207
229,1,6,434.65073,496.50092,0.72901994
229,1,7,420.1235,534.1498,0.9334096
229,1,8,424.8134,533.584,0.36620063
229,1,9,420.96927,559.524,0.85447633
229,1,10,422.17294,556.13635,0.342717
229,1,11,466.27533,527.1479,0.97063714
229,1,12,475.98746,525.8376,0.922211
229,1,13,434.65244,554.37506,0.9359804
229,1,14,455.89218,555.017,0.80812943
229,1,15,439.8244,568.8739,0.83347785
229,1,16,477.85233,563.4503,0.6625091
229,2,0,577.1981,402.95514,0.14464092
229,2,1,578.2454,399.54752,0.17347114
229,2,2,579.3276,399.41406,0.035729863
229,2,3,582.1242,398.89163,0.8654359
229,2,4,597.492,397.6283,0.24730192
229,2,5,579.0105,415.53427,0.9811886
229,2,6,611.7053,412.72525,0.94635606
229,2,7,573.91254,439.41354,0.86139977
229,2,8,623.37317,430.59412,0.48985487
229,2,9,573.09534,443.9369,0.5402682
229,2,10,607.70776,427.11865,0.23309147
229,2,11,588.27814,468.08307,0.95084226
229,2,12,611.8165,466.6182,0.92367303
229,2,13,575.84894,503.41144,0.61015034
229,2,14,611.50226,503.1194,0.46622783
229,2,15,580.6372,535.7219,0.27357143
229,2,16,615.5671,535.03094,0.19549577
230,0,0,575.6417,401.1096,0.14157134
230,0,1,578.1974,397.91125,0.14881893
230,0,2,578.1583,397.8597,0.03731477
230,0,3,581.7728,399.28348,0.88296425
230,0,4,594.6066,397.69177,0.33335292
230,0,5,576.9772,417.46085,0.98662114
230,0,6,608.2896,414.71173,0.9733922
230,0,7,571.76874,442.32397,0.7896066
230,0,8,618.52783,432.84265,0.5499006
230,0,9,577.00824,437.57794,0.3190972
230,0,10,602.3962,424.72305,0.16487005
230,0,11,582.7284,469.00372,0.98875123
230,0,12,608.53687,468.1801,0.9847519
230,0,13,565.82513,500.1468,0.94353646
230,0,14,621.3722,503.71094,0.92000407
230,0,15,561.87836,541.74506,0.8411414
230,0,16,633.57117,537.23804,0.80086374
230,1,0,412.37683,495.8263,0.1988834
230,1,1,412.4416,491.70105,0.2808262
230,1,2,411.68265,492.40845,0.016549692
230,1,3,418.85443,488.5423,0.7993592
230,1,4,423.17142,489.6217,0.016769066
230,1,5,433.42923,497.93353,0.925678
230,1,6,440.4819,496.59503,0.7401353
230,1,7,435.18854,525.7958,0.8604165
230,1,8,439.04938,521.61914,0.23553357
230,1,9,422.93234,542.6763,0.73601234
230,1,10,423.1177,541.01733,0.2374856
230,1,11,467.86987,525.0761,0.9446046
230,1,12,474.13034,523.9811,0.8937934
230,1,13,434.14447,542.64514,0.9437063
230,1,14,457.8893,540.7396,0.85605454
230,1,15,439.5602,573.92456,0.9231397
230,1,16,473.6146,568.97,0.84661955
230,2,0,576.18677,401.1527,0.1335413
230,2,1,577.6954,397.52097,0.17223811
230,2,2,577.8138,397.5393,0.025585486
230,2,3,581.9212,398.62738,0.9190297
230,2,4,596.30963,397.75494,0.24602139
230,2,5,576.4069,417.2771,0.99092907
230,2,6,609.2009,415.0718,0.9705076
230,2,7,571.3897,442.03857,0.9131067
230,2,8,621.9844,433.69318,0.5448535
230,2,9,573.00323,443.43753,0.6018117
230,2,10,607.83624,427.5569,0.23224707
230,2,11,583.9295,471.2909,0.97414464
230,2,12,608.1143,470.46558,0.95642877
230,2,13,569.538,509.9226,0.7042386
230,2,14,612.0497,510.43616,0.54671437
230,2,15,571.35474,546.56116,0.3177712
230,2,16,617.69714,546.2587,0.21915491
231,0,0,575.2728,403.2238,0.045545775
231,0,1,576.5768,399.82233,0.05778795
231,0,2,576.7126,399.6454,0.011828433
231,0,3,577.9449,402.1709,0.8323376
231,0,4,596.192,400.61765,0.2790642
231,0,5,572.59595,421.84854,0.9742389
231,0,6,607.7022,417.7409,0.9342174
231,0,7,567.4674,447.00424,0.8307082
231,0,8,613.2803,436.2823,0.45123386
231,0,9,572.87024,443.34885,0.4183346
231,0,10,595.6363,428.4292,0.164888
231,0,11,579.06287,476.59268,0.93213105
231,0,12,607.14026,474.95853,0.89958686
231,0,13,564.9913,507.2658,0.48186812
231,0,14,616.5256,506.47693,0.353898
231,0,15,562.8868,540.8238,0.15997078
231,0,16,627.4003,538.8849,0.11401548
232,0,0,570.40985,406.0762,0.09239378
232,0,1,571.8311,402.49536,0.11959093
232,0,2,572.1373,402.47726,0.018854773
232,0,3,575.7951,404.79385,0.9142341
232,0,4,591.5362,403.6483,0.29270786
232,0,5,571.2102,425.67105,0.98682576
232,0,6,604.19073,422.35037,0.9590462
232,0,7,564.97375,455.82162,0.87323236
232,0,8,611.5158,445.35797,0.45414644
232,0,9,560.4185,465.54852,0.4672617
232,0,10,594.4805,447.86716,0.15760912
232,0,11,577.96326,476.78427,0.9352224
232,0,12,604.08923,475.32333,0.8961963
232,0,13,560.1767,509.0384,0.41944596
232,0,14,610.9535,508.7826,0.27267432
232,0,15,557.4268,540.5053,0.12131848
232,0,16,622.4178,539.2122,0.07796851
232,1,0,573.0626,405.46857,0.07610397
232,1,1,575.1235,402.30823,0.07464798
232,1,2,575.05475,402.6108,0.022696277
232,1,3,576.2149,403.22427,0.82663536
232,1,4,590.0609,402.74432,0.35887578
232,1,5,570.4948,421.27322,0.98645765
232,1,6,604.0556,419.1643,0.95751894
232,1,7,563.58307,453.42636,0.8103619
232,1,8,610.10205,445.3504,0.41360632
232,1,9,558.0895,468.4654,0.30064175
232,1,10,592.6618,446.50458,0.09609534
232,1,11,576.87274,478.33026,0.9843343
232,1,12,603.27795,476.75287,0.97244126
232,1,13,560.662,515.669,0.91241753
232,1,14,614.85095,512.5025,0.8392591
232,1,15,565.45276,570.84174,0.7498751
232,1,16,621.39813,555.26465,0.6406004
233,0,0,568.5654,408.70935,0.06981296
233,0,1,569.9097,405.01636,0.08506124
233,0,2,570.6277,404.89258,0.017523557
233,0,3,572.0736,406.87567,0.8487452
233,0,4,588.66504,405.88635,0.28824934
233,0,5,567.47156,427.6775,0.98360026
233,0,6,599.37335,426.7554,0.9604126
233,0,7,559.37604,458.12753,0.8710367
233,0,8,602.68445,458.3493,0.55704117
233,0,9,557.7006,463.89752,0.47213036
233,0,10,589.0423,467.86102,0.21130513
233,0,11,574.51385,484.7091,0.93547916
233,0,12,598.3318,484.07617,0.90492004
233,0,13,561.4872,518.01355,0.42683262
233,0,14,601.8801,517.9595,0.30243537
233,0,15,561.65,543.5451,0.12636374
233,0,16,606.8197,543.22565,0.08892356
233,1,0,568.9705,408.99014,0.075946175
233,1,1,570.70435,405.44867,0.07423461
233,1,2,571.75183,406.09192,0.02304384
233,1,3,572.1665,406.60706,0.7732509
233,1,4,588.015,406.4969,0.3271102
233,1,5,566.6784,425.10965,0.9809825
233,1,6,600.0204,424.372,0.9289541
233,1,7,558.8622,455.7206,0.781082
233,1,8,600.88055,453.13937,0.29111648
233,1,9,558.43146,466.1809,0.29010108
233,1,10,587.7693,458.1578,0.06656332
233,1,11,575.11053,483.24902,0.97832245
233,1,12,600.73755,482.68942,0.9553851
233,1,13,561.96387,519.3825,0.9086776
233,1,14,609.21814,516.6717,0.7980504
233,1,15,567.87823,573.75305,0.76777214
233,1,16,615.8519,560.4711,0.6226686
233,2,0,425.16522,463.05725,0.11014706
233,2,1,424.29187,459.69,0.073052995
233,2,2,426.13425,458.7767,0.040524688
233,2,3,427.2493,457.6255,0.33786
233,2,4,438.5224,454.02133,0.14023557
233,2,5,442.73288,468.83615,0.8877832
233,2,6,446.16376,465.24423,0.89035624
233,2,7,471.1419,487.6559,0.76372945
233,2,8,474.57578,486.77853,0.7820406
233,2,9,482.63284,504.71533,0.6474124
233,2,10,486.02936,503.305,0.67312104
233,2,11,459.305,503.29785,0.97424185
233,2,12,457.9158,501.32513,0.9762029
233,2,13,464.6899,541.226,0.9385661
233,2,14,446.976,539.4658,0.94548845
233,2,15,472.6868,568.2336,0.84917283
233,2,16,420.80124,569.79694,0.86499524
234,0,0,423.52017,452.49463,0.112020984
234,0,1,423.88098,449.10638,0.10290107
234,0,2,426.4098,447.39587,0.02571559
234,0,3,426.5643,450.92737,0.64928913
234,0,4,445.3664,444.61414,0.1781071
234,0,5,439.721,467.96918,0.9852616
234,0,6,459.64413,458.14362,0.89799476
234,0,7,458.22675,493.66388,0.95682573
234,0,8,478.71176,480.54697,0.5130198
234,0,9,468.51575,520.3419,0.8482319
234,0,10,485.599,513.7534,0.32342613
234,0,11,468.69962,508.85425,0.9924191
234,0,12,480.9691,503.8247,0.97784674
234,0,13,459.10825,550.8179,0.97900414
234,0,14,459.40518,538.97125,0.9265403
234,0,15,485.2549,579.6133,0.92443407
234,0,16,477.0887,572.10065,0.8213753
234,1,0,560.40857,409.18103,0.1785669
234,1,1,562.8941,405.09116,0.20231368
234,1,2,564.04126,405.62177,0.047763105
234,1,3,566.5122,407.80606,0.85043365
234,1,4,581.0548,407.00314,0.30620292
234,1,5,559.504,428.5496,0.9902981
234,1,6,592.18945,428.45602,0.916689
234,1,7,551.89905,460.76846,0.89798397
234,1,8,592.9557,455.71652,0.22612227
234,1,9,548.4215,483.85706,0.5454779
234,1,10,577.11255,468.67047,0.07316304
234,1,11,569.5138,486.48886,0.98757243
234,1,12,592.557,487.25717,0.9605237
234,1,13,564.12463,532.2081,0.96329045
234,1,14,594.62244,536.53925,0.8661371
234,1,15,570.52325,582.9952,0.89906055
234,1,16,594.5304,584.1426,0.7491602
235,0,0,432.36807,451.2307,0.105350494
235,0,1,433.7169,447.17993,0.08128751
235,0,2,434.6452,445.43176,0.024728576
235,0,3,437.65894,448.96133,0.63967586
235,0,4,451.9184,442.06894,0.21373437
235,0,5,446.73227,470.7084,0.99029714
235,0,6,466.72604,455.02344,0.95103985
235,0,7,458.19373,499.4378,0.9674713
235,0,8,489.71344,455.0306,0.7282558
235,0,9,462.45523,526.2906,0.86825305
235,0,10,496.38367,452.46716,0.5141503
235,0,11,476.97324,507.187,0.9959053
235,0,12,488.9489,500.95917,0.99057394
235,0,13,470.5049,548.05853,0.98622537
235,0,14,472.04532,539.56104,0.9635401
235,0,15,482.4464,586.5452,0.9360526
235,0,16,479.2215,581.78455,0.8713763
235,1,0,552.7927,410.9907,0.114178166
235,1,1,554.6166,407.5504,0.1547476
235,1,2,554.49286,407.24097,0.018100739
235,1,3,559.06335,409.51086,0.93557453
235,1,4,572.8651,408.1977,0.2414116
235,1,5,553.34406,429.08347,0.98763347
235,1,6,584.8542,427.97714,0.9641142
235,1,7,542.8208,455.46515,0.88757575
235,1,8,588.8091,456.9076,0.47571462
235,1,9,541.90625,458.23093,0.49587563
235,1,10,579.3101,465.3748,0.16758893
235,1,11,564.1312,481.65414,0.9222887
235,1,12,587.2625,481.33276,0.8758659
235,1,13,550.04016,512.5627,0.32936046
235,1,14,589.90295,512.9191,0.19476724
235,1,15,548.4866,545.3765,0.0746777
235,1,16,595.4123,544.2055,0.04584925
236,0,0,544.66095,410.75494,0.14057606
236,0,1,546.89996,407.51984,0.14607324
236,0,2,547.25085,407.4843,0.037275013
236,0,3,549.78296,409.07092,0.8454002
236,0,4,562.90857,407.5672,0.31072664
236,0,5,546.4446,426.96158,0.987079
236,0,6,573.5116,425.9087,0.95148075
236,0,7,538.43134,451.71445,0.8458682
236,0,8,571.6533,449.66324,0.40618014
236,0,9,532.8652,454.56064,0.43986014
236,0,10,555.29584,457.19742,0.13628441
236,0,11,555.1315,476.70612,0.98864377
236,0,12,579.73035,476.2545,0.97818327
236,0,13,534.0101,497.69598,0.950129
236,0,14,595.33826,500.6319,0.8983325
236,0,15,524.7539,530.13477,0.86916536
236,0,16,608.9265,524.8176,0.7888282
236,1,0,443.28128,444.30035,0.023212202
236,1,1,444.04498,440.51895,0.014655314
236,1,2,445.03186,439.5978,0.011303315
236,1,3,446.7096,443.33423,0.2743207
236,1,4,461.80707,438.64618,0.2015212
236,1,5,452.39862,464.33585,0.83300835
236,1,6,476.35925,453.35095,0.8741321
236,1,7,463.3989,474.3151,0.47463435
236,1,8,507.5787,456.63248,0.59525174
236,1,9,474.35394,454.80273,0.24028993
236,1,10,508.824,451.4315,0.31357464
236,1,11,475.06348,512.5012,0.9722878
236,1,12,488.03525,506.2613,0.9774405
236,1,13,465.86914,549.9921,0.95756614
236,1,14,467.98547,535.0514,0.9629899
236,1,15,473.9975,588.20483,0.92841077
236,1,16,459.45853,566.8532,0.93834496
237,0,0,448.16232,439.81326,0.053480614
237,0,1,449.55035,435.81714,0.037806183
237,0,2,450.9005,434.94354,0.017280446
237,0,3,450.96268,439.70554,0.64810157
237,0,4,469.18814,434.42368,0.3863684
237,0,5,454.05115,467.16562,0.99026626
237,0,6,487.3421,450.4546,0.97381175
237,0,7,457.93216,499.56934,0.9367125
237,0,8,511.5778,448.5892,0.7594527
237,0,9,456.64017,523.88025,0.716684
237,0,10,495.3757,437.72006,0.4368215
237,0,11,482.42532,512.6591,0.9969758
237,0,12,501.5465,504.69885,0.99494076
237,0,13,469.9904,554.3277,0.9905877
237,0,14,472.3725,537.484,0.9807328
237,0,15,484.79767,591.8406,0.9640306
237,0,16,464.95337,571.3052,0.94013304
237,1,0,538.02844,411.6504,0.20666817
237,1,1,539.81476,408.91367,0.21417826
237,1,2,540.1591,408.31754,0.046290945
237,1,3,542.36005,409.29865,0.857933
237,1,4,554.7917,406.771,0.2460125
237,1,5,541.4369,426.26685,0.9922273
237,1,6,562.3263,422.21094,0.96531314
237,1,7,529.7913,448.5701,0.93623286
237,1,8,550.1645,443.40735,0.56280357
237,1,9,510.61917,442.52863,0.7198583
237,1,10,524.3605,445.71002,0.28368223
237,1,11,552.7735,473.73,0.9957545
237,1,12,572.7652,471.88263,0.99103457
237,1,13,540.69586,502.2597,0.98811674
237,1,14,591.60046,500.8355,0.9720104
237,1,15,538.4487,533.488,0.97156817
237,1,16,613.1216,523.1024,0.9475544
238,0,0,454.40778,439.17947,0.045898777
238,0,1,454.97388,434.93884,0.03612841
238,0,2,457.0094,434.123,0.016093396
238,0,3,456.81555,436.92902,0.55441386
238,0,4,476.4975,431.8859,0.29357672
238,0,5,462.89392,460.9342,0.9699146
238,0,6,492.53644,445.92242,0.9319395
238,0,7,456.164,487.79126,0.82913417
238,0,8,510.81714,445.02844,0.55673575
238,0,9,456.08823,494.77325,0.48928925
238,0,10,499.2152,440.86212,0.24706337
238,0,11,489.67136,511.3427,0.9900591
238,0,12,506.51498,504.4615,0.98454916
238,0,13,475.07986,552.7791,0.97560376
238,0,14,477.74316,541.2183,0.9543436
238,0,15,486.4375,594.14636,0.93310225
238,0,16,480.54495,582.5011,0.8957891
238,1,0,531.1543,404.4483,0.06698242
238,1,1,532.6431,401.47293,0.05374876
238,1,2,532.63477,400.84653,0.026273947
238,1,3,530.9517,403.56387,0.6798955
238,1,4,543.84033,401.14545,0.4037143
238,1,5,528.8661,423.48575,0.9806887
238,1,6,552.5866,418.4295,0.9590564
238,1,7,525.9452,448.98495,0.7755257
238,1,8,556.00854,440.22083,0.49264532
238,1,9,518.9921,453.19495,0.35867736
238,1,10,548.19543,454.77612,0.17217506
238,1,11,540.23206,468.21548,0.9946937
238,1,12,560.7971,466.4563,0.9921068
238,1,13,527.20966,497.20453,0.99003893
238,1,14,573.07434,495.0843,0.983444
238,1,15,530.59265,532.1218,0.9823171
238,1,16,594.40674,524.16675,0.9744976
239,0,0,465.08676,435.92188,0.042351205
239,0,1,465.40027,433.01532,0.027863765
239,0,2,466.93884,432.09335,0.01706088
239,0,3,462.91302,436.17072,0.6368847
239,0,4,480.72342,431.79916,0.4965083
239,0,5,463.12375,456.26782,0.9935627
239,0,6,495.39752,444.6499,0.978696
239,0,7,460.7454,481.2581,0.94922286
239,0,8,515.1507,446.33353,0.75793016
239,0,9,453.81296,494.37488,0.70256835
239,0,10,502.2975,439.7831,0.38335556
239,0,11,491.71548,503.67126,0.99777406
239,0,12,510.61295,498.893,0.9959596
239,0,13,483.7895,546.55426,0.99099636
239,0,14,491.03763,539.50684,0.9811095
239,0,15,493.19348,591.0909,0.96044695
239,0,16,485.47305,582.3668,0.93108875
239,1,0,517.32916,406.50168,0.10041206
239,1,1,518.79407,403.72064,0.13319081
239,1,2,518.5304,402.98145,0.022942267
239,1,3,522.3145,404.94708,0.7599472
239,1,4,533.0369,402.67566,0.1387044
239,1,5,525.4791,420.99207,0.9532706
239,1,6,540.80054,416.88553,0.87878525
239,1,7,518.3775,440.40796,0.817783
239,1,8,537.2669,435.20227,0.35870877
239,1,9,512.2244,440.6964,0.53678775
239,1,10,522.6581,441.7485,0.20415536
239,1,11,534.2905,464.84424,0.96271044
239,1,12,547.00916,463.12704,0.94057083
239,1,13,533.8832,499.7157,0.9205064
239,1,14,555.96094,497.37372,0.86446506
239,1,15,535.0941,531.07245,0.8239599
239,1,16,568.03674,527.2234,0.74952525
240,0,0,468.61026,432.70587,0.039594244
240,0,1,468.91333,428.8151,0.033125907
240,0,2,470.1534,427.96777,0.013356436
240,0,3,467.30682,430.57364,0.673135
240,0,4,485.38095,426.31726,0.40992108
240,0,5,470.1059,450.2271,0.99543625
240,0,6,498.85504,441.8377,0.93653286
240,0,7,463.86655,478.30493,0.9686234
240,0,8,514.0158,458.8897,0.3704979
240,0,9,454.43213,493.2611,0.75670886
240,0,10,501.0527,466.4725,0.12611085
240,0,11,498.06125,498.13446,0.9977315
240,0,12,514.99615,494.33093,0.99087614
240,0,13,491.63016,545.7181,0.99233854
240,0,14,497.79364,539.76654,0.9614013
240,0,15,500.5521,592.4283,0.96798855
240,0,16,491.62057,585.0968,0.89261013
241,0,0,473.09247,433.66663,0.03887427
241,0,1,473.4575,430.1604,0.028298454
241,0,2,474.78336,429.19193,0.0112740975
241,0,3,473.265,431.35294,0.7089822
241,0,4,491.8444,426.49017,0.41810727
241,0,5,477.11533,450.31906,0.9964318
241,0,6,505.61615,438.1627,0.9694421
241,0,7,468.97028,477.20978,0.9772964
241,0,8,527.27527,455.86865,0.6285817
241,0,9,458.94876,488.16968,0.82934934
241,0,10,525.44434,474.71198,0.27670008
241,0,11,506.1002,498.5656,0.9983183
241,0,12,522.3698,492.10193,0.9947758
241,0,13,492.70874,545.51404,0.99232084
241,0,14,500.99396,531.24286,0.9693783
241,0,15,503.23138,595.1067,0.95702386
241,0,16,500.5166,570.61176,0.88416225
242,0,0,483.46393,431.93094,0.03212287
242,0,1,484.30127,427.7871,0.023461552
242,0,2,485.14688,427.23026,0.010162082
242,0,3,483.47302,429.33957,0.6291271
242,0,4,501.0473,425.59442,0.4173017
242,0,5,482.8392,451.89127,0.9957308
242,0,6,516.80963,441.2989,0.95109713
242,0,7,474.59106,478.99173,0.9729918
242,0,8,530.50714,439.12134,0.47339228
242,0,9,456.98315,493.45032,0.78098273
242,0,10,517.9859,412.44083,0.16833548
242,0,11,504.88513,505.06757,0.9983051
242,0,12,527.44135,501.62213,0.9935586
242,0,13,507.8587,546.7883,0.9932509
242,0,14,534.0505,539.8522,0.9690099
242,0,15,520.097,591.44617,0.9691998
242,0,16,541.27686,579.8483,0.9035172
243,0,0,487.28253,432.03555,0.088327296
243,0,1,487.96918,428.2802,0.07920709
243,0,2,489.7693,427.24875,0.02774994
243,0,3,488.61423,429.98056,0.6852271
243,0,4,506.5319,425.58514,0.31449416
243,0,5,489.164,450.2058,0.9884865
243,0,6,523.2063,442.3452,0.93444705
243,0,7,478.0769,477.4131,0.94754654
243,0,8,538.8512,464.58514,0.534432
243,0,9,468.0944,489.67883,0.77081776
243,0,10,530.2068,485.00452,0.27267653
243,0,11,512.1992,504.7563,0.993638
243,0,12,532.17126,500.61774,0.9837435
243,0,13,510.11362,552.62823,0.97933424
243,0,14,515.28723,544.3861,0.93655586
243,0,15,527.64966,600.20526,0.92807776
243,0,16,522.89655,592.33276,0.8419583
243,1,0,485.2717,432.80902,0.042005267
243,1,1,485.73477,429.7137,0.05767031
243,1,2,487.59094,428.80438,0.015487738
243,1,3,488.48373,430.6635,0.8131439
243,1,4,506.67764,426.62003,0.42354152
243,1,5,490.28934,449.81152,0.98718494
243,1,6,523.15955,442.38416,0.9768709
243,1,7,481.46155,477.40448,0.91009253
243,1,8,537.1609,463.7527,0.7628073
243,1,9,470.07138,490.50024,0.58124876
243,1,10,527.8418,477.75223,0.39782628
243,1,11,512.50745,503.12512,0.9817793
243,1,12,532.30774,499.7155,0.9759578
243,1,13,506.98825,547.9949,0.824542
243,1,14,524.2503,544.0582,0.7688601
243,1,15,513.6857,588.3651,0.4708213
243,1,16,522.97266,583.1248,0.410438
244,0,0,495.3504,433.83398,0.032088213
244,0,1,495.51767,430.70865,0.042843472
244,0,2,498.6317,430.0965,0.0105583165
244,0,3,498.1154,432.9565,0.82712686
244,0,4,516.79456,429.82663,0.37289473
244,0,5,497.94354,454.44385,0.98783267
244,0,6,531.9749,449.59335,0.9770364
244,0,7,486.3773,482.5305,0.9164334
244,0,8,546.67523,474.49634,0.76451635
244,0,9,473.17325,497.7834,0.5754505
244,0,10,542.1004,490.80817,0.37457046
244,0,11,517.3368,509.67633,0.97482365
244,0,12,537.7381,507.30432,0.96554416
244,0,13,511.42517,549.8756,0.6913824
244,0,14,532.63715,547.32184,0.6038899
244,0,15,517.12274,579.4837,0.28385907
244,0,16,531.3782,575.92914,0.23173964
244,1,0,497.20645,433.9813,0.09374553
244,1,1,497.99796,430.1859,0.07255911
244,1,2,499.4707,429.66287,0.025885833
244,1,3,498.6745,432.3613,0.7437879
244,1,4,516.5253,429.07446,0.38291755
244,1,5,498.03586,453.38315,0.99413645
244,1,6,532.37006,446.9876,0.9691029
244,1,7,484.78006,481.69342,0.96748513
244,1,8,549.2135,474.02225,0.6829699
244,1,9,470.15997,496.02173,0.8176087
244,1,10,546.88135,501.82812,0.34516755
244,1,11,518.5856,507.77997,0.9950093
244,1,12,539.3689,504.1507,0.9875365
244,1,13,514.579,552.98627,0.97070616
244,1,14,528.70056,542.82574,0.91185486
244,1,15,525.5333,602.65515,0.84922945
244,1,16,531.73926,589.3834,0.7005643
245,0,0,500.93442,435.62878,0.02582775
245,0,1,502.09186,432.5405,0.034153588
245,0,2,504.32224,431.8459,0.011020736
245,0,3,504.31305,435.22348,0.8221227
245,0,4,523.883,432.24158,0.504251
245,0,5,502.00244,455.99384,0.9871789
245,0,6,538.04456,452.4791,0.9791824
245,0,7,490.15274,481.76263,0.88871676
245,0,8,551.57776,479.80127,0.77108693
245,0,9,484.4223,492.2619,0.4654938
245,0,10,552.3709,498.31488,0.34075376
245,0,11,522.51306,512.0337,0.95801246
245,0,12,544.15656,510.15173,0.9480971
245,0,13,511.64087,543.8468,0.51830786
245,0,14,534.45776,541.33606,0.44323027
245,0,15,521.0726,566.6791,0.16411617
245,0,16,535.4368,563.5379,0.1371753
246,0,0,512.9233,435.61322,0.05706079
246,0,1,513.7003,431.445,0.04484772
246,0,2,514.37286,431.20404,0.02047381
246,0,3,512.3332,433.99927,0.7186219
246,0,4,530.7726,431.4023,0.46950334
246,0,5,511.65283,459.64706,0.9893495
246,0,6,543.39667,451.56735,0.9483086
246,0,7,504.22366,488.37946,0.8834316
246,0,8,562.09625,479.036,0.3974593
246,0,9,481.03326,502.31067,0.5052008
246,0,10,561.3177,498.69354,0.1337346
246,0,11,526.9134,510.29205,0.9923936
246,0,12,550.27264,505.3053,0.9823711
246,0,13,525.71045,548.6052,0.9761845
246,0,14,566.4173,531.28845,0.9392815
246,0,15,530.2991,597.43475,0.9373792
246,0,16,583.17773,569.3638,0.88133764
247,0,0,518.2226,431.97522,0.04432847
247,0,1,518.86487,428.22675,0.026730012
247,0,2,518.8605,427.63388,0.018759284
247,0,3,518.8162,430.3318,0.6617989
247,0,4,535.61615,427.529,0.46531844
247,0,5,518.9208,453.52847,0.96775156
247,0,6,550.3537,445.82925,0.9888032
247,0,7,514.24023,481.05948,0.5753608
247,0,8,569.95667,469.60028,0.8661086
247,0,9,514.30914,492.88666,0.19825266
247,0,10,570.6879,493.33606,0.49472764
247,0,11,536.34564,502.28174,0.99456376
247,0,12,560.16016,498.8092,0.99724114
247,0,13,537.2584,541.7404,0.98555064
247,0,14,579.19147,535.3933,0.99355125
247,0,15,538.72766,587.51874,0.9689407
247,0,16,598.49286,574.7396,0.9842008
248,0,0,518.82654,430.31448,0.05627027
248,0,1,520.65594,426.99695,0.041831944
248,0,2,520.77515,426.0291,0.0140485605
248,0,3,524.5213,428.97845,0.7496959
248,0,4,539.8624,424.752,0.30314896
248,0,5,524.56433,448.69586,0.9883475
248,0,6,555.424,440.26804,0.97987396
248,0,7,519.512,473.79724,0.86924744
248,0,8,575.9484,462.56345,0.73812896
248,0,9,512.7892,477.99405,0.5174752
248,0,10,576.8178,485.36844,0.37398073
248,0,11,544.7201,498.51843,0.99821967
248,0,12,568.40314,494.86713,0.9978288
248,0,13,537.2513,539.66956,0.9959545
248,0,14,583.5698,534.87994,0.9950328
248,0,15,539.0812,587.6793,0.9889442
248,0,16,600.66595,574.3413,0.9876724
248,1,0,441.12567,430.75418,0.25111386
248,1,1,440.62332,427.72324,0.3185323
248,1,2,442.36877,427.71216,0.042670015
248,1,3,445.08896,425.50714,0.75029016
248,1,4,454.01736,424.4837,0.0491929
248,1,5,457.24945,437.8508,0.9568935
248,1,6,467.89438,433.64334,0.852608
248,1,7,460.42984,464.12668,0.9010271
248,1,8,472.00116,455.65292,0.425593
248,1,9,447.15268,475.68015,0.7869634
248,1,10,458.46704,469.8789,0.37902045
248,1,11,482.41806,472.7551,0.96910214
248,1,12,487.7797,470.0424,0.94380325
248,1,13,469.7356,504.4167,0.9546942
248,1,14,467.57144,500.86377,0.90110904
248,1,15,483.41254,533.91675,0.9124745
248,1,16,471.56552,528.42194,0.8464385
249,0,0,526.8379,426.53134,0.050444793
249,0,1,527.88086,423.05072,0.044427402
249,0,2,528.1646,421.81787,0.016166609
249,0,3,528.1989,424.11966,0.7235889
249,0,4,544.7228,419.3013,0.36372975
249,0,5,529.2815,444.73975,0.99034506
249,0,6,561.6375,433.30762,0.9523857
249,0,7,525.33234,474.59714,0.90080917
249,0,8,574.6592,450.42883,0.44511372
249,0,9,513.09406,487.62717,0.5417416
249,0,10,559.95996,454.43958,0.16920914
249,0,11,549.0447,493.37183,0.99753904
249,0,12,573.993,487.61142,0.99462837
249,0,13,539.90204,536.3639,0.99473214
249,0,14,584.2121,527.30646,0.98729694
249,0,15,545.6655,582.75195,0.9869305
249,0,16,598.1934,568.453,0.9750641
250,0,0,523.15247,418.4013,0.3105585
250,0,1,525.16705,414.82,0.26141176
250,0,2,525.30023,414.01416,0.04666106
250,0,3,531.9956,416.26526,0.9063219
250,0,4,544.21436,412.5437,0.2309617
250,0,5,532.79095,435.34784,0.9981078
250,0,6,562.41284,427.44293,0.9937402
250,0,7,530.9944,466.12628,0.98844904
250,0,8,581.9671,452.03198,0.92802024
250,0,9,521.0313,486.98914,0.953324
250,0,10,585.0554,478.5007,0.82862955
250,0,11,551.7903,479.89157,0.999663
250,0,12,573.7641,476.50165,0.99941075
250,0,13,547.51984,526.4028,0.9991937
250,0,14,583.3422,521.6959,0.9984831
250,0,15,557.5348,574.59045,0.99583626
250,0,16,602.5212,564.13495,0.9936079
250,1,0,427.1005,444.52606,0.647491
250,1,1,427.05823,440.46136,0.7116595
250,1,2,426.16516,441.92374,0.1621397
250,1,3,433.56354,436.27774,0.80921537
250,1,4,432.39325,440.08728,0.03739199
250,1,5,456.09357,443.71613,0.9856732
250,1,6,445.49478,450.37878,0.9359551
250,1,7,481.2787,456.41324,0.9804849
250,1,8,450.3946,472.55008,0.74824905
250,1,9,483.87924,468.99646,0.96840626
250,1,10,438.81064,490.48248,0.7831272
250,1,11,480.70148,479.6598,0.99373746
250,1,12,474.05643,481.1618,0.98719573
250,1,13,457.83405,503.9167,0.99375844
250,1,14,452.57495,504.58716,0.98371774
250,1,15,465.43854,536.0599,0.98334736
250,1,16,462.81,535.4822,0.9658098
251,0,0,527.0618,419.31024,0.1791765
251,0,1,527.1448,414.7325,0.1575582
251,0,2,527.5355,414.02045,0.040627632
251,0,3,532.1166,412.65765,0.7794946
251,0,4,547.3961,408.96317,0.21832648
251,0,5,538.61633,431.81616,0.9876416
251,0,6,566.2703,423.64377,0.966569
251,0,7,538.38904,459.23526,0.9262137
251,0,8,584.9559,451.5841,0.73233825
251,0,9,532.76355,480.74274,0.7616834
251,0,10,585.39,477.8573,0.52218276
251,0,11,558.4695,483.0477,0.9963658
251,0,12,578.378,478.20804,0.9944259
251,0,13,559.35614,533.3406,0.99260837
251,0,14,587.6586,522.8749,0.9886929
251,0,15,564.0685,578.85486,0.9791044
251,0,16,604.2763,563.5427,0.9730013
251,1,0,424.44757,446.98785,0.4298923
251,1,1,424.39725,443.3247,0.49388912
251,1,2,424.0099,444.31943,0.0734155
251,1,3,429.66953,438.83383,0.70674855
251,1,4,431.25952,441.39212,0.027019948
251,1,5,447.3704,443.607,0.97331494
251,1,6,440.75897,451.07092,0.90302896
251,1,7,473.33298,454.49252,0.971067
251,1,8,439.007,476.4451,0.70566756
251,1,9,479.62173,461.75436,0.9514599
251,1,10,429.95764,493.63257,0.7198083
251,1,11,470.37015,476.79297,0.9878158
251,1,12,466.8302,479.6181,0.9761406
251,1,13,458.4338,507.25684,0.9751731
251,1,14,456.28845,509.46295,0.94405687
251,1,15,461.024,540.83,0.9227661
251,1,16,458.4569,541.572,0.8657813
252,0,0,529.1811,413.8024,0.11524355
252,0,1,530.44727,409.5816,0.08656331
252,0,2,530.7447,408.81552,0.023940314
252,0,3,535.2594,409.44748,0.7344064
252,0,4,549.4679,405.6864,0.25079042
252,0,5,540.20337,425.73975,0.99389124
252,0,6,564.4296,420.29395,0.97279173
252,0,7,543.32733,452.59152,0.9679952
252,0,8,582.87665,446.97302,0.7529994
252,0,9,538.09314,470.78384,0.8668153
252,0,10,582.8118,473.4253,0.52585745
252,0,11,557.88947,468.11588,0.99882096
252,0,12,576.9729,465.81104,0.99749434
252,0,13,556.0848,516.8575,0.99728775
252,0,14,586.99713,513.01324,0.9937118
252,0,15,563.3488,563.8529,0.9888924
252,0,16,608.3363,557.2854,0.97955877
252,1,0,422.47662,449.5382,0.6165847
252,1,1,422.23807,444.76953,0.67034006
252,1,2,420.80334,446.5592,0.09972757
252,1,3,428.04532,439.72934,0.80823755
252,1,4,426.3286,444.50644,0.021689445
252,1,5,446.07324,444.46912,0.982874
252,1,6,440.61826,456.3708,0.9174335
252,1,7,471.7928,449.0305,0.9814354
252,1,8,441.70657,480.0732,0.6871698
252,1,9,479.58826,457.55896,0.9708628
252,1,10,432.1081,494.71576,0.7412555
252,1,11,474.36313,481.9957,0.9900935
252,1,12,470.86267,486.5677,0.9776588
252,1,13,453.10675,514.393,0.98005074
252,1,14,454.634,518.8647,0.9449739
252,1,15,456.21774,545.81885,0.92592335
252,1,16,458.11917,549.125,0.85280937
253,0,0,531.7041,417.09793,0.24564172
253,0,1,533.46747,412.85144,0.25648922
253,0,2,533.2642,411.5225,0.04002488
253,0,3,539.9855,411.86212,0.7920025
253,0,4,551.2811,406.87854,0.11066959
253,0,5,546.6004,426.75323,0.9896808
253,0,6,565.95575,420.42194,0.93032587
253,0,7,553.6629,450.97903,0.9637551
253,0,8,569.364,441.77637,0.54882115
253,0,9,544.7035,462.9408,0.8926151
253,0,10,547.48376,456.12045,0.43080273
253,0,11,566.4501,467.94296,0.9978853
253,0,12,583.8616,465.55002,0.9942977
253,0,13,557.52045,512.9679,0.9973596
253,0,14,586.97363,512.4414,0.9916962
253,0,15,563.0396,556.6627,0.9922693
253,0,16,609.2101,555.08954,0.9819666
253,1,0,418.26346,448.25473,0.6035441
253,1,1,417.59982,443.88052,0.66065043
253,1,2,416.29776,445.43994,0.14514962
253,1,3,423.5339,440.03934,0.7500687
253,1,4,421.4281,443.96368,0.034385968
253,1,5,446.3183,450.75565,0.9832454
253,1,6,437.3234,454.60794,0.93255395
253,1,7,470.47864,473.04404,0.973152
253,1,8,444.06152,477.43222,0.71556336
253,1,9,459.82986,497.9665,0.94950104
253,1,10,430.77054,497.67133,0.7241587
253,1,11,471.1363,489.2793,0.9929349
253,1,12,463.39868,489.78357,0.98620933
253,1,13,460.48438,523.0044,0.9913907
253,1,14,441.91763,522.6953,0.9797151
253,1,15,472.129,562.24567,0.9792738
253,1,16,439.80048,559.23254,0.96047497
254,0,0,532.34607,408.38345,0.22204764
254,0,1,533.91254,405.12283,0.25213274
254,0,2,534.57227,404.00128,0.04342145
254,0,3,538.71405,407.35678,0.8080689
254,0,4,552.21484,403.05133,0.14731544
254,0,5,546.1187,422.93875,0.9898755
254,0,6,566.65686,420.12296,0.90722275
254,0,7,555.1661,449.82266,0.96371657
254,0,8,573.75555,445.19882,0.43898058
254,0,9,548.94244,472.22794,0.8738945
254,0,10,556.3133,464.63956,0.30804437
254,0,11,568.5216,465.5791,0.9957289
254,0,12,586.5081,464.84494,0.9863768
254,0,13,555.65985,507.57147,0.99313253
254,0,14,590.5083,510.35858,0.97430557
254,0,15,561.47534,548.4417,0.98126936
254,0,16,607.7254,552.74536,0.95007956
254,1,0,413.80814,453.513,0.5912499
254,1,1,413.61038,449.16516,0.57562196
254,1,2,411.75403,451.12766,0.21117038
254,1,3,419.6786,444.84637,0.5798348
254,1,4,414.26825,450.1629,0.061161757
254,1,5,440.28238,450.32138,0.97105265
254,1,6,426.013,460.78757,0.9218233
254,1,7,466.6574,459.41385,0.95844764
254,1,8,432.1589,481.542,0.7835787
254,1,9,465.31805,477.67618,0.9386557
254,1,10,423.59366,500.53357,0.78697
254,1,11,464.94034,487.1557,0.9864537
254,1,12,454.23633,490.91455,0.97834754
254,1,13,455.98053,513.7129,0.97640514
254,1,14,435.60608,517.3271,0.95762867
254,1,15,465.51514,547.4006,0.9369113
254,1,16,436.01755,549.5958,0.9034544
255,0,0,534.5085,411.0604,0.23624265
255,0,1,536.77277,407.2718,0.25910553
255,0,2,536.508,406.01462,0.03735365
255,0,3,542.60803,409.2083,0.87606555
255,0,4,554.7099,404.47974,0.16612515
255,0,5,548.2317,426.8464,0.9955049
255,0,6,570.7848,421.73737,0.9556287
255,0,7,554.96313,453.54276,0.97416186
255,0,8,582.1946,445.29385,0.5130928
255,0,9,547.3756,472.21872,0.88031346
255,0,10,563.32117,462.26227,0.3102723
255,0,11,568.1262,469.54492,0.9984022
255,0,12,587.45966,467.81586,0.99478614
255,0,13,559.3061,509.66406,0.9967794
255,0,14,594.753,510.0517,0.987536
255,0,15,558.9455,549.8786,0.9886541
255,0,16,610.46985,550.58356,0.96885204
255,1,0,407.38315,455.83597,0.712234
255,1,1,408.05472,450.76608,0.7229837
255,1,2,405.34225,452.77734,0.25110158
255,1,3,414.975,445.92264,0.73262346
255,1,4,408.32416,451.6518,0.057671268
255,1,5,433.51544,450.48468,0.9846355
255,1,6,418.8644,464.6977,0.94553024
255,1,7,459.9025,456.45804,0.97817504
255,1,8,422.3018,489.05975,0.8033917
255,1,9,465.94998,468.01825,0.96712375
255,1,10,419.16138,501.05176,0.8198058
255,1,11,459.3623,482.7852,0.9914785
255,1,12,449.3754,488.71252,0.98415434
255,1,13,448.56107,512.28046,0.98446816
255,1,14,436.02936,518.57404,0.9671319
255,1,15,456.41876,541.14496,0.9476416
255,1,16,441.2235,546.972,0.9106922
256,0,0,535.71954,411.5758,0.16308892
256,0,1,538.16675,407.7212,0.18122984
256,0,2,538.083,406.60934,0.025777264
256,0,3,544.63007,409.9861,0.8087345
256,0,4,556.88983,405.3437,0.12781867
256,0,5,549.00934,427.97037,0.99195486
256,0,6,572.18195,421.79398,0.9090088
256,0,7,555.17914,456.3658,0.96195894
256,0,8,579.437,444.79852,0.35298383
256,0,9,548.3058,470.83066,0.84059596
256,0,10,558.234,457.95877,0.20829973
256,0,11,569.2073,468.69147,0.99784267
256,0,12,589.4818,466.3547,0.992167
256,0,13,559.3492,509.1626,0.99681747
256,0,14,597.0749,507.71155,0.98603153
256,0,15,560.22754,551.68884,0.9909027
256,0,16,613.28656,546.6426,0.9724966
256,1,0,400.63214,458.10696,0.6220291
256,1,1,402.04642,453.8517,0.68122876
256,1,2,399.83295,454.66385,0.15797442
256,1,3,410.2637,450.95,0.72634524
256,1,4,404.79965,452.99445,0.030973727
256,1,5,428.8204,458.1633,0.9691432
256,1,6,412.52432,463.98947,0.8925423
256,1,7,451.07153,468.27716,0.95272183
256,1,8,413.63602,486.37854,0.6254023
256,1,9,460.7002,477.87247,0.92904454
256,1,10,414.1249,506.10242,0.6596533
256,1,11,452.06226,481.35126,0.9810176
256,1,12,441.20956,483.4739,0.9644917
256,1,13,440.6819,512.8553,0.9720563
256,1,14,429.97903,513.7892,0.9399087
256,1,15,447.84592,545.17303,0.9394278
256,1,16,439.88126,544.91565,0.8956011
257,0,0,400.85263,458.3291,0.7467215
257,0,1,402.8231,454.1109,0.7787703
257,0,2,398.92245,454.92694,0.32949778
257,0,3,410.6731,450.35278,0.7632891
257,0,4,400.66428,452.67645,0.072248004
257,0,5,429.2638,458.24933,0.98517925
257,0,6,407.02954,462.71967,0.9499708
257,0,7,453.94302,473.22513,0.97067183
257,0,8,411.8697,483.15527,0.78532106
257,0,9,458.52362,493.17456,0.9519395
257,0,10,411.63364,502.67706,0.79056907
257,0,11,445.14645,485.656,0.99154764
257,0,12,430.9727,486.86624,0.98520064
257,0,13,431.1226,515.92236,0.98763543
257,0,14,418.65363,516.38916,0.9746528
257,0,15,435.4982,547.9171,0.9682413
257,0,16,429.33548,547.2393,0.9455934
257,1,0,537.78394,411.0509,0.088531636
257,1,1,539.79205,406.8079,0.09350607
257,1,2,539.6725,405.97876,0.018686693
257,1,3,545.5179,408.42215,0.7029541
257,1,4,559.07965,404.3011,0.1536365
257,1,5,549.46954,426.30765,0.98071104
257,1,6,577.0197,420.88785,0.8583108
257,1,7,554.8371,454.6117,0.884053
257,1,8,589.5044,444.37253,0.23167285
257,1,9,551.88776,473.53812,0.60068977
257,1,10,572.02527,461.0764,0.10861101
257,1,11,568.37756,467.24686,0.9958252
257,1,12,591.34863,465.05792,0.9876864
257,1,13,559.19366,509.18726,0.99526167
257,1,14,597.8265,507.45294,0.9835697
257,1,15,560.484,553.55194,0.9907155
257,1,16,614.3615,549.68,0.97642887
258,0,0,395.9626,460.81903,0.67800385
258,0,1,397.8297,456.6919,0.70107436
258,0,2,393.72827,457.7831,0.21301997
258,0,3,406.56018,453.8933,0.7050888
258,0,4,395.7878,457.1771,0.036176126
258,0,5,425.7757,463.18796,0.96654284
258,0,6,402.87195,465.45657,0.9065482
258,0,7,436.40204,487.9904,0.9356731
258,0,8,406.5454,488.16382,0.6667131
258,0,9,428.55994,506.43475,0.90881383
258,0,10,409.9948,504.0962,0.69574815
258,0,11,440.23416,488.92047,0.98273104
258,0,12,423.80426,489.07404,0.97235096
258,0,13,432.44437,516.1378,0.982094
258,0,14,411.8174,515.0046,0.96641815
258,0,15,436.2026,553.2702,0.96248883
258,0,16,416.22812,550.83527,0.93968856
258,1,0,540.7577,412.59235,0.10498645
258,1,1,542.2443,408.5695,0.1124171
258,1,2,542.36115,407.49597,0.020808896
258,1,3,547.8375,409.39435,0.6756951
258,1,4,561.05286,404.79514,0.11675823
258,1,5,552.36255,429.1118,0.9755535
258,1,6,578.8406,421.57297,0.7877553
258,1,7,554.8049,462.61053,0.9072185
258,1,8,592.82404,450.0073,0.22121488
258,1,9,553.50195,494.35474,0.6580137
258,1,10,586.7922,476.38486,0.10980205
258,1,11,569.1408,472.8663,0.98630166
258,1,12,590.8014,469.2685,0.95450217
258,1,13,564.0657,509.80658,0.9688186
258,1,14,600.6526,504.74286,0.8854068
258,1,15,567.89087,550.8856,0.92206085
258,1,16,616.44934,542.2399,0.8050253
259,0,0,541.4448,411.13293,0.19617108
259,0,1,543.7937,407.23825,0.22705142
259,0,2,543.3361,406.18442,0.031645205
259,0,3,550.6701,407.6076,0.82848614
259,0,4,561.38306,403.28177,0.1235873
259,0,5,552.92645,425.52292,0.99036574
259,0,6,583.83044,418.39096,0.8839589
259,0,7,553.4346,460.83777,0.953459
259,0,8,596.7943,443.13663,0.28875273
259,0,9,548.06635,492.35345,0.79626584
259,0,10,589.04346,466.24704,0.1577295
259,0,11,571.73706,467.69788,0.995427
259,0,12,596.31665,465.0033,0.98284644
259,0,13,564.34814,504.50415,0.99163145
259,0,14,606.64734,503.8333,0.9629972
259,0,15,570.21497,542.4214,0.9777764
259,0,16,619.6784,544.4957,0.9324681
259,1,0,397.25967,464.1784,0.8221406
259,1,1,400.02765,460.1508,0.84651583
259,1,2,393.89923,461.2415,0.5323965
259,1,3,407.76218,457.06317,0.760451
259,1,4,391.6012,460.38715,0.13302708
259,1,5,425.0141,464.5021,0.9766867
259,1,6,393.55466,470.01062,0.9292733
259,1,7,441.55798,480.4439,0.9453302
259,1,8,397.08264,489.44666,0.70267874
259,1,9,431.05197,497.40228,0.9157751
259,1,10,402.50458,502.24286,0.7100482
259,1,11,434.70444,495.8531,0.97681093
259,1,12,413.0067,497.7906,0.96169645
259,1,13,433.86227,520.80334,0.9590598
259,1,14,404.3063,522.4557,0.92556906
259,1,15,435.25507,554.6809,0.9046805
259,1,16,408.54526,555.4697,0.85271156
260,0,0,548.0025,407.41943,0.12698711
260,0,1,549.1994,403.3793,0.14022844
260,0,2,549.6627,402.54007,0.033317715
260,0,3,554.0145,403.255,0.7765432
260,0,4,568.745,399.2929,0.22352697
260,0,5,557.9377,422.54956,0.9808671
260,0,6,587.2737,416.4276,0.90022576
260,0,7,556.1866,451.41998,0.8671899
260,0,8,599.77966,441.32364,0.33326796
260,0,9,549.9095,465.71246,0.54070723
260,0,10,589.3974,455.89194,0.14752291
260,0,11,575.19324,467.70825,0.9878034
260,0,12,598.6047,464.47693,0.9726778
260,0,13,566.0967,503.4469,0.9721204
260,0,14,609.2027,500.88782,0.9344735
260,0,15,567.4701,542.5395,0.9403159
260,0,16,623.0753,539.8258,0.8900216
260,1,0,392.87924,465.35175,0.69324094
260,1,1,395.39062,461.4277,0.76203334
260,1,2,389.62158,462.4956,0.29738435
260,1,3,403.10886,457.01324,0.73730236
260,1,4,387.48117,460.5638,0.05203566
260,1,5,420.81732,464.00488,0.9757201
260,1,6,387.4225,470.85895,0.9204526
260,1,7,439.87506,483.81958,0.9660506
260,1,8,380.81143,494.34125,0.73769337
260,1,9,418.64127,499.28943,0.93603593
260,1,10,378.0342,503.19855,0.70693755
260,1,11,425.886,509.26044,0.9744734
260,1,12,403.13013,511.76825,0.95427537
260,1,13,424.61417,526.1171,0.9150314
260,1,14,387.13757,528.9773,0.8311871
260,1,15,431.80298,564.6968,0.74957985
260,1,16,389.32596,566.728,0.6188361
261,0,0,549.2684,403.99976,0.17251322
261,0,1,550.8888,399.83014,0.24200222
261,0,2,550.6589,399.16473,0.03351281
261,0,3,556.82465,399.72647,0.86207247
261,0,4,569.76,396.1353,0.1522769
261,0,5,563.1477,418.2157,0.9869898
261,0,6,585.8177,411.9293,0.8093976
261,0,7,561.0987,446.85248,0.8859768
261,0,8,588.47815,434.83752,0.094675764
261,0,9,549.96136,455.68634,0.51523554
261,0,10,567.46246,445.25323,0.03679686
261,0,11,580.398,463.65967,0.9883124
261,0,12,600.35016,460.6683,0.9518825
261,0,13,571.919,502.5705,0.97714657
261,0,14,611.67816,500.15674,0.8940007
261,0,15,572.02844,542.0599,0.95460415
261,0,16,629.31116,537.2172,0.85860544
261,1,0,389.82043,464.0368,0.5633732
261,1,1,391.57452,459.46634,0.46158084
261,1,2,385.9021,461.285,0.31131962
261,1,3,398.20483,455.7022,0.41632372
261,1,4,382.00986,460.46704,0.19496176
261,1,5,414.04343,465.14835,0.9517813
261,1,6,381.07233,474.17627,0.84922475
261,1,7,433.9478,482.05286,0.92492765
261,1,8,379.0843,496.2826,0.66414183
261,1,9,419.64297,493.27002,0.8842186
261,1,10,383.19666,505.5724,0.64844394
261,1,11,418.65134,509.70367,0.94179
261,1,12,395.39966,514.3064,0.89873505
261,1,13,421.10992,531.32654,0.8581655
261,1,14,384.13196,542.05334,0.7502336
261,1,15,417.22498,573.29926,0.6892927
261,1,16,381.47815,585.8049,0.55355394
262,0,0,553.7162,400.54517,0.23348448
262,0,1,555.71356,396.4092,0.33465967
262,0,2,554.6969,395.5653,0.041088447
262,0,3,562.96576,396.20325,0.87921166
262,0,4,572.5061,392.39578,0.11503399
262,0,5,568.46704,414.4098,0.9863494
262,0,6,588.972,408.81195,0.79420143
262,0,7,563.94073,441.088,0.8955497
262,0,8,591.16394,432.43283,0.095719665
262,0,9,553.21387,448.2051,0.5765999
262,0,10,572.2273,443.57437,0.043211814
262,0,11,584.9862,462.19827,0.9883271
262,0,12,603.4983,459.4809,0.9507209
262,0,13,574.0307,499.21606,0.97803074
262,0,14,613.6562,498.226,0.8938891
262,0,15,571.4946,539.6925,0.9551137
262,0,16,629.42847,534.37787,0.8567764
262,1,0,380.58423,476.20715,0.43807593
262,1,1,383.1721,472.58484,0.5538031
262,1,2,377.0419,473.61737,0.13546179
262,1,3,390.91772,467.63678,0.5525782
262,1,4,374.0558,471.01938,0.022300964
262,1,5,409.45764,471.44235,0.8749003
262,1,6,373.38474,477.54874,0.6710065
262,1,7,430.67163,488.69165,0.8725887
262,1,8,365.83557,497.32562,0.40055442
262,1,9,403.96783,501.31567,0.8236631
262,1,10,369.45898,503.7068,0.43385544
262,1,11,416.93213,513.2006,0.9159985
262,1,12,392.86392,515.66223,0.85513896
262,1,13,412.03067,551.1857,0.77125674
262,1,14,383.95395,553.8658,0.60886496
262,1,15,415.81406,590.8789,0.5148463
262,1,16,386.06064,592.0156,0.36870402
263,0,0,555.1887,398.68875,0.3760078
263,0,1,557.30786,394.70105,0.5220951
263,0,2,556.0696,393.7527,0.05865839
263,0,3,566.152,394.55447,0.9277912
263,0,4,574.0635,390.60132,0.09200386
263,0,5,570.644,412.78488,0.99034005
263,0,6,591.4351,406.73837,0.85291797
263,0,7,559.70917,437.3015,0.9278175
263,0,8,587.3062,428.02747,0.14232813
263,0,9,552.003,439.89554,0.6921609
263,0,10,570.28076,435.99942,0.07089485
263,0,11,587.7448,462.93387,0.98953336
263,0,12,606.02576,459.9986,0.95686066
263,0,13,576.3209,497.5692,0.975224
263,0,14,613.97943,496.5343,0.8838538
263,0,15,576.00616,534.2512,0.93809694
263,0,16,628.9011,527.4398,0.81385857
264,0,0,559.6821,398.9924,0.32601628
264,0,1,561.7579,394.88782,0.4426322
264,0,2,560.23145,394.38153,0.050102692
264,0,3,571.7783,394.84235,0.8765598
264,0,4,576.94244,392.14697,0.06711969
264,0,5,579.92975,411.77853,0.982396
264,0,6,593.109,408.67538,0.8037085
264,0,7,571.51764,426.80096,0.9172527
264,0,8,584.2519,423.99503,0.17620003
264,0,9,567.3281,416.38492,0.7184861
264,0,10,576.97504,418.10226,0.10488727
264,0,11,594.7703,461.88556,0.9836035
264,0,12,608.31274,459.9245,0.94116515
264,0,13,579.24335,495.62903,0.9568714
264,0,14,615.3333,494.54028,0.8314415
264,0,15,576.46277,531.0694,0.882333
264,0,16,629.6265,526.63934,0.7063993
265,0,0,563.7197,399.01562,0.43848264
265,0,1,565.3353,395.17377,0.5370487
265,0,2,564.2514,395.0218,0.0790696
265,0,3,574.0457,393.9681,0.9081543
265,0,4,580.3173,392.46866,0.09156183
265,0,5,581.086,410.46182,0.9892342
265,0,6,595.7815,408.7053,0.90605825
265,0,7,573.5114,429.1598,0.9436216
265,0,8,583.807,427.9518,0.35019153
265,0,9,562.6663,425.83832,0.80122596
265,0,10,566.7017,436.81415,0.22101429
265,0,11,596.5853,459.8186,0.9898287
265,0,12,610.7287,458.41797,0.9705545
265,0,13,580.5464,490.84485,0.9793276
265,0,14,615.7065,492.92944,0.93193644
265,0,15,578.42145,527.8625,0.9499438
265,0,16,628.90607,527.80756,0.8812195
266,0,0,567.24365,399.85043,0.43381837
266,0,1,569.37476,396.05154,0.5100726
266,0,2,568.0578,395.73752,0.058951925
266,0,3,579.88574,394.93396,0.86298114
266,0,4,582.6011,393.45435,0.043561805
266,0,5,587.92377,408.363,0.98197573
266,0,6,596.7663,410.0059,0.8859563
266,0,7,577.56134,425.6649,0.94665015
266,0,8,578.5742,435.95624,0.4487662
266,0,9,568.877,414.51343,0.86672956
266,0,10,563.00256,443.97552,0.36212468
266,0,11,600.06433,459.7618,0.9907256
266,0,12,611.4108,459.8674,0.97605115
266,0,13,576.2819,485.53952,0.9818715
266,0,14,615.0092,490.22986,0.9451628
266,0,15,573.59076,523.9759,0.9459399
266,0,16,630.9879,527.3112,0.8813538
267,0,0,565.8982,394.36517,0.38600546
267,0,1,568.6293,390.70883,0.49937552
267,0,2,567.6057,389.84885,0.06007365
267,0,3,575.8528,391.79816,0.9246694
267,0,4,584.0481,388.0214,0.116522506
267,0,5,577.76385,410.73874,0.99449366
267,0,6,602.4745,404.54425,0.89703757
267,0,7,571.81006,439.6552,0.9665836
267,0,8,606.849,424.5183,0.2205005
267,0,9,555.07635,444.19867,0.84261
267,0,10,581.2774,436.98364,0.12457834
267,0,11,597.4908,455.7161,0.9949032
267,0,12,618.33466,453.5021,0.9767001
267,0,13,575.8245,481.96594,0.9903206
267,0,14,618.44244,485.85443,0.9446946
267,0,15,572.9872,523.58777,0.97424954
267,0,16,629.79285,523.7842,0.9052998
268,0,0,566.86206,393.5961,0.3815207
268,0,1,569.43164,390.0478,0.48356515
268,0,2,568.61884,389.00696,0.056093704
268,0,3,576.8054,390.9392,0.9227121
268,0,4,585.68744,386.5785,0.111972444
268,0,5,579.2665,409.65744,0.9949549
268,0,6,604.4924,401.5707,0.9145704
268,0,7,572.6687,437.94052,0.9719169
268,0,8,608.69806,419.20383,0.2838351
268,0,9,555.50354,444.12292,0.86980265
268,0,10,582.89734,432.95004,0.167723
268,0,11,599.6864,454.6829,0.99629265
268,0,12,620.7041,451.4515,0.9839563
268,0,13,576.9016,482.02347,0.99311477
268,0,14,618.4271,483.7859,0.96223855
268,0,15,574.0015,525.0375,0.98037577
268,0,16,629.5628,522.3606,0.9300697
269,0,0,568.87714,393.4524,0.39259842
269,0,1,571.6188,389.67725,0.51464665
269,0,2,570.83636,388.9225,0.058230296
269,0,3,580.30554,390.30713,0.9226523
269,0,4,588.5588,386.7191,0.094432615
269,0,5,581.707,408.38116,0.9924344
269,0,6,608.1124,403.30453,0.88535357
269,0,7,574.31213,437.01947,0.95300657
269,0,8,609.3322,426.85593,0.20385888
269,0,9,557.11993,442.3677,0.8011807
269,0,10,581.3746,440.4708,0.1140059
269,0,11,597.3445,456.8942,0.9942054
269,0,12,619.4097,454.54468,0.9760247
269,0,13,576.41724,482.4985,0.9906192
269,0,14,619.67365,484.5185,0.95129913
269,0,15,572.6457,524.3552,0.978084
269,0,16,628.5161,522.2593,0.9252044
270,0,0,569.8555,393.2942,0.3271584
270,0,1,572.4128,389.64502,0.42446592
270,0,2,571.79407,388.96606,0.047923073
270,0,3,579.85645,390.05753,0.919351
270,0,4,589.0756,386.68137,0.12156529
270,0,5,581.4246,408.17203,0.9947907
270,0,6,608.6464,403.19162,0.9060144
270,0,7,575.2287,437.35446,0.96640354
270,0,8,615.8065,426.73102,0.22864315
270,0,9,555.2804,444.43396,0.828124
270,0,10,591.24084,441.76468,0.11576851
270,0,11,596.19434,458.11972,0.9957878
270,0,12,618.49207,455.9621,0.9809841
270,0,13,575.35114,481.27945,0.9915748
270,0,14,619.9667,483.9117,0.9520988
270,0,15,572.58594,523.39465,0.977455
270,0,16,629.0853,521.8583,0.9172601
271,0,0,570.3733,392.68338,0.5270613
271,0,1,573.0511,389.31854,0.60449326
271,0,2,572.42224,388.505,0.08849957
271,0,3,580.8869,390.2214,0.95687485
271,0,4,589.2265,386.67593,0.1616183
271,0,5,581.1715,408.91797,0.9974412
271,0,6,609.8686,403.0059,0.97389936
271,0,7,574.507,438.03864,0.9805878
271,0,8,625.8617,426.9229,0.57036763
271,0,9,554.9723,443.78232,0.90764415
271,0,10,618.09393,448.53094,0.35045356
271,0,11,596.48193,457.16833,0.9978631
271,0,12,618.4814,454.72717,0.9930962
271,0,13,577.5972,483.9392,0.99444455
271,0,14,620.19446,485.35043,0.9780532
271,0,15,575.2994,525.3784,0.98016363
271,0,16,628.6793,523.34973,0.9456514
272,0,0,570.6026,392.79178,0.5626601
272,0,1,573.37646,389.4801,0.6535791
272,0,2,572.66516,388.64697,0.09700634
272,0,3,581.33185,390.24673,0.9612138
272,0,4,589.00806,386.6802,0.15076782
272,0,5,581.2379,408.52975,0.9975038
272,0,6,609.443,402.69095,0.96991235
272,0,7,576.52875,436.3896,0.9813254
272,0,8,625.7571,424.6575,0.5171606
272,0,9,559.44507,444.7349,0.9096812
272,0,10,616.3417,441.91458,0.3113697
272,0,11,596.7374,456.8611,0.9976476
272,0,12,618.3318,454.48587,0.9916351
272,0,13,578.45807,484.299,0.9938438
272,0,14,619.52216,485.4625,0.9729081
272,0,15,578.02277,526.7148,0.9778882
272,0,16,628.6629,523.1107,0.93444955
273,0,0,570.3747,393.07935,0.5506269
273,0,1,572.9769,389.67828,0.6560277
273,0,2,571.83826,388.86008,0.10608129
273,0,3,580.739,390.1039,0.95455617
273,0,4,588.2046,386.5928,0.14255768
273,0,5,580.7567,409.09808,0.9961455
273,0,6,608.33246,402.84283,0.95309603
273,0,7,577.9953,436.13712,0.96885675
273,0,8,623.3731,423.4084,0.3966079
273,0,9,562.9794,443.9017,0.8621233
273,0,10,607.83655,437.00204,0.23636667
273,0,11,597.67084,456.64618,0.99647707
273,0,12,619.10364,453.74347,0.9880001
273,0,13,576.77856,486.3381,0.99435765
273,0,14,618.21313,487.8266,0.9773857
273,0,15,574.43445,529.7913,0.9869783
273,0,16,628.70245,525.7097,0.96347106
274,0,0,570.13635,392.33856,0.47677454
274,0,1,572.7246,388.95178,0.53475463
274,0,2,572.37164,388.14532,0.07995793
274,0,3,579.98755,390.44943,0.9526186
274,0,4,589.35443,386.81528,0.1907964
274,0,5,579.9164,410.48972,0.9978356
274,0,6,608.5596,403.37625,0.97989386
274,0,7,573.20654,439.55972,0.9831306
274,0,8,625.6166,423.76752,0.645932
274,0,9,556.45917,449.4511,0.91514033
274,0,10,621.12787,442.21582,0.4093624
274,0,11,594.8255,456.63895,0.99845207
274,0,12,616.2405,453.7419,0.9952335
274,0,13,580.24896,486.8207,0.99559456
274,0,14,618.66864,487.16254,0.98362213
274,0,15,579.8434,527.3101,0.9825822
274,0,16,628.2759,523.77277,0.9542059
275,0,0,570.94916,391.2298,0.2095119
275,0,1,572.67114,388.19354,0.28141174
275,0,2,573.67773,387.6607,0.048380718
275,0,3,580.5306,388.9132,0.9570178
275,0,4,593.4899,386.75275,0.42868668
275,0,5,580.10004,406.5003,0.99758613
275,0,6,610.4422,403.71457,0.9922105
275,0,7,572.6769,433.00812,0.9692405
275,0,8,630.1295,428.9134,0.8014116
275,0,9,566.977,449.15668,0.8206449
275,0,10,628.4154,443.7886,0.5182248
275,0,11,597.2448,451.5214,0.99609596
275,0,12,618.6954,450.0774,0.9934947
275,0,13,578.6229,483.60147,0.9851245
275,0,14,616.5133,482.49884,0.9712388
275,0,15,578.7485,515.01996,0.9502775
275,0,16,623.631,512.4852,0.91979927
276,0,0,571.4242,388.63965,0.11592287
276,0,1,572.9283,385.68564,0.16280057
276,0,2,573.83185,385.15936,0.030402651
276,0,3,578.81903,386.74652,0.9242396
276,0,4,591.7908,384.65552,0.3719911
276,0,5,578.9534,404.63397,0.99485505
276,0,6,607.7681,401.9691,0.98438394
276,0,7,573.3551,430.9369,0.9452346
276,0,8,626.9541,426.71518,0.71492094
276,0,9,567.7184,449.06702,0.72822785
276,0,10,625.15906,442.7773,0.40847963
276,0,11,595.89514,450.2214,0.99371606
276,0,12,616.7019,448.84702,0.98978525
276,0,13,578.1396,482.42438,0.9809053
276,0,14,616.24713,481.19403,0.96491677
276,0,15,578.1136,513.73694,0.9488795
276,0,16,625.31714,511.27386,0.9202797
277,0,0,570.7362,388.12152,0.22891659
277,0,1,572.63617,385.03195,0.33931178
277,0,2,572.51434,384.47742,0.033872157
277,0,3,580.69244,386.4657,0.97478074
277,0,4,591.23895,384.28757,0.29124996
277,0,5,580.6572,404.23688,0.99754226
277,0,6,608.20917,401.64984,0.9896652
277,0,7,574.13696,430.6605,0.96104884
277,0,8,626.26807,428.26175,0.6158054
277,0,9,567.1862,446.37076,0.7528368
277,0,10,621.78754,444.30984,0.29509857
277,0,11,597.5755,450.0412,0.99492234
277,0,12,617.65875,448.82788,0.9901664
277,0,13,575.87317,481.171,0.982077
277,0,14,616.4729,480.30283,0.9573444
277,0,15,576.49835,517.3188,0.9481997
277,0,16,628.5231,514.4319,0.9032503
278,0,0,570.1921,388.7515,0.31719464
278,0,1,572.88934,385.13147,0.38464916
278,0,2,572.4634,384.40286,0.05780026
278,0,3,579.03076,386.54016,0.91701615
278,0,4,589.809,382.94006,0.18319707
278,0,5,578.3689,406.26273,0.9931098
278,0,6,606.51245,400.41232,0.9452644
278,0,7,574.11816,433.41324,0.93937624
278,0,8,617.45087,418.0471,0.3702179
278,0,9,563.59576,444.19022,0.73477906
278,0,10,595.0948,427.26956,0.17767946
278,0,11,591.49194,452.36667,0.99513185
278,0,12,614.9568,450.3317,0.9861292
278,0,13,572.77655,482.32413,0.98882383
278,0,14,619.6489,486.03156,0.9627503
278,0,15,567.14215,523.0663,0.970518
278,0,16,634.759,522.47687,0.92810035
279,0,0,582.8684,388.61328,0.03866622
279,0,1,583.36707,385.8111,0.026961109
279,0,2,583.564,385.12964,0.016127462
279,0,3,577.8788,388.47437,0.67408156
279,0,4,594.6293,385.9251,0.5358549
279,0,5,576.56036,408.6471,0.9930178
279,0,6,608.89935,403.96902,0.9673816
279,0,7,571.50385,436.2399,0.9216853
279,0,8,624.1958,425.7715,0.53520834
279,0,9,560.0012,444.7205,0.5685996
279,0,10,615.84204,441.97815,0.179226
279,0,11,588.695,457.40833,0.997451
279,0,12,614.9796,455.47086,0.9944133
279,0,13,570.415,486.76236,0.9916304
279,0,14,624.36743,485.8391,0.97914267
279,0,15,563.224,520.6903,0.97789556
279,0,16,638.2362,522.7233,0.9555083
279,1,0,359.63934,529.4173,0.17098245
279,1,1,360.6378,526.51196,0.23704089
279,1,2,361.51547,526.17694,0.01714708
279,1,3,367.22797,527.59143,0.8138041
279,1,4,381.1158,525.2078,0.033855498
279,1,5,375.4357,544.6935,0.9215005
279,1,6,400.68198,540.1815,0.74406934
279,1,7,378.55914,581.89764,0.78345174
279,1,8,402.6399,574.9981,0.19568509
279,1,9,373.6874,605.2255,0.48316583
279,1,10,381.92056,599.34827,0.11990353
279,1,11,410.84268,598.1894,0.7591147
279,1,12,428.17883,595.4698,0.62475115
279,1,13,378.0147,621.0359,0.31172043
279,1,14,403.05536,618.0582,0.14871547
279,1,15,387.83615,655.0498,0.12473542
279,1,16,410.4269,649.756,0.06587695
280,0,0,586.6065,390.04816,0.035355784
280,0,1,586.6274,387.30167,0.020440342
280,0,2,587.0209,386.5291,0.015378751
280,0,3,578.2626,390.77887,0.6390351
280,0,4,595.7989,388.5278,0.5769939
280,0,5,576.11145,410.95093,0.99317545
280,0,6,609.1801,407.99905,0.9773941
280,0,7,571.3964,438.664,0.92197806
280,0,8,623.99506,431.5708,0.6709695
280,0,9,567.79254,455.05167,0.58128667
280,0,10,621.7925,453.70355,0.26512992
280,0,11,588.51373,460.0609,0.9977543
280,0,12,615.7435,459.04187,0.99591005
280,0,13,569.6427,488.35132,0.9907664
280,0,14,628.10114,488.98157,0.9814104
280,0,15,561.7874,520.2429,0.9697222
280,0,16,643.449,526.515,0.94802237
280,1,0,585.9945,391.57193,0.03100151
280,1,1,586.5166,388.5434,0.021756582
280,1,2,586.55756,388.05453,0.021952271
280,1,3,578.7125,391.1788,0.6658771
280,1,4,596.32245,389.39984,0.7147466
280,1,5,575.3562,411.55676,0.9886761
280,1,6,608.5739,408.38635,0.98673964
280,1,7,569.9762,440.0943,0.87041813
280,1,8,622.6444,433.79547,0.86286277
280,1,9,567.97845,460.38074,0.5067741
280,1,10,620.6136,454.6438,0.5180691
280,1,11,589.24915,460.66913,0.98823404
280,1,12,615.0977,459.05426,0.98791295
280,1,13,574.27936,487.59265,0.9319173
280,1,14,622.2285,484.90347,0.9313614
280,1,15,571.73035,518.5836,0.8069832
280,1,16,637.2651,515.7827,0.8052533
280,2,0,375.7729,533.6245,0.043862484
280,2,1,376.12238,530.76135,0.057955373
280,2,2,379.0142,530.04,0.011434972
280,2,3,380.567,529.4252,0.8387212
280,2,4,397.98434,525.4324,0.24401128
280,2,5,381.2667,544.85767,0.97649616
280,2,6,416.2526,536.8269,0.9457375
280,2,7,375.63315,575.60834,0.8356752
280,2,8,436.32013,553.8733,0.54251903
280,2,9,368.7342,596.9057,0.42666203
280,2,10,434.07843,558.56616,0.2123936
280,2,11,410.16168,598.5461,0.93098634
280,2,12,433.1792,595.4322,0.9032571
280,2,13,393.72083,627.41046,0.43478706
280,2,14,426.94116,624.6185,0.3258368
280,2,15,405.37665,654.0901,0.15627998
280,2,16,435.85187,650.6093,0.115299836
281,0,0,391.54694,521.5387,0.046959486
281,0,1,392.82867,518.2136,0.034704007
281,0,2,394.10828,517.4452,0.01338196
281,0,3,393.4173,518.62,0.72875684
281,0,4,411.9647,514.179,0.41938707
281,0,5,391.53412,536.9169,0.9938613
281,0,6,428.49432,526.9608,0.96473396
281,0,7,382.5604,571.0038,0.9597662
281,0,8,452.9037,533.5136,0.6342451
281,0,9,375.04416,596.53973,0.68920135
281,0,10,455.49664,528.3492,0.22352321
281,0,11,417.11948,597.797,0.9906088
281,0,12,441.23993,595.6428,0.97630465
281,0,13,404.5492,646.76154,0.84547263
281,0,14,439.25522,649.913,0.6386378
281,0,15,407.76465,685.2175,0.35365686
281,0,16,438.36755,684.7694,0.17976893
281,1,0,578.2359,397.49048,0.015165543
281,1,1,579.3153,394.3049,0.018504826
281,1,2,580.6692,393.78076,0.007104446
281,1,3,579.69147,397.53012,0.7730427
281,1,4,598.5526,394.99963,0.48630992
281,1,5,576.74994,418.26538,0.9897982
281,1,6,611.55255,414.1878,0.98093754
281,1,7,570.1852,444.49167,0.91976327
281,1,8,624.0396,437.9506,0.8048348
281,1,9,568.97974,463.2879,0.557766
281,1,10,622.7557,457.7972,0.39272326
281,1,11,588.53876,466.41418,0.9842471
281,1,12,614.0972,464.46094,0.97938216
281,1,13,575.55945,493.83923,0.84235126
281,1,14,620.27545,491.59808,0.7981707
281,1,15,575.5359,518.8516,0.55973095
281,1,16,630.8014,516.0997,0.5054082
281,2,0,581.09717,398.03067,0.050207894
281,2,1,582.08325,394.66315,0.027461985
281,2,2,583.0452,394.32718,0.018917568
281,2,3,579.98755,396.92703,0.642465
281,2,4,598.79266,395.02823,0.47206178
281,2,5,577.6877,417.63498,0.9848001
281,2,6,612.2008,414.51822,0.985537
281,2,7,569.15454,445.13928,0.8593127
281,2,8,626.81885,436.59644,0.87664676
281,2,9,568.36676,461.9336,0.5283438
281,2,10,626.55237,456.15857,0.5969127
281,2,11,586.97034,467.154,0.9947978
281,2,12,614.7187,465.7664,0.99557483
281,2,13,569.75366,490.74524,0.976208
281,2,14,630.17163,493.2046,0.9812501
281,2,15,561.14594,520.7231,0.92627466
281,2,16,648.14526,529.3158,0.93826425
282,0,0,581.45294,403.95013,0.022460718
282,0,1,582.71277,400.23175,0.025417604
282,0,2,583.857,400.17764,0.010790597
282,0,3,582.29675,403.53732,0.7757873
282,0,4,603.0246,402.34613,0.53485644
282,0,5,576.6405,425.80457,0.9861768
282,0,6,613.87787,423.50403,0.976105
282,0,7,570.7244,452.8589,0.886404
282,0,8,622.80426,447.78174,0.75871384
282,0,9,572.2714,471.80264,0.4660561
282,0,10,619.0404,465.81094,0.322968
282,0,11,585.4682,473.10803,0.95358044
282,0,12,612.15204,472.07318,0.94161963
282,0,13,575.80554,498.67316,0.5201125
282,0,14,615.77747,497.91437,0.4523538
282,0,15,576.8281,522.91455,0.1747583
282,0,16,621.7715,521.6633,0.14846343
282,1,0,405.34967,510.03815,0.04150288
282,1,1,406.47913,507.34918,0.025980884
282,1,2,407.8816,506.8662,0.016254548
282,1,3,405.011,508.88086,0.658383
282,1,4,422.7882,506.05426,0.4740619
282,1,5,401.59818,527.1059,0.9832103
282,1,6,436.17398,518.88464,0.97732097
282,1,7,386.9081,553.0987,0.8753913
282,1,8,461.30908,526.1563,0.81251824
282,1,9,383.24066,560.03735,0.47770497
282,1,10,465.19992,532.7936,0.3899838
282,1,11,419.9443,583.6282,0.9782593
282,1,12,442.47247,581.25037,0.97494566
282,1,13,403.43344,620.04834,0.6760235
282,1,14,440.5784,623.48267,0.6164174
282,1,15,403.94733,660.9385,0.2001978
282,1,16,440.77472,658.87463,0.16583188
283,0,0,582.82825,409.58038,0.040811993
283,0,1,584.18335,406.05945,0.050062496
283,0,2,585.7473,406.14453,0.010193258
283,0,3,587.57635,408.74902,0.8693524
283,0,4,605.0812,408.19537,0.312873
283,0,5,581.4468,429.13754,0.988893
283,0,6,615.6517,428.4817,0.9723593
283,0,7,572.1177,453.64438,0.9096473
283,0,8,625.0814,452.28952,0.65946174
283,0,9,571.32025,469.02893,0.538301
283,0,10,620.4,468.07922,0.26204053
283,0,11,587.59814,478.31897,0.94630826
283,0,12,612.2059,477.98834,0.92009586
283,0,13,575.72974,495.5982,0.47519144
283,0,14,618.18164,495.9792,0.34926647
283,0,15,576.1468,514.1198,0.16583802
283,0,16,625.23444,513.8811,0.11907907
283,1,0,428.05267,499.7002,0.0324592
283,1,1,427.2136,496.88226,0.012491522
283,1,2,428.91965,496.53314,0.013783984
283,1,3,416.6166,498.9416,0.51658374
283,1,4,436.3994,498.2663,0.49321863
283,1,5,408.98593,520.0046,0.98595756
283,1,6,449.21356,513.72455,0.98977673
283,1,7,393.61285,543.55884,0.917742
283,1,8,474.3538,520.121,0.9542532
283,1,9,389.53943,557.02606,0.67904395
283,1,10,495.43008,528.8827,0.8009597
283,1,11,420.3177,578.8417,0.9936871
283,1,12,446.50772,575.8982,0.99527305
283,1,13,396.8448,616.5757,0.9276282
283,1,14,436.9683,618.51697,0.94618547
283,1,15,391.85526,664.0929,0.6187609
283,1,16,433.62415,662.777,0.6688478
284,0,0,592.3366,415.9025,0.03918882
284,0,1,593.2082,412.53052,0.045488536
284,0,2,595.8531,412.82834,0.010481986
284,0,3,595.8204,414.6035,0.88224334
284,0,4,614.07513,414.79333,0.37975907
284,0,5,588.5288,433.75143,0.9931694
284,0,6,623.29364,434.8835,0.9844557
284,0,7,575.38837,456.64734,0.945451
284,0,8,633.92676,460.15692,0.8011913
284,0,9,572.3658,471.278,0.6584482
284,0,10,634.11487,477.72635,0.40371054
284,0,11,591.7497,483.80264,0.9651066
284,0,12,615.82275,483.9939,0.94891644
284,0,13,579.55206,496.4488,0.5493693
284,0,14,620.8038,497.30023,0.427843
284,0,15,577.9633,507.3991,0.19289804
284,0,16,624.66284,507.98602,0.14327501
284,1,0,441.6337,490.33118,0.035179876
284,1,1,441.16235,487.34665,0.012819054
284,1,2,441.6441,486.90585,0.017723827
284,1,3,428.7909,489.76105,0.6241685
284,1,4,447.79907,488.76715,0.7063961
284,1,5,420.82053,512.02216,0.99352694
284,1,6,458.14673,506.7704,0.99683714
284,1,7,403.9385,538.8878,0.92688185
284,1,8,484.14038,517.82477,0.9743825
284,1,9,408.49728,542.03906,0.63977826
284,1,10,501.11987,523.4768,0.8058159
284,1,11,429.04483,571.9428,0.9981604
284,1,12,455.21072,570.4565,0.9987797
284,1,13,405.63055,615.8606,0.9786452
284,1,14,453.53775,619.31274,0.9850071
284,1,15,388.83698,661.93567,0.8537861
284,1,16,450.6742,664.94385,0.88352364
285,0,0,598.0816,417.556,0.030497307
285,0,1,599.3595,413.95087,0.035485167
285,0,2,601.8101,414.58438,0.008273687
285,0,3,602.5633,416.88293,0.88115287
285,0,4,620.8349,418.17612,0.3657673
285,0,5,594.2627,436.6117,0.99340326
285,0,6,628.0813,438.90402,0.98421615
285,0,7,578.2446,457.51746,0.9494977
285,0,8,637.7911,459.7712,0.8065982
285,0,9,569.6457,469.78815,0.68397075
285,0,10,636.95874,472.01468,0.42032012
285,0,11,597.8907,483.34204,0.96798563
285,0,12,621.74615,484.26456,0.95281553
285,0,13,584.1207,491.27246,0.61074466
285,0,14,628.98676,492.80872,0.48590243
285,0,15,581.5879,510.12488,0.23897997
285,0,16,638.0867,511.13245,0.17693909
285,1,0,449.55554,485.86047,0.03338513
285,1,1,449.0001,482.66116,0.01405436
285,1,2,450.6686,482.4948,0.015869368
285,1,3,438.89276,485.18655,0.6501538
285,1,4,460.0323,484.6315,0.6497003
285,1,5,430.69434,507.6615,0.99328667
285,1,6,470.87778,503.3841,0.99520564
285,1,7,414.62283,536.4926,0.93547446
285,1,8,497.4626,517.8351,0.96280104
285,1,9,408.82913,564.8109,0.6318404
285,1,10,512.5196,528.53,0.7524485
285,1,11,438.44202,567.981,0.99543
285,1,12,463.56857,566.33014,0.99643767
285,1,13,431.39087,614.2166,0.9031263
285,1,14,460.41217,617.4451,0.92336637
285,1,15,425.82303,655.26404,0.46388045
285,1,16,450.82254,656.40967,0.504642
286,0,0,465.96704,484.6738,0.028221643
286,0,1,465.40564,481.8048,0.009508105
286,0,2,466.2057,481.4535,0.014192306
286,0,3,451.8394,483.3043,0.6395948
286,0,4,472.53772,483.21057,0.7250896
286,0,5,440.9772,503.76965,0.99449736
286,0,6,483.70508,500.99615,0.9973978
286,0,7,424.65668,531.0407,0.93174654
286,0,8,506.3472,519.16504,0.9785074
286,0,9,432.26108,540.9458,0.6084945
286,0,10,523.33234,534.12823,0.8036234
286,0,11,443.02744,563.443,0.99750036
286,0,12,473.73572,562.45526,0.9983974
286,0,13,427.20422,606.1214,0.9380212
286,0,14,481.91428,609.2846,0.95962566
286,0,15,417.98627,651.56775,0.5623492
286,0,16,479.78238,651.3456,0.63917637
286,1,0,611.3541,418.27573,0.03324563
286,1,1,611.8455,414.8148,0.03910507
286,1,2,615.5855,415.61795,0.007054143
286,1,3,614.7958,418.0489,0.8989025
286,1,4,632.8321,419.62424,0.28250164
286,1,5,605.84357,438.8526,0.9924908
286,1,6,640.7749,442.62393,0.9831701
286,1,7,587.5685,460.98224,0.9421693
286,1,8,649.9998,466.225,0.7702065
286,1,9,572.5171,473.59683,0.6570603
286,1,10,645.327,475.44806,0.3676309
286,1,11,607.25745,487.96533,0.9631521
286,1,12,631.5526,489.22382,0.9445717
286,1,13,590.4195,487.14337,0.62893337
286,1,14,632.55774,489.86914,0.4856122
286,1,15,587.6607,514.7182,0.2991286
286,1,16,640.94196,517.3074,0.21698156
286,2,0,613.593,419.35632,0.07296264
286,2,1,615.48334,416.33057,0.041931696
286,2,2,617.2895,416.87378,0.028085558
286,2,3,613.6983,419.0281,0.70563895
286,2,4,632.0909,419.11,0.5721417
286,2,5,603.8019,437.46417,0.9923611
286,2,6,641.7461,440.32712,0.98513526
286,2,7,586.0716,456.8898,0.9369401
286,2,8,648.6128,463.76096,0.8470976
286,2,9,568.43616,477.4455,0.68800855
286,2,10,645.7053,473.68808,0.51925176
286,2,11,604.4069,488.10052,0.99083614
286,2,12,634.1096,488.25085,0.9876009
286,2,13,586.1403,489.9043,0.9198211
286,2,14,650.0755,488.1933,0.891535
286,2,15,575.968,528.1055,0.7198214
286,2,16,657.6024,527.7451,0.66543835
287,0,0,469.5655,484.268,0.032395605
287,0,1,469.86325,480.22922,0.017959816
287,0,2,471.46838,480.6695,0.015593547
287,0,3,461.07297,481.57037,0.6856316
287,0,4,483.24728,482.0033,0.6561045
287,0,5,449.44952,503.34955,0.99368685
287,0,6,495.0511,503.9035,0.98487234
287,0,7,436.9658,533.12573,0.922038
287,0,8,504.48972,533.2678,0.76560634
287,0,9,436.68814,546.80566,0.51729786
287,0,10,498.6101,550.24524,0.27642736
287,0,11,450.85574,556.85913,0.9933482
287,0,12,484.14423,556.8064,0.98954016
287,0,13,438.83902,598.4983,0.90856826
287,0,14,488.66028,599.5368,0.847794
287,0,15,433.9923,640.40533,0.57556635
287,0,16,485.37952,638.55634,0.45727205
287,1,0,633.15076,419.77997,0.043051954
287,1,1,634.0836,415.91312,0.040028684
287,1,2,633.6556,416.63834,0.030513182
287,1,3,626.751,417.62747,0.7940237
287,1,4,644.3986,419.84985,0.7301483
287,1,5,615.23315,436.21597,0.99095565
287,1,6,652.2601,439.998,0.9853749
287,1,7,601.87976,457.20157,0.9110453
287,1,8,662.6881,462.9863,0.8409118
287,1,9,600.49335,461.82605,0.5861113
287,1,10,653.27765,469.71237,0.47843808
287,1,11,614.7321,486.1094,0.9751448
287,1,12,642.62494,487.3596,0.9697789
287,1,13,601.4283,492.3769,0.8218443
287,1,14,650.86523,493.8661,0.7850105
287,1,15,595.4377,533.67786,0.55805457
287,1,16,658.93195,535.1498,0.5136202
287,2,0,629.24896,418.84412,0.02711546
287,2,1,629.2047,415.46875,0.027775856
287,2,2,631.48065,416.09265,0.011300678
287,2,3,626.153,417.94263,0.81060654
287,2,4,644.11145,419.35953,0.4942205
287,2,5,617.55225,437.04706,0.98792136
287,2,6,651.84705,440.18674,0.9805893
287,2,7,603.1329,457.35416,0.9000221
287,2,8,660.8222,463.86786,0.7851871
287,2,9,594.5089,459.74854,0.53780293
287,2,10,654.2387,469.06042,0.37825036
287,2,11,617.52405,485.60043,0.9535132
287,2,12,641.9628,486.3771,0.9403413
287,2,13,603.0378,490.90094,0.59044296
287,2,14,644.92267,492.49756,0.5044777
287,2,15,597.27014,519.8953,0.26903045
287,2,16,649.78345,521.3474,0.22287554
288,0,0,639.26605,419.42395,0.019926963
288,0,1,639.623,415.64624,0.02226202
288,0,2,641.744,416.46722,0.007883465
288,0,3,637.5819,417.05573,0.85094786
288,0,4,654.8594,419.4409,0.4900718
288,0,5,627.52124,435.0178,0.9936615
288,0,6,662.67096,440.77338,0.98896605
288,0,7,603.83496,450.6277,0.9494031
288,0,8,669.3125,463.71207,0.86868364
288,0,9,587.4196,452.86258,0.69021785
288,0,10,659.19385,472.94055,0.5157888
288,0,11,626.7669,486.5102,0.9828705
288,0,12,651.396,488.03986,0.9770637
288,0,13,606.68256,488.38953,0.840487
288,0,14,650.8067,490.7519,0.77153724
288,0,15,599.46686,517.5371,0.56870484
288,0,16,655.7262,520.11865,0.48694086
288,1,0,479.19458,483.886,0.04900009
288,1,1,479.57178,479.72485,0.02492859
288,1,2,481.08856,480.193,0.021376323
288,1,3,472.65704,481.19046,0.6836582
288,1,4,492.8849,481.76376,0.61937183
288,1,5,461.5656,502.37653,0.99491453
288,1,6,502.04022,504.6645,0.98991114
288,1,7,448.40512,533.20404,0.9499614
288,1,8,508.02682,537.8612,0.88062996
288,1,9,447.24808,556.56134,0.69097376
288,1,10,509.47992,556.9244,0.5276068
288,1,11,462.40567,559.3854,0.9961809
288,1,12,491.079,559.6682,0.9947901
288,1,13,453.05847,605.2036,0.9584127
288,1,14,492.78885,607.74396,0.9415637
288,1,15,445.7438,649.64984,0.753883
288,1,16,486.96155,650.9911,0.6946882
289,0,0,650.2098,419.35208,0.16378121
289,0,1,650.5277,416.44803,0.098190695
289,0,2,652.86365,417.41852,0.058400776
289,0,3,646.6022,417.81296,0.724166
289,0,4,665.4809,419.5616,0.5127613
289,0,5,639.5473,432.77206,0.9908861
289,0,6,674.2015,444.06238,0.9873892
289,0,7,613.8392,442.41797,0.9582006
289,0,8,685.45667,476.459,0.9205982
289,0,9,596.1035,449.50433,0.87081635
289,0,10,684.6692,496.25146,0.75682503
289,0,11,634.8893,487.42706,0.99357635
289,0,12,660.7495,491.04498,0.9918738
289,0,13,609.6937,493.89563,0.97171867
289,0,14,669.5055,494.29065,0.959273
289,0,15,584.8493,529.7621,0.90114963
289,0,16,664.60535,529.56433,0.8775526
289,1,0,495.39032,484.9918,0.055962175
289,1,1,494.8523,481.10712,0.024180153
289,1,2,496.5318,481.45804,0.028968234
289,1,3,484.103,482.1291,0.56365037
289,1,4,503.60764,483.15552,0.6224093
289,1,5,471.40393,502.76923,0.98974305
289,1,6,511.017,505.62988,0.9909079
289,1,7,457.32162,530.30597,0.92753357
289,1,8,526.2863,534.36615,0.9341902
289,1,9,457.27005,549.71356,0.6989921
289,1,10,537.0671,553.13635,0.68951863
289,1,11,470.53812,558.3585,0.9936093
289,1,12,496.2072,560.4423,0.99369216
289,1,13,467.77228,604.4097,0.9312299
289,1,14,496.22726,610.0428,0.92439973
289,1,15,467.3831,644.02423,0.6522352
289,1,16,488.9098,646.8233,0.6290348
290,0,0,503.29047,484.2804,0.04601011
290,0,1,502.6256,480.36975,0.017435947
290,0,2,504.16006,480.65204,0.021034641
290,0,3,492.68555,481.38693,0.6515915
290,0,4,511.84064,482.37454,0.68619084
290,0,5,481.55038,502.17908,0.99665856
290,0,6,520.38336,504.75262,0.99730945
290,0,7,465.8843,528.13196,0.97055155
290,0,8,532.06287,534.49005,0.9781597
290,0,9,458.37152,548.764,0.8155407
290,0,10,550.37445,553.6058,0.8442927
290,0,11,481.30087,561.7278,0.998437
290,0,12,505.4545,562.6279,0.9986085
290,0,13,481.7511,605.1944,0.97239584
290,0,14,502.65634,607.80096,0.9736927
290,0,15,481.29068,642.55994,0.75079894
290,0,16,489.99564,642.58594,0.75362575
290,1,0,670.93994,420.3333,0.09692862
290,1,1,670.7298,416.62616,0.033459086
290,1,2,671.19135,417.21378,0.046017583
290,1,3,659.23865,415.96735,0.5431704
290,1,4,675.77783,418.25287,0.699424
290,1,5,649.22424,428.9485,0.9962985
290,1,6,680.3369,439.21274,0.99375856
290,1,7,624.8009,433.36893,0.977209
290,1,8,690.4664,467.38623,0.9513524
290,1,9,610.54065,441.21814,0.9025023
290,1,10,692.3836,484.13928,0.8196467
290,1,11,643.277,481.95642,0.99909127
290,1,12,666.82416,484.17325,0.99879164
290,1,13,620.51434,501.91876,0.9959299
290,1,14,666.46063,500.56616,0.9938042
290,1,15,594.3115,531.453,0.9816472
290,1,16,666.41785,529.34827,0.9748651
291,0,0,504.64642,481.43256,0.06300821
291,0,1,505.26733,477.63583,0.0332116
291,0,2,507.4135,478.16153,0.026918704
291,0,3,501.13004,478.28235,0.6445285
291,0,4,519.9864,478.55927,0.5680292
291,0,5,490.65686,496.98334,0.9927632
291,0,6,529.1121,499.17096,0.98817223
291,0,7,472.48883,521.1691,0.95782036
291,0,8,543.6648,522.5124,0.9117208
291,0,9,462.03662,542.3541,0.78028864
291,0,10,549.55475,531.9944,0.65174234
291,0,11,493.07635,552.3815,0.9925234
291,0,12,516.58545,553.64514,0.9902642
291,0,13,488.4584,591.65704,0.8953654
291,0,14,510.00638,597.45984,0.85308933
291,0,15,490.9599,628.3108,0.4953919
291,0,16,501.48462,632.36786,0.41180554
291,1,0,681.1598,417.9805,0.021660456
291,1,1,681.6506,414.37082,0.01900973
291,1,2,681.81085,415.34848,0.018092249
291,1,3,671.95715,414.5023,0.630716
291,1,4,687.64276,418.53317,0.6047068
291,1,5,660.6465,428.91876,0.97806895
291,1,6,690.89496,438.18765,0.97092324
291,1,7,638.66943,436.1554,0.8904677
291,1,8,694.70184,458.6308,0.8490181
291,1,9,628.4769,433.64267,0.60174316
291,1,10,686.92554,468.3335,0.5455524
291,1,11,653.45135,479.87442,0.9577001
291,1,12,674.29083,482.73312,0.951155
291,1,13,639.8882,494.22278,0.6700873
291,1,14,673.6337,497.1281,0.6195903
291,1,15,632.9238,515.92126,0.31263176
291,1,16,674.3023,519.94763,0.27811515
292,0,0,523.8021,470.29767,0.06988897
292,0,1,522.5331,467.06894,0.033500146
292,0,2,524.5602,467.43173,0.03586139
292,0,3,511.99487,468.99826,0.5042175
292,0,4,529.34717,470.0666,0.5363843
292,0,5,502.9025,489.53296,0.98835444
292,0,6,536.2911,490.12738,0.97527766
292,0,7,478.42978,513.895,0.9531452
292,0,8,551.5102,508.1435,0.87277836
292,0,9,469.0276,542.138,0.808465
292,0,10,561.4628,508.43213,0.6669493
292,0,11,506.83945,543.9094,0.9924474
292,0,12,525.1606,544.12744,0.9890948
292,0,13,508.7683,575.89087,0.9507723
292,0,14,515.44415,580.3767,0.92536473
292,0,15,508.51172,613.0228,0.793106
292,0,16,506.3324,615.4271,0.72360307
292,1,0,698.57117,417.50073,0.10979937
292,1,1,697.7897,413.63287,0.03342015
292,1,2,698.14307,414.52905,0.07224214
292,1,3,681.66693,412.36758,0.37377465
292,1,4,696.8532,416.91568,0.6870196
292,1,5,667.6511,424.2597,0.9859607
292,1,6,696.1944,439.80762,0.9862532
292,1,7,644.5058,429.44427,0.9189547
292,1,8,696.4004,470.6194,0.9217645
292,1,9,642.7535,429.87717,0.7400694
292,1,10,697.29877,497.58325,0.7162162
292,1,11,657.4509,474.61438,0.99222344
292,1,12,677.8567,481.04315,0.9921461
292,1,13,645.1933,503.50598,0.9484348
292,1,14,674.50635,513.53613,0.9438564
292,1,15,635.3449,536.64136,0.7765393
292,1,16,668.6094,542.7895,0.75673467
293,0,0,708.6554,418.2944,0.047664188
293,0,1,708.0778,414.694,0.022143476
293,0,2,709.25354,415.60785,0.053545788
293,0,3,692.3708,413.20752,0.39625892
293,0,4,708.3434,417.88345,0.7490198
293,0,5,676.61005,425.6884,0.96995866
293,0,6,705.8769,436.77643,0.9812959
293,0,7,655.13184,434.8092,0.765025
293,0,8,705.2668,462.2691,0.88314915
293,0,9,651.1268,444.87537,0.46352166
293,0,10,710.04614,483.5426,0.6117646
293,0,11,662.03735,471.9931,0.9797846
293,0,12,679.69965,476.37018,0.98267835
293,0,13,670.2635,498.39447,0.9290084
293,0,14,687.43475,503.15704,0.9425773
293,0,15,663.04565,535.29956,0.83892256
293,0,16,678.0341,541.6809,0.8618643
293,1,0,524.33356,465.1155,0.057831027
293,1,1,524.88074,461.46524,0.029890344
293,1,2,526.47833,461.899,0.024411254
293,1,3,519.51404,462.95883,0.7024039
293,1,4,538.1875,463.1718,0.6344285
293,1,5,510.2421,484.05386,0.9952285
293,1,6,547.1175,485.15616,0.9911049
293,1,7,490.40317,507.62463,0.96174365
293,1,8,556.9335,508.10492,0.91053075
293,1,9,478.52982,527.8562,0.74747527
293,1,10,563.0529,512.21106,0.60647786
293,1,11,513.1349,542.2147,0.9933416
293,1,12,537.8199,542.2202,0.9910025
293,1,13,504.7984,580.5136,0.8644908
293,1,14,541.17816,581.6468,0.81465054
293,1,15,502.13937,621.45337,0.37595823
293,1,16,536.13116,620.7804,0.30501062
293,2,0,523.1085,465.4815,0.015341646
293,2,1,524.1741,461.69128,0.017722066
293,2,2,525.2216,462.19702,0.010393006
293,2,3,519.6316,463.122,0.81007856
293,2,4,537.8713,463.94318,0.6654417
293,2,5,508.60226,483.49353,0.98978615
293,2,6,544.98126,484.5357,0.9854451
293,2,7,488.27765,511.62372,0.91760427
293,2,8,558.5323,508.41937,0.8644613
293,2,9,475.95938,526.6821,0.54230815
293,2,10,561.1992,515.6686,0.44425333
293,2,11,513.1873,542.3106,0.9681653
293,2,12,536.0204,542.8073,0.9613527
293,2,13,508.43628,582.47644,0.46877623
293,2,14,538.5171,583.4528,0.4171793
293,2,15,506.69748,615.5238,0.08644275
293,2,16,537.8319,616.93164,0.07509499
294,0,0,546.7039,461.05307,0.051740345
294,0,1,544.7333,457.2415,0.018798783
294,0,2,546.6828,457.32227,0.026549354
294,0,3,529.7941,458.23807,0.59527713
294,0,4,549.93396,459.3891,0.70520747
294,0,5,518.6491,480.0076,0.99506074
294,0,6,557.03735,481.97772,0.99558973
294,0,7,498.94324,505.81622,0.9600796
294,0,8,568.9055,511.9052,0.96430516
294,0,9,487.65247,523.67035,0.75499153
294,0,10,571.71454,535.041,0.7637388
294,0,11,515.5032,541.61633,0.99557626
294,0,12,538.69037,542.0811,0.99579406
294,0,13,514.25336,582.1242,0.9097498
294,0,14,529.46027,585.3876,0.90511376
294,0,15,506.74323,623.51166,0.45826316
294,0,16,509.80765,625.28656,0.4373717
294,1,0,544.1965,461.37598,0.019271584
294,1,1,543.76324,457.5322,0.016290033
294,1,2,544.997,458.17303,0.01964786
294,1,3,529.118,457.46207,0.6547047
294,1,4,548.93866,459.74277,0.71800715
294,1,5,517.2096,477.55893,0.9837384
294,1,6,555.12256,481.52594,0.9832827
294,1,7,497.87323,506.31958,0.870984
294,1,8,569.26624,512.4439,0.87894106
294,1,9,488.03998,523.6748,0.47508767
294,1,10,571.4484,529.8612,0.4888727
294,1,11,516.62,540.6904,0.97070676
294,1,12,538.84344,541.7151,0.96846807
294,1,13,516.333,588.0152,0.5773567
294,1,14,534.7094,588.938,0.5654271
294,1,15,515.50555,625.8846,0.14304797
294,1,16,522.41486,627.48926,0.13950354
295,0,0,730.8473,432.76196,0.16311544
295,0,1,730.47144,428.04028,0.04067808
295,0,2,730.3167,428.50027,0.1926532
295,0,3,709.6262,424.32053,0.18654072
295,0,4,724.47217,428.52176,0.76406825
295,0,5,692.7945,436.9205,0.82178926
295,0,6,714.8846,446.81595,0.9779204
295,0,7,676.70605,459.2793,0.18865567
295,0,8,715.6985,476.78833,0.86434853
295,0,9,682.33203,475.543,0.08906875
295,0,10,713.62317,487.66254,0.55756116
295,0,11,676.156,480.54117,0.9343199
295,0,12,693.92664,486.21896,0.9782955
295,0,13,690.1445,504.65765,0.8677791
295,0,14,717.9704,513.14764,0.9593645
295,0,15,679.6606,536.44464,0.8338538
295,0,16,724.9187,547.8858,0.928732
295,1,0,543.208,457.33307,0.0144702755
295,1,1,544.1477,453.06357,0.0155542325
295,1,2,544.52344,453.46872,0.009984409
295,1,3,537.6384,453.98108,0.6782922
295,1,4,557.1467,454.7772,0.5465123
295,1,5,525.5406,475.873,0.9679786
295,1,6,564.6677,476.85324,0.95830387
295,1,7,508.01404,508.3274,0.8118847
295,1,8,570.0108,507.08856,0.725534
295,1,9,502.0384,523.3334,0.3572512
295,1,10,562.5534,517.9114,0.28077212
295,1,11,526.5809,537.8538,0.8858075
295,1,12,551.8708,538.03143,0.86788046
295,1,13,520.99725,572.86395,0.18870932
295,1,14,547.5639,573.90533,0.1587802
295,1,15,523.9017,601.56647,0.029181203
295,1,16,543.63104,603.29913,0.025239944
296,0,0,563.4459,454.12952,0.095330894
296,0,1,561.4168,450.5195,0.032865174
296,0,2,562.86646,450.1922,0.053386267
296,0,3,546.58307,452.26273,0.6055223
296,0,4,565.0832,452.44028,0.7702838
296,0,5,536.03284,475.02005,0.9945555
296,0,6,573.8209,475.66476,0.99590033
296,0,7,517.72064,499.0307,0.94800615
296,0,8,583.2686,506.59064,0.9658242
296,0,9,513.5941,514.61597,0.730048
296,0,10,590.3425,532.32886,0.79270726
296,0,11,542.1339,528.00745,0.9940975
296,0,12,567.16516,527.89325,0.9949261
296,0,13,545.57745,572.7655,0.8852408
296,0,14,574.4746,569.76086,0.89884
296,0,15,548.26404,612.10333,0.41836652
296,0,16,575.23505,607.69257,0.44132033
297,0,0,567.7596,452.11493,0.079416305
297,0,1,566.6013,448.17136,0.03091226
297,0,2,568.1684,448.3078,0.041808978
297,0,3,555.67163,449.35864,0.58256453
297,0,4,573.8888,450.30896,0.6696647
297,0,5,545.26416,471.94055,0.990283
297,0,6,582.57996,474.7824,0.993009
297,0,7,528.7691,494.29315,0.9157664
297,0,8,590.37085,506.87512,0.94877976
297,0,9,521.78925,510.07928,0.6483663
297,0,10,595.3537,533.5716,0.74865586
297,0,11,550.2078,527.3831,0.99102575
297,0,12,574.60754,527.8426,0.9928645
297,0,13,553.2672,570.5997,0.88255244
297,0,14,580.94476,568.99097,0.9085937
297,0,15,552.7424,608.46136,0.4865642
297,0,16,578.8005,604.7627,0.53953415
297,1,0,751.255,432.66037,0.1952692
297,1,1,750.7408,428.7852,0.031051194
297,1,2,750.5615,429.5338,0.2542021
297,1,3,732.23627,428.56497,0.055613365
297,1,4,743.5491,431.8633,0.73218006
297,1,5,719.4732,443.04233,0.76515144
297,1,6,730.8749,449.74994,0.92738336
297,1,7,711.1854,462.926,0.18534906
297,1,8,725.5963,475.15396,0.73539114
297,1,9,716.80963,468.8837,0.14052266
297,1,10,726.95465,482.55612,0.48856357
297,1,11,695.11365,488.06073,0.8181836
297,1,12,704.4276,490.62708,0.8928518
297,1,13,697.4684,516.0681,0.65751386
297,1,14,718.3487,518.9496,0.80501
297,1,15,685.17755,537.3835,0.5910912
297,1,16,716.8587,543.0692,0.71949166
298,0,0,579.8223,449.2428,0.09529288
298,0,1,577.6451,445.57983,0.033295415
298,0,2,579.4426,445.49692,0.05449947
298,0,3,562.27216,446.44937,0.5688098
298,0,4,581.4143,447.4213,0.74023736
298,0,5,552.227,467.42062,0.9934856
298,0,6,589.52246,469.40613,0.9934383
298,0,7,536.92444,491.43445,0.93773866
298,0,8,599.58203,500.40375,0.9416289
298,0,9,536.0917,505.7072,0.69988364
298,0,10,601.6971,529.86884,0.71656066
298,0,11,556.47205,521.9727,0.99435943
298,0,12,581.23584,522.2456,0.9945321
298,0,13,558.216,563.46356,0.9278196
298,0,14,585.6741,563.02966,0.93014103
298,0,15,553.58826,597.4644,0.6203887
298,0,16,580.8353,596.9727,0.62130505
298,1,0,764.03143,435.0274,0.39688987
298,1,1,763.84595,430.8389,0.06716542
298,1,2,762.1357,430.7815,0.52191716
298,1,3,750.6043,430.70325,0.04739851
298,1,4,751.9952,431.9013,0.8359681
298,1,5,736.6999,447.96872,0.76176655
298,1,6,738.5607,450.3431,0.9750464
298,1,7,729.0794,473.35785,0.19957513
298,1,8,732.14514,476.47888,0.9167224
298,1,9,729.91943,488.35455,0.1450323
298,1,10,737.7961,486.76114,0.76648813
298,1,11,713.23663,483.473,0.9203433
298,1,12,713.7853,484.4621,0.97644275
298,1,13,714.29614,508.62384,0.840852
298,1,14,706.5607,514.3211,0.9534687
298,1,15,703.6685,534.009,0.7636718
298,1,16,686.89856,534.50665,0.8967698
299,0,0,584.1981,445.34546,0.07336909
299,0,1,582.53296,441.46063,0.030353993
299,0,2,584.8551,441.5163,0.03766347
299,0,3,568.78314,442.1421,0.6171704
299,0,4,589.5909,443.11807,0.67704165
299,0,5,557.1727,463.869,0.99427277
299,0,6,596.89264,465.8341,0.99328554
299,0,7,542.16113,492.0163,0.9553714
299,0,8,607.33405,498.14624,0.94558895
299,0,9,539.39,516.0453,0.76058793
299,0,10,610.8827,524.22015,0.7344741
299,0,11,564.7953,521.43097,0.99437827
299,0,12,588.7879,522.47485,0.9939843
299,0,13,579.02155,553.82874,0.92360723
299,0,14,590.5627,555.2103,0.91765326
299,0,15,586.344,585.20667,0.60524315
299,0,16,584.5825,585.3791,0.58321464
300,0,0,588.8221,442.48053,0.075571015
300,0,1,587.7851,439.0813,0.034659203
300,0,2,589.76953,439.2346,0.04207627
300,0,3,576.4687,439.79263,0.5589782
300,0,4,595.97784,440.57916,0.63109887
300,0,5,565.11993,459.4301,0.99013674
300,0,6,605.5538,461.60168,0.98690504
300,0,7,550.7441,487.03848,0.93734115
300,0,8,617.09247,493.58337,0.9081664
300,0,9,554.3139,504.38953,0.73001605
300,0,10,618.16376,518.0388,0.6499715
300,0,11,569.72217,517.7947,0.9935422
300,0,12,596.36865,518.3071,0.992502
300,0,13,568.641,549.9304,0.95491475
300,0,14,596.2331,548.81604,0.9445707
300,0,15,572.9823,590.1469,0.8095493
300,0,16,592.5165,583.95575,0.7824242
301,0,0,606.1892,435.3075,0.09672412
301,0,1,604.0316,431.54932,0.029414171
301,0,2,605.3778,431.20096,0.055659913
301,0,3,586.3438,432.42163,0.49278986
301,0,4,604.39575,433.12082,0.74135745
301,0,5,573.1245,454.04837,0.99431276
301,0,6,611.0726,456.31305,0.9948473
301,0,7,558.3644,478.0536,0.95387214
301,0,8,620.5276,486.58423,0.9594305
301,0,9,557.5931,500.79553,0.7887644
301,0,10,625.59265,509.41412,0.8000063
301,0,11,581.51544,511.52734,0.99743277
301,0,12,606.3183,512.67834,0.9974687
301,0,13,589.8021,549.30493,0.97603273
301,0,14,612.93445,546.9284,0.9748926
301,0,15,596.4587,586.4592,0.85222125
301,0,16,611.8766,579.23206,0.8458569
302,0,0,605.75055,431.58752,0.08510107
302,0,1,604.0408,428.07452,0.029801482
302,0,2,605.76764,427.99347,0.04729396
302,0,3,588.97437,429.11987,0.5457666
302,0,4,608.7857,429.7786,0.7213458
302,0,5,577.68713,450.57056,0.9934629
302,0,6,616.2592,451.59888,0.9948297
302,0,7,564.1192,476.70972,0.9441241
302,0,8,628.8563,483.1447,0.9578818
302,0,9,559.7334,501.09882,0.7706724
302,0,10,635.93524,506.32947,0.8022462
302,0,11,584.83923,506.60278,0.9982224
302,0,12,611.73254,506.58356,0.9983728
302,0,13,587.93054,546.73627,0.99081564
302,0,14,626.75946,539.1505,0.9912073
302,0,15,588.22235,590.7543,0.95827544
302,0,16,628.8977,575.21155,0.96101296
303,0,0,611.414,426.12335,0.04913694
303,0,1,610.5279,422.02228,0.017950408
303,0,2,611.7606,422.07092,0.021506807
303,0,3,596.3648,423.44553,0.6098584
303,0,4,616.5589,424.453,0.6746253
303,0,5,584.29584,447.23517,0.99629873
303,0,6,623.5388,449.18576,0.9958597
303,0,7,571.29315,475.2183,0.9698183
303,0,8,633.4159,481.30142,0.96226865
303,0,9,562.1287,500.58484,0.8256262
303,0,10,639.7385,505.79822,0.7896205
303,0,11,589.0722,507.06335,0.9986442
303,0,12,616.5106,508.07025,0.99851424
303,0,13,591.186,550.15955,0.9852556
303,0,14,627.9168,548.5818,0.98242503
303,0,15,592.41125,591.81683,0.88655496
303,0,16,631.06824,585.2686,0.87181205
304,0,0,614.5587,424.31787,0.052735668
304,0,1,613.98224,420.59927,0.021930067
304,0,2,614.9444,420.49445,0.030181741
304,0,3,603.27905,422.6167,0.55381435
304,0,4,621.9635,422.52924,0.6601489
304,0,5,593.5095,444.1831,0.9860622
304,0,6,628.7295,445.0997,0.99229395
304,0,7,579.732,458.45108,0.86644626
304,0,8,641.03534,474.60825,0.9360916
304,0,9,593.32635,445.16275,0.5383413
304,0,10,647.2712,493.98926,0.6736797
304,0,11,601.58936,500.0642,0.99394184
304,0,12,625.6472,500.11414,0.99546635
304,0,13,601.4428,544.3922,0.95530057
304,0,14,633.58496,539.88,0.96483076
304,0,15,599.1032,585.9435,0.8014671
304,0,16,636.89417,579.9694,0.8337703
305,0,0,624.4813,424.41183,0.04240111
305,0,1,623.0987,420.99506,0.016109366
305,0,2,623.8627,420.45596,0.03025346
305,0,3,608.84814,423.46375,0.5240829
305,0,4,627.41614,423.1979,0.70659566
305,0,5,599.5688,445.44382,0.97165686
305,0,6,635.32385,446.5827,0.99248934
305,0,7,586.9271,462.00317,0.6077796
305,0,8,646.24634,474.42273,0.9221756
305,0,9,601.96313,462.74323,0.202709
305,0,10,655.7157,491.84125,0.55586135
305,0,11,607.1258,502.3073,0.9886098
305,0,12,633.00195,502.0351,0.9945205
305,0,13,603.2356,542.667,0.90546364
305,0,14,644.4707,537.9503,0.9549682
305,0,15,595.5677,584.29565,0.68697834
305,0,16,645.0027,574.8457,0.8057006
305,1,0,812.03503,484.59937,0.67353415
305,1,1,812.7947,481.08698,0.13765076
305,1,2,810.5128,480.52057,0.75097984
305,1,3,810.23584,478.31854,0.020227702
305,1,4,802.06165,476.53052,0.826972
305,1,5,802.4633,490.92914,0.8980897
305,1,6,783.8974,489.30865,0.98656195
305,1,7,800.86523,522.3918,0.63755167
305,1,8,770.38745,520.9628,0.98802745
305,1,9,808.5218,541.4334,0.61436
305,1,10,783.14136,541.364,0.9654598
305,1,11,792.163,540.49146,0.89749056
305,1,12,777.21356,541.4424,0.9605047
305,1,13,810.8902,567.66425,0.34156904
305,1,14,777.2729,569.73773,0.6448201
305,1,15,812.4954,587.4388,0.08598314
305,1,16,763.4601,590.62146,0.19607082
306,0,0,633.86127,426.25635,0.069180034
306,0,1,632.1444,422.45856,0.023886817
306,0,2,633.7091,422.15274,0.032537498
306,0,3,615.42255,423.9607,0.58842015
306,0,4,636.2017,424.14346,0.6957349
306,0,5,604.4081,448.7275,0.9950388
306,0,6,644.3916,447.09778,0.9942503
306,0,7,597.18945,480.47922,0.9605421
306,0,8,654.71075,477.25513,0.95355314
306,0,9,597.7372,513.9895,0.7775966
306,0,10,661.0425,497.61475,0.7595415
306,0,11,610.34094,501.9107,0.99612
306,0,12,640.1117,500.54755,0.99578696
306,0,13,605.72906,542.7571,0.93805516
306,0,14,651.6451,536.1242,0.92988926
306,0,15,600.45154,583.74054,0.61135525
306,0,16,654.23956,571.7015,0.58641666
307,0,0,640.2284,425.4363,0.08844473
307,0,1,638.2472,421.60074,0.027819566
307,0,2,639.46063,421.45667,0.05017384
307,0,3,621.48456,423.09653,0.5439997
307,0,4,640.37585,423.54373,0.7797359
307,0,5,610.432,448.22446,0.99465406
307,0,6,649.87933,446.8907,0.9938047
307,0,7,600.88885,480.25424,0.941752
307,0,8,661.2966,476.8149,0.93173754
307,0,9,599.6613,510.64105,0.68428946
307,0,10,666.6602,494.48645,0.6602793
307,0,11,616.4955,500.78168,0.9953909
307,0,12,645.33307,499.73322,0.9949238
307,0,13,611.7935,537.5929,0.93932086
307,0,14,656.4491,532.0951,0.92898023
307,0,15,607.464,576.90106,0.6663267
307,0,16,657.3786,566.53503,0.63348806
308,0,0,641.65375,425.62958,0.09843136
308,0,1,640.0219,422.23517,0.026291013
308,0,2,640.76855,422.00137,0.0650951
308,0,3,624.48364,422.75317,0.49549326
308,0,4,641.5726,423.342,0.8131332
308,0,5,613.45624,443.15118,0.99173707
308,0,6,651.63745,442.59238,0.99598527
308,0,7,604.5921,470.71045,0.8752248
308,0,8,662.1959,470.42264,0.9587215
308,0,9,602.19574,485.56833,0.5310082
308,0,10,670.6742,485.74173,0.7625683
308,0,11,620.354,492.66632,0.99628854
308,0,12,648.35706,491.67194,0.9976109
308,0,13,615.0123,526.459,0.9683723
308,0,14,661.4258,522.5277,0.98063123
308,0,15,611.55383,566.39813,0.84659326
308,0,16,662.7463,557.1311,0.88992345
309,0,0,645.697,421.1545,0.047826838
309,0,1,645.70795,417.47647,0.021612737
309,0,2,645.068,417.66675,0.047002826
309,0,3,630.12885,418.7524,0.57301503
309,0,4,646.53815,419.54416,0.84435797
309,0,5,620.95575,438.11014,0.9943111
309,0,6,652.9721,439.43436,0.9956951
309,0,7,608.60254,465.32126,0.9178888
309,0,8,664.7195,466.7506,0.95715153
309,0,9,605.82635,480.62277,0.65968454
309,0,10,667.1394,482.94922,0.7716534
309,0,11,625.7799,486.23,0.99681747
309,0,12,648.52484,486.6153,0.9972191
309,0,13,620.3377,522.95154,0.9836277
309,0,14,655.3163,522.39276,0.98660475
309,0,15,617.5833,557.8983,0.9400333
309,0,16,661.3343,558.209,0.9478087
310,0,0,643.5964,418.27316,0.028396584
310,0,1,644.2758,414.54507,0.020560194
310,0,2,643.0215,414.5357,0.02594176
310,0,3,631.6156,415.292,0.6221796
310,0,4,647.99695,415.55194,0.74618983
310,0,5,622.7158,433.57468,0.9906584
310,0,6,655.8641,434.38977,0.9900137
310,0,7,610.813,459.6115,0.90050215
310,0,8,666.2876,461.2861,0.8990641
310,0,9,610.47064,476.6019,0.59999835
310,0,10,667.294,479.74844,0.60952437
310,0,11,630.1162,481.68243,0.99548435
310,0,12,652.58826,482.09137,0.9952918
310,0,13,630.42,519.8331,0.9846362
310,0,14,657.1085,519.4903,0.98466265
310,0,15,631.21246,555.6586,0.9523962
310,0,16,659.62115,555.6472,0.95231605
311,0,0,650.02673,411.69952,0.021242574
311,0,1,650.39886,407.84814,0.013126798
311,0,2,649.5551,407.98932,0.020518942
311,0,3,635.884,408.608,0.5098692
311,0,4,652.7127,409.29123,0.71959573
311,0,5,625.5867,427.7662,0.9899781
311,0,6,657.1172,428.84705,0.9904378
311,0,7,611.51404,456.92685,0.91317093
311,0,8,666.46313,457.76672,0.92802715
311,0,9,612.0559,470.1245,0.6576904
311,0,10,670.6071,471.45688,0.69885385
311,0,11,631.0225,479.40668,0.99670094
311,0,12,652.02094,480.12897,0.99670887
311,0,13,633.5178,519.5265,0.9891173
311,0,14,659.32825,519.4852,0.98987156
311,0,15,632.1941,556.19104,0.9620228
311,0,16,659.5372,556.65356,0.96392316
312,0,0,653.44037,409.93298,0.036595583
312,0,1,653.5441,405.99054,0.016922027
312,0,2,652.5807,406.21826,0.037498455
312,0,3,636.3961,406.88818,0.5117327
312,0,4,653.4516,407.648,0.816039
312,0,5,625.0523,426.3066,0.990849
312,0,6,657.1225,427.1824,0.9930958
312,0,7,613.49664,456.64377,0.89225733
312,0,8,666.8291,455.03046,0.94050854
312,0,9,615.7309,476.96808,0.60047483
312,0,10,672.6862,471.00208,0.71096885
312,0,11,630.3105,477.9023,0.99470407
312,0,12,652.6542,478.65646,0.99529207
312,0,13,629.3381,516.00665,0.9707022
312,0,14,660.2588,516.10223,0.975932
312,0,15,628.7088,550.2136,0.8873727
312,0,16,665.01355,551.132,0.9012556
313,0,0,655.2117,411.09213,0.07526927
313,0,1,654.02905,407.6304,0.025415365
313,0,2,655.00494,407.5753,0.043152638
313,0,3,638.2269,407.69922,0.5313493
313,0,4,656.3477,408.65802,0.7417742
313,0,5,624.2862,426.25183,0.99228173
313,0,6,662.1399,428.31155,0.9934697
313,0,7,611.795,454.73834,0.9198919
313,0,8,669.6316,458.03967,0.9343586
313,0,9,612.75104,481.96497,0.63881934
313,0,10,676.6428,467.48334,0.66889924
313,0,11,628.09546,481.0163,0.99486923
313,0,12,655.59595,482.28378,0.9950413
313,0,13,624.8884,517.02014,0.93940926
313,0,14,667.25024,515.61707,0.9366525
313,0,15,626.3903,550.38403,0.69323546
313,0,16,673.2518,544.64636,0.6822455
314,0,0,658.46576,408.49506,0.13552855
314,0,1,656.9503,405.32394,0.0424742
314,0,2,658.18915,405.2962,0.09542056
314,0,3,639.939,405.85483,0.4643224
314,0,4,658.2414,406.9164,0.7951312
314,0,5,625.66986,425.5036,0.98736936
314,0,6,664.2153,428.4127,0.99203277
314,0,7,610.3649,452.51263,0.8830004
314,0,8,672.3337,458.89026,0.93579787
314,0,9,614.47815,477.23434,0.610931
314,0,10,676.8113,470.29456,0.7170483
314,0,11,627.81006,480.98898,0.99121207
314,0,12,657.02783,482.36523,0.9926905
314,0,13,619.83075,514.62085,0.9289686
314,0,14,674.2788,512.3902,0.9378237
314,0,15,614.2541,551.8617,0.7261993
314,0,16,679.3127,545.30145,0.74902225
315,0,0,660.3552,412.23148,0.066426
315,0,1,659.3432,408.54214,0.01688552
315,0,2,659.58264,408.30283,0.054664526
315,0,3,640.6408,408.78638,0.47911155
315,0,4,660.2388,409.9734,0.85291165
315,0,5,627.3308,428.20718,0.9836559
315,0,6,665.2869,432.06152,0.9961004
315,0,7,611.6181,451.64145,0.6744539
315,0,8,674.14014,463.61545,0.95138913
315,0,9,627.356,467.04733,0.23723283
315,0,10,679.64386,474.5907,0.65532076
315,0,11,631.6308,484.42923,0.9934202
315,0,12,662.1902,485.15195,0.99700457
315,0,13,618.6172,520.4022,0.9324341
315,0,14,679.688,516.13916,0.9704216
315,0,15,608.1389,552.48224,0.74574536
315,0,16,692.76544,541.9072,0.85204977
316,0,0,651.23145,417.55624,0.0584346
316,0,1,652.27765,414.2,0.02448651
316,0,2,652.75903,414.39542,0.028234152
316,0,3,643.8917,414.5819,0.65028894
316,0,4,662.5831,415.0994,0.67669123
316,0,5,629.7036,432.77966,0.98597544
316,0,6,670.82025,436.20633,0.9943599
316,0,7,613.95184,463.4176,0.8369183
316,0,8,679.67596,471.70444,0.9480671
316,0,9,618.9617,491.524,0.4256659
316,0,10,683.2664,501.97357,0.6543201
316,0,11,630.799,492.40967,0.98769414
316,0,12,664.11896,494.727,0.9921894
316,0,13,616.3677,533.4909,0.7814326
316,0,14,690.4676,536.01385,0.8511486
316,0,15,607.5043,568.6572,0.31843033
316,0,16,701.63855,565.5452,0.40660813
317,0,0,654.31165,420.71805,0.030465035
317,0,1,655.36334,416.75192,0.02774709
317,0,2,654.9553,416.85168,0.024826623
317,0,3,644.005,418.72336,0.6983514
317,0,4,664.8012,419.53748,0.71032304
317,0,5,633.43604,439.9434,0.9892524
317,0,6,671.71844,442.02637,0.9849764
317,0,7,620.1257,465.71173,0.9222948
317,0,8,680.7186,472.89603,0.8819231
317,0,9,626.6671,483.36426,0.6501272
317,0,10,681.99445,500.6681,0.5832716
317,0,11,640.2275,496.66486,0.9861355
317,0,12,665.25366,497.52734,0.9836435
317,0,13,642.1584,538.52185,0.8769982
317,0,14,668.03516,538.4106,0.85991716
317,0,15,646.9401,568.3374,0.5267294
317,0,16,667.33405,567.847,0.49856788
318,0,0,653.10364,429.44022,0.04146787
318,0,1,654.11664,425.1278,0.039826997
318,0,2,653.1869,425.51535,0.03276794
318,0,3,643.5996,426.33466,0.7210857
318,0,4,663.9637,427.5251,0.70861685
318,0,5,632.99866,447.6319,0.98657656
318,0,6,672.06744,450.03247,0.98008245
318,0,7,625.0291,473.43408,0.88323915
318,0,8,681.6796,478.06738,0.8052251
318,0,9,633.5271,489.49432,0.5338732
318,0,10,677.68274,495.57056,0.4335633
318,0,11,639.55756,503.83514,0.97697246
318,0,12,666.114,504.96838,0.97213674
318,0,13,637.4458,544.5581,0.78928816
318,0,14,666.38257,545.7194,0.75456434
318,0,15,641.6386,574.4447,0.42064852
318,0,16,665.2754,575.4029,0.385733
319,0,0,822.57324,467.39148,0.009378209
319,0,1,822.98627,463.50003,0.009245287
319,0,2,822.6756,463.69342,0.008251626
319,0,3,808.7921,466.04517,0.3820768
319,0,4,826.82825,467.541,0.38546982
319,0,5,799.7634,485.36923,0.93239194
319,0,6,826.7791,489.80634,0.90848124
319,0,7,786.40796,503.76184,0.81252915
319,0,8,825.7575,516.1637,0.68796086
319,0,9,784.4448,521.14716,0.48929372
319,0,10,824.6975,542.47314,0.36492848
319,0,11,805.35486,532.375,0.94909894
319,0,12,821.75476,534.5296,0.9362093
319,0,13,810.1286,573.4748,0.7594104
319,0,14,819.87976,575.0426,0.70984054
319,0,15,820.33417,601.73456,0.41518357
319,0,16,823.45776,603.2019,0.37016186
319,1,0,653.3495,434.12448,0.0409053
319,1,1,653.31836,430.53522,0.033907857
319,1,2,653.1966,430.70847,0.03284331
319,1,3,642.3752,431.44525,0.63937247
319,1,4,661.02203,431.86658,0.70593613
319,1,5,630.4527,450.2037,0.9758763
319,1,6,668.93726,451.34384,0.97346324
319,1,7,622.11053,475.16077,0.80638933
319,1,8,678.8037,476.29413,0.7742022
319,1,9,631.6724,484.73053,0.41544077
319,1,10,675.068,481.46472,0.38539714
319,1,11,637.1954,504.82336,0.953038
319,1,12,663.7589,505.8153,0.948482
319,1,13,634.32214,542.7272,0.5703916
319,1,14,669.3008,544.37213,0.5564895
319,1,15,633.40485,573.1665,0.21465215
319,1,16,667.4752,574.66235,0.21099582
319,2,0,653.1404,433.85205,0.027917847
319,2,1,653.38257,430.3536,0.023012942
319,2,2,653.2058,430.2415,0.022768173
319,2,3,642.397,431.70837,0.54882914
319,2,4,661.71045,431.43903,0.634766
319,2,5,631.5309,450.5891,0.9560941
319,2,6,669.4516,450.8379,0.9550551
319,2,7,622.2824,474.8886,0.7371745
319,2,8,676.8949,475.77963,0.71942
319,2,9,632.44476,483.0161,0.35365996
319,2,10,672.05804,482.0193,0.3437004
319,2,11,637.5668,505.24084,0.9374027
319,2,12,663.59106,505.68787,0.93423444
319,2,13,638.124,543.1682,0.60126054
319,2,14,667.65436,543.9578,0.5977014
319,2,15,639.19385,570.02637,0.24805962
319,2,16,666.38,570.8634,0.24861154
320,0,0,807.0203,463.73987,0.0683268
320,0,1,807.94965,459.9666,0.043195836
320,0,2,808.7791,460.44925,0.02766889
320,0,3,803.2836,461.7049,0.58361524
320,0,4,819.5688,462.3758,0.41522968
320,0,5,793.33777,479.9228,0.9881516
320,0,6,822.88043,485.65765,0.95564884
320,0,7,769.4053,497.00812,0.95110226
320,0,8,819.03845,513.5068,0.7312053
320,0,9,781.8453,525.7428,0.78339195
320,0,10,809.9645,537.59735,0.43015358
320,0,11,797.76953,531.07697,0.98965013
320,0,12,818.90466,533.2371,0.9790333
320,0,13,791.6937,569.6548,0.9281911
320,0,14,818.78986,572.4144,0.8488005
320,0,15,790.202,609.10376,0.6996594
320,0,16,822.5607,609.34357,0.5449256
320,1,0,649.1445,433.9354,0.02486408
320,1,1,650.16614,430.34787,0.025344031
320,1,2,648.73126,430.0614,0.020241598
320,1,3,638.26086,432.23135,0.72551054
320,1,4,655.94965,432.0064,0.7014104
320,1,5,628.71844,452.49796,0.9837982
320,1,6,664.82196,453.47964,0.9779063
320,1,7,615.75604,477.44638,0.87402165
320,1,8,672.5906,484.23328,0.80377805
320,1,9,618.5487,487.40225,0.47874466
320,1,10,671.43,504.3803,0.39336744
320,1,11,635.8349,507.11298,0.9639067
320,1,12,659.9325,507.4616,0.95681024
320,1,13,637.6837,548.98083,0.59832615
320,1,14,665.0914,548.4228,0.5572992
320,1,15,640.61194,577.6559,0.18109867
320,1,16,666.16113,576.97107,0.16387509
321,0,0,797.56085,456.48898,0.059023455
321,0,1,798.095,452.27625,0.03732805
321,0,2,800.0259,452.9152,0.02470179
321,0,3,793.14453,453.74423,0.52090305
321,0,4,813.26514,454.5313,0.3700851
321,0,5,783.5531,473.76886,0.9802096
321,0,6,816.7266,479.60135,0.9383116
321,0,7,763.4032,492.87634,0.92488796
321,0,8,816.17053,510.01135,0.6859697
321,0,9,772.3188,521.5168,0.7304714
321,0,10,807.099,539.1299,0.40493366
321,0,11,786.7976,523.8525,0.98973465
321,0,12,811.25446,526.1711,0.981202
321,0,13,782.99475,568.0634,0.96115774
321,0,14,816.6632,570.715,0.92548317
321,0,15,778.6191,616.6206,0.8698677
321,0,16,823.84436,614.04895,0.79740894
321,1,0,633.37994,435.26154,0.030666387
321,1,1,635.056,431.51068,0.032630842
321,1,2,634.83795,431.7502,0.019859249
321,1,3,630.27234,433.3357,0.8060877
321,1,4,649.5028,433.54968,0.70906585
321,1,5,620.7143,453.9886,0.98890543
321,1,6,657.36053,454.0545,0.9821867
321,1,7,610.1736,486.4673,0.9086584
321,1,8,667.29364,484.0805,0.82451993
321,1,9,608.9355,513.30145,0.52308387
321,1,10,668.4566,508.1446,0.3949808
321,1,11,627.74945,509.75452,0.9472301
321,1,12,653.15753,510.16785,0.9345515
321,1,13,624.5163,551.7008,0.30576205
321,1,14,661.46606,552.087,0.26170263
321,1,15,626.1098,577.78894,0.04338704
321,1,16,667.6453,577.7186,0.037184726
322,0,0,798.9347,455.17706,0.034633245
322,0,1,797.9105,451.05807,0.016059145
322,0,2,800.3397,451.4107,0.015643818
322,0,3,786.14685,452.2872,0.36265498
322,0,4,807.49615,453.73203,0.35897687
322,0,5,776.461,473.11856,0.97611064
322,0,6,812.3482,478.8578,0.9600841
322,0,7,757.7419,493.23627,0.9264552
322,0,8,815.14905,510.74414,0.84392697
322,0,9,764.9678,519.02435,0.76252955
322,0,10,812.31635,543.46674,0.5904378
322,0,11,777.4035,528.69415,0.99400604
322,0,12,802.5146,530.89874,0.99165547
322,0,13,775.5073,573.5541,0.9756354
322,0,14,804.542,573.0557,0.9622834
322,0,15,773.25757,620.4835,0.9029732
322,0,16,805.59753,617.63654,0.8686187
323,0,0,791.766,450.0012,0.04532151
323,0,1,791.80304,445.62112,0.025230331
323,0,2,793.32446,446.22275,0.020686565
323,0,3,782.18494,447.82648,0.625059
323,0,4,802.496,449.059,0.57334095
323,0,5,770.2043,471.49268,0.9944517
323,0,6,807.7325,475.55618,0.9785023
323,0,7,751.0579,492.58075,0.9621266
323,0,8,813.2515,503.54675,0.7729968
323,0,9,758.374,516.258,0.7678363
323,0,10,806.90796,521.61774,0.3909804
323,0,11,771.866,528.3447,0.99600875
323,0,12,797.1521,529.75616,0.99155575
323,0,13,771.1596,571.3089,0.96746325
323,0,14,796.6984,572.1006,0.92279387
323,0,15,771.2993,615.67426,0.8217764
323,0,16,795.66406,612.9927,0.6893489
323,1,0,792.90137,449.77484,0.0466534
323,1,1,793.3733,445.86914,0.038118865
323,1,2,793.6943,446.33936,0.036256853
323,1,3,781.98016,448.42105,0.6187006
323,1,4,801.8375,450.1283,0.60420305
323,1,5,770.561,471.4155,0.9734327
323,1,6,807.3822,474.7296,0.96097034
323,1,7,755.40424,495.015,0.8243599
323,1,8,812.33765,501.87262,0.7362648
323,1,9,758.3504,512.1255,0.45995662
323,1,10,808.4878,521.5716,0.3731241
323,1,11,773.0046,528.886,0.9438541
323,1,12,797.1263,530.096,0.9324231
323,1,13,770.5036,568.2832,0.52914494
323,1,14,796.3013,569.41016,0.47947112
323,1,15,776.7601,597.8407,0.18149157
323,1,16,793.7825,599.38104,0.16047768
324,0,0,780.6469,451.8995,0.0657538
324,0,1,780.68506,447.62286,0.03662088
324,0,2,782.7624,448.25638,0.032226913
324,0,3,774.4435,448.89374,0.67229295
324,0,4,795.5367,449.56848,0.62705296
324,0,5,763.04517,472.52106,0.993501
324,0,6,804.42255,475.02747,0.9894526
324,0,7,745.6398,497.13568,0.94449174
324,0,8,811.9909,505.94116,0.8898433
324,0,9,753.0878,517.61584,0.71967405
324,0,10,807.5039,532.301,0.57579094
324,0,11,767.29297,530.99475,0.9962684
324,0,12,794.6056,531.9712,0.9951552
324,0,13,771.5696,572.7438,0.97445947
324,0,14,796.31415,573.1688,0.96472746
324,0,15,775.5699,616.81287,0.8800027
324,0,16,793.43677,613.1844,0.8506063
324,1,0,602.76855,431.59027,0.051684916
324,1,1,604.11127,428.34106,0.055119827
324,1,2,605.39966,428.2314,0.026700977
324,1,3,604.1828,430.0019,0.74788415
324,1,4,621.03375,429.3889,0.49563918
324,1,5,598.5181,449.87662,0.9735335
324,1,6,629.78894,449.73285,0.95593786
324,1,7,585.9333,476.43555,0.805752
324,1,8,635.49445,479.04056,0.6527503
324,1,9,583.2956,487.4184,0.38351128
324,1,10,635.08136,495.67346,0.27165446
324,1,11,604.69684,500.88672,0.8864874
324,1,12,625.98016,500.4527,0.8621297
324,1,13,597.6653,528.2301,0.2887756
324,1,14,626.20514,527.6626,0.23752362
324,1,15,600.2781,550.66455,0.0812174
324,1,16,627.50665,550.29486,0.06794027
325,0,0,775.36945,452.45282,0.066580474
325,0,1,774.8476,448.24643,0.035973176
325,0,2,777.16846,448.5745,0.032134682
325,0,3,767.2031,449.53046,0.6789153
325,0,4,788.9877,449.67923,0.6320805
325,0,5,756.3794,473.16196,0.99456364
325,0,6,799.0647,475.1183,0.990864
325,0,7,740.9883,499.82184,0.95664996
325,0,8,811.89856,506.64435,0.91166985
325,0,9,749.39246,525.02747,0.7664796
325,0,10,813.3862,529.94977,0.64041406
325,0,11,763.5667,532.12897,0.99677473
325,0,12,790.58777,533.06036,0.9957852
325,0,13,772.9521,571.9449,0.9775622
325,0,14,792.1842,573.22186,0.9694458
325,0,15,778.7434,617.10785,0.88926363
325,0,16,787.14716,616.95386,0.8623626
326,0,0,766.25433,453.99573,0.07169762
326,0,1,765.90753,449.86285,0.0365191
326,0,2,768.301,450.12613,0.034336302
326,0,3,758.8648,451.31958,0.6373732
326,0,4,780.60004,451.04706,0.6134278
326,0,5,748.3235,475.21912,0.9915451
326,0,6,791.65094,475.5782,0.9908954
326,0,7,735.23303,502.30426,0.9359861
326,0,8,809.1851,504.63574,0.9246341
326,0,9,740.61633,522.1656,0.7328175
326,0,10,815.73267,527.93036,0.68525904
326,0,11,754.7585,534.9001,0.99576414
326,0,12,782.58374,535.6258,0.9954472
326,0,13,759.0773,572.95325,0.9733912
326,0,14,784.7607,574.094,0.9689367
326,0,15,760.70074,617.1217,0.88044655
326,0,16,779.14355,617.2373,0.8676979
326,1,0,585.9667,429.60626,0.12498653
326,1,1,587.0519,425.60165,0.13239495
326,1,2,587.6331,425.46777,0.039234135
326,1,3,588.8956,426.4118,0.78449875
326,1,4,603.3716,424.51624,0.31022623
326,1,5,589.5933,446.40854,0.98610187
326,1,6,613.3122,443.98083,0.9059033
326,1,7,582.05566,472.4969,0.8792985
326,1,8,616.5079,470.51547,0.2751415
326,1,9,576.37384,483.29877,0.50184524
326,1,10,604.03894,483.92746,0.09458372
326,1,11,604.02716,496.11902,0.9785397
326,1,12,621.35675,494.849,0.9438947
326,1,13,600.70874,531.9587,0.90905446
326,1,14,625.4941,531.2502,0.7656229
326,1,15,604.9143,563.6743,0.7694262
326,1,16,634.56903,559.53326,0.5829829
327,0,0,577.39514,430.69952,0.08679919
327,0,1,578.383,426.92175,0.08444699
327,0,2,578.7445,426.7211,0.025678359
327,0,3,579.91284,427.65216,0.63988143
327,0,4,592.4164,425.76352,0.23822233
327,0,5,584.27124,444.5924,0.9845206
327,0,6,603.16565,443.354,0.8336961
327,0,7,584.81824,472.54504,0.9291492
327,0,8,605.5425,470.97632,0.2262727
327,0,9,574.8607,490.83527,0.67177224
327,0,10,588.08215,486.65524,0.0946485
327,0,11,600.5848,493.03674,0.9816582
327,0,12,615.0804,492.68042,0.93367547
327,0,13,595.8043,530.28613,0.9230734
327,0,14,617.3906,530.71313,0.72046727
327,0,15,602.4226,562.94183,0.76621234
327,0,16,623.8741,563.5466,0.49377435
327,1,0,752.11835,456.05872,0.011925058
327,1,1,753.1533,452.38446,0.014822503
327,1,2,755.1482,452.47147,0.008188243
327,1,3,751.686,454.23566,0.81218034
327,1,4,770.55853,453.94156,0.66155565
327,1,5,744.2123,475.54272,0.99349207
327,1,6,781.2231,476.00525,0.99020094
327,1,7,729.98004,499.7876,0.93418753
327,1,8,802.30066,501.39868,0.89137244
327,1,9,723.27783,515.43567,0.5785299
327,1,10,813.3065,517.98627,0.496841
327,1,11,750.75684,533.11176,0.99113655
327,1,12,773.72253,533.0637,0.9892504
327,1,13,748.18506,569.63995,0.87913245
327,1,14,777.32825,569.4075,0.86058843
327,1,15,748.5263,606.2236,0.5622134
327,1,16,776.5598,606.0594,0.53431815
328,0,0,565.33167,432.4347,0.1620966
328,0,1,565.8896,429.3662,0.2241648
328,0,2,566.0287,429.18686,0.022045637
328,0,3,569.7744,429.61523,0.7327198
328,0,4,578.42755,428.32855,0.033554457
328,0,5,579.37006,445.10217,0.9491753
328,0,6,590.6839,442.37805,0.8033075
328,0,7,583.9385,472.91946,0.8776874
328,0,8,593.1532,468.60147,0.28121215
328,0,9,575.52075,494.74957,0.7040662
328,0,10,580.50854,489.68604,0.22254127
328,0,11,600.922,491.9312,0.9683774
328,0,12,608.01385,490.3781,0.937001
328,0,13,591.4005,526.64844,0.9487528
328,0,14,595.9102,524.7199,0.88089585
328,0,15,600.01483,561.724,0.8961229
328,0,16,600.40027,557.9726,0.8129166
328,1,0,745.0051,455.6549,0.044634454
328,1,1,745.8334,451.56775,0.025595825
328,1,2,747.3995,451.87936,0.02094516
328,1,3,742.194,453.46585,0.6717204
328,1,4,762.49915,452.69934,0.60950464
328,1,5,735.6652,474.38196,0.9905963
328,1,6,774.53033,474.33426,0.98475707
328,1,7,727.16284,502.8285,0.88160366
328,1,8,790.7907,499.02045,0.7911327
328,1,9,723.7247,523.3576,0.5009538
328,1,10,797.522,520.1307,0.37636143
328,1,11,739.431,532.14154,0.99543977
328,1,12,767.13745,532.38245,0.99442863
328,1,13,725.5944,566.08105,0.975112
328,1,14,767.7899,572.52356,0.96775645
328,1,15,714.2727,604.088,0.91175544
328,1,16,763.5471,615.65576,0.8911144
328,2,0,743.44025,455.43436,0.021058014
328,2,1,744.83453,451.4098,0.027036225
328,2,2,745.7883,451.5518,0.0115615055
328,2,3,743.7828,453.23352,0.84319896
328,2,4,763.18243,452.8786,0.6056514
328,2,5,735.8715,475.18533,0.99118817
328,2,6,773.7228,474.34225,0.9842829
328,2,7,725.5226,504.79858,0.8993931
328,2,8,790.9249,501.29572,0.7878637
328,2,9,725.0796,526.22754,0.48109692
328,2,10,795.48425,519.166,0.34073812
328,2,11,741.22955,532.4951,0.98506135
328,2,12,767.1094,531.9698,0.9809398
328,2,13,732.097,571.0451,0.8431664
328,2,14,770.0535,570.8264,0.80319583
328,2,15,727.07214,609.495,0.5161683
328,2,16,768.45935,608.88477,0.46615124
329,0,0,554.4134,435.77304,0.24222326
329,0,1,555.0371,432.66306,0.3230613
329,0,2,555.4128,432.7006,0.028887471
329,0,3,560.9817,432.41702,0.7436361
329,0,4,567.3616,431.73993,0.02260203
329,0,5,573.7779,447.2495,0.9544226
329,0,6,580.5759,445.8582,0.8028656
329,0,7,577.84204,474.32373,0.91713274
329,0,8,580.3431,472.99078,0.33341014
329,0,9,564.26636,490.03424,0.82555306
329,0,10,566.4392,488.39215,0.33410308
329,0,11,599.9129,496.98688,0.9774719
329,0,12,604.02856,495.6303,0.9524113
329,0,13,582.69165,529.46985,0.97393143
329,0,14,586.3461,527.6349,0.93072134
329,0,15,592.373,567.6344,0.9457032
329,0,16,594.5628,564.0592,0.88981676
329,1,0,732.21924,455.58875,0.0120397
329,1,1,733.4692,451.97842,0.017645745
329,1,2,734.16125,451.5596,0.0062067634
329,1,3,733.13446,453.97424,0.8158888
329,1,4,752.84186,452.37573,0.52041835
329,1,5,726.1123,474.5053,0.9788495
329,1,6,767.24005,472.78436,0.96387565
329,1,7,715.52606,495.27808,0.79690474
329,1,8,785.16864,497.04822,0.6115034
329,1,9,721.00854,494.41583,0.28779933
329,1,10,784.78314,504.84283,0.1842712
329,1,11,733.9416,532.79504,0.963074
329,1,12,762.01184,531.71063,0.9534198
329,1,13,726.71454,576.43396,0.6477522
329,1,14,766.3239,575.2565,0.5843854
329,1,15,722.3765,615.79456,0.27173278
329,1,16,763.94305,613.5795,0.2367289
330,0,0,546.80133,437.50217,0.13688982
330,0,1,546.99524,433.7688,0.12648417
330,0,2,548.70374,433.4947,0.022753868
330,0,3,549.5086,434.73642,0.56663
330,0,4,562.2036,433.22678,0.06631254
330,0,5,566.1822,449.3802,0.9746718
330,0,6,569.2993,450.1654,0.84580475
330,0,7,581.4125,471.979,0.96085554
330,0,8,576.6648,477.32733,0.5421324
330,0,9,567.77045,492.22955,0.90934503
330,0,10,563.3944,493.10547,0.46940142
330,0,11,589.99744,496.98358,0.9927597
330,0,12,593.0256,496.79932,0.98011976
330,0,13,573.12177,529.0919,0.9884899
330,0,14,581.00433,528.99243,0.961328
330,0,15,580.22925,571.89233,0.9635399
330,0,16,593.3313,571.3094,0.91162467
330,1,0,727.62354,449.41165,0.045459114
330,1,1,728.05853,445.318,0.025647253
330,1,2,729.45215,445.52917,0.017048689
330,1,3,722.5414,446.66614,0.7042285
330,1,4,742.2435,446.04205,0.61315995
330,1,5,717.3738,468.388,0.9964729
330,1,6,756.76855,468.46616,0.9858337
330,1,7,709.5326,497.2835,0.9678624
330,1,8,771.54065,492.7071,0.78480077
330,1,9,690.7863,508.61505,0.7739651
330,1,10,768.3075,504.32513,0.39232448
330,1,11,721.88434,525.2713,0.9975809
330,1,12,750.43774,525.9867,0.9950223
330,1,13,708.8721,562.09344,0.97999406
330,1,14,756.87103,568.5462,0.9529963
330,1,15,705.55237,602.757,0.8834535
330,1,16,758.75433,616.11676,0.78541
330,2,0,726.9792,449.20697,0.008395449
330,2,1,727.3569,445.44724,0.010041333
330,2,2,728.8304,445.4684,0.005875342
330,2,3,721.90247,447.40753,0.7775351
330,2,4,743.69415,446.72333,0.6521025
330,2,5,716.10767,469.5288,0.99001944
330,2,6,756.4962,468.0511,0.9856878
330,2,7,704.00977,500.1327,0.9097685
330,2,8,774.32056,496.0072,0.8552746
330,2,9,693.638,508.2815,0.498151
330,2,10,769.61554,502.9676,0.41472805
330,2,11,721.8299,526.54767,0.98590094
330,2,12,750.166,525.2416,0.9831359
330,2,13,710.3212,570.08496,0.7857285
330,2,14,754.10126,568.6038,0.7537707
330,2,15,706.0058,613.3707,0.3475877
330,2,16,758.72485,611.8486,0.31916586
331,0,0,540.7085,451.57785,0.26893297
331,0,1,540.9463,447.7163,0.30807915
331,0,2,541.1395,448.18134,0.045736175
331,0,3,546.5995,444.96518,0.71295893
331,0,4,552.7104,445.4692,0.057770148
331,0,5,565.1257,456.7467,0.9781155
331,0,6,560.84784,459.97375,0.78297794
331,0,7,575.94775,477.8998,0.9588175
331,0,8,563.52734,485.1223,0.3329066
331,0,9,555.9546,487.76562,0.8888787
331,0,10,549.46375,492.11084,0.28149912
331,0,11,586.0881,503.84528,0.98359424
331,0,12,584.94,504.97668,0.94441706
331,0,13,562.3945,531.0871,0.96846485
331,0,14,574.5583,535.8402,0.8718538
331,0,15,572.5997,571.0493,0.9118779
331,0,16,594.36237,572.15625,0.7614921
331,1,0,713.92395,444.37183,0.039373375
331,1,1,714.9998,440.5948,0.020998465
331,1,2,716.6991,440.78177,0.014199627
331,1,3,712.1745,442.52228,0.7275144
331,1,4,732.9261,441.49222,0.6217667
331,1,5,707.73895,464.14948,0.9965842
331,1,6,746.5088,462.64633,0.99179626
331,1,7,700.19495,492.3642,0.9637042
331,1,8,762.88617,485.11853,0.87856567
331,1,9,690.68915,505.66425,0.7316902
331,1,10,761.16394,499.0351,0.5038102
331,1,11,711.8634,519.6386,0.9980254
331,1,12,740.81744,519.32086,0.99699414
331,1,13,700.3263,556.1121,0.9774825
331,1,14,751.93896,559.80084,0.96335065
331,1,15,698.2672,598.8098,0.848975
331,1,16,759.3211,606.2411,0.7873229
331,2,0,712.5895,444.29266,0.01437997
331,2,1,713.5984,440.42123,0.018294284
331,2,2,714.4793,440.32635,0.0076576816
331,2,3,712.7669,442.3062,0.8442821
331,2,4,732.9068,441.08667,0.6445356
331,2,5,707.491,464.0293,0.994222
331,2,6,745.97174,461.24637,0.98970896
331,2,7,697.75964,494.8994,0.94119865
331,2,8,762.69104,488.33862,0.8646251
331,2,9,691.6501,506.2176,0.6019706
331,2,10,758.8227,498.3604,0.45428967
331,2,11,713.30884,519.67035,0.99122787
331,2,12,741.0211,518.07806,0.9887382
331,2,13,702.2268,558.39325,0.8818969
331,2,14,748.11786,556.87885,0.8510904
331,2,15,694.8039,595.88403,0.5341106
331,2,16,752.0226,593.8323,0.48602393
332,0,0,531.7347,453.41266,0.20860317
332,0,1,531.8279,449.8616,0.24998665
332,0,2,533.23035,449.72253,0.038088925
332,0,3,535.3741,449.05643,0.7304223
332,0,4,545.2829,448.2046,0.08171535
332,0,5,554.7351,460.92566,0.9833534
332,0,6,551.9672,463.9358,0.8045664
332,0,7,570.37494,480.49576,0.9645147
332,0,8,556.52985,488.43933,0.30860487
332,0,9,550.18463,488.4082,0.884744
332,0,10,541.47736,492.1253,0.22741456
332,0,11,578.5412,506.01978,0.9851365
332,0,12,576.3459,507.28473,0.94284016
332,0,13,566.9297,536.8932,0.95802593
332,0,14,563.098,539.8983,0.81411266
332,0,15,593.2239,571.7242,0.8545861
332,0,16,585.63477,572.72797,0.61820227
332,1,0,707.2227,441.35373,0.036313403
332,1,1,707.8435,437.41095,0.017552625
332,1,2,708.4551,437.50732,0.01716179
332,1,3,704.73755,438.50467,0.59616196
332,1,4,722.3398,438.0535,0.5618541
332,1,5,700.4017,460.3364,0.97841734
332,1,6,736.02905,460.79895,0.99058867
332,1,7,693.1949,487.4137,0.75597435
332,1,8,750.3729,492.3451,0.91362363
332,1,9,689.68274,501.88635,0.31869
332,1,10,756.6539,517.12646,0.56347215
332,1,11,705.15826,518.9438,0.99045193
332,1,12,732.57715,518.77924,0.99424416
332,1,13,695.6762,557.2374,0.90909135
332,1,14,747.47003,557.3511,0.94650126
332,1,15,695.6439,599.53107,0.6641079
332,1,16,761.9144,599.29236,0.7567389
332,2,0,704.75104,441.23547,0.008626792
332,2,1,705.4976,437.61716,0.010940573
332,2,2,707.0555,437.15656,0.0048994063
332,2,3,703.8155,439.4909,0.76383245
332,2,4,724.0405,437.90344,0.5526566
332,2,5,700.54584,460.88544,0.987755
332,2,6,738.25037,460.35992,0.9803255
332,2,7,692.80273,486.71854,0.89854395
332,2,8,753.897,493.8189,0.8034739
332,2,9,690.2062,496.95807,0.4644805
332,2,10,754.4268,516.5628,0.35137144
332,2,11,705.9726,518.4203,0.9822657
332,2,12,732.8545,517.2924,0.97784996
332,2,13,696.7784,555.1652,0.78342223
332,2,14,738.18945,553.44794,0.7415765
332,2,15,692.9352,589.23895,0.40898332
332,2,16,743.30817,587.1437,0.37157947
333,0,0,694.3394,441.49368,0.064259626
333,0,1,695.13727,437.29016,0.030987497
333,0,2,696.41095,437.3521,0.020590637
333,0,3,693.4831,437.7666,0.731343
333,0,4,713.2015,436.7386,0.57523113
333,0,5,689.91614,458.19827,0.9952963
333,0,6,725.57184,459.20316,0.99493474
333,0,7,679.4026,486.83777,0.9555482
333,0,8,738.11255,488.77026,0.9518935
333,0,9,669.4807,505.92633,0.7767925
333,0,10,743.797,513.34,0.7837185
333,0,11,694.10406,513.1028,0.99796766
333,0,12,721.87415,514.092,0.9981034
333,0,13,680.9622,543.16235,0.9830784
333,0,14,737.09576,552.32306,0.9849961
333,0,15,675.8991,578.8515,0.9059988
333,0,16,754.96454,594.01575,0.9123016
333,1,0,518.1112,464.1213,0.20020767
333,1,1,518.32104,460.21106,0.22120008
333,1,2,519.36456,459.55844,0.03565065
333,1,3,523.44836,458.3166,0.68433046
333,1,4,536.00085,455.16928,0.091233365
333,1,5,540.9193,469.75552,0.97487664
333,1,6,548.327,467.99152,0.79968756
333,1,7,542.7163,494.60803,0.94377637
333,1,8,546.3982,496.41766,0.3154984
333,1,9,519.4612,504.21124,0.8368949
333,1,10,522.47034,505.74347,0.23273458
333,1,11,573.8335,512.50616,0.9774431
333,1,12,581.01575,510.97955,0.9283347
333,1,13,551.20447,545.2501,0.9413234
333,1,14,567.4012,541.9689,0.7869937
333,1,15,560.1952,579.64105,0.81438303
333,1,16,587.89636,576.0702,0.59092724
334,0,0,685.4065,442.2414,0.03917771
334,0,1,687.2716,438.26685,0.02128026
334,0,2,687.86176,438.34882,0.01738718
334,0,3,686.79,439.72906,0.48209104
334,0,4,703.0775,438.83252,0.43303144
334,0,5,682.0939,457.49457,0.9654376
334,0,6,714.8839,460.51035,0.9607401
334,0,7,669.7899,485.22324,0.7702196
334,0,8,725.5314,491.76428,0.7260249
334,0,9,665.749,495.4032,0.42487702
334,0,10,725.12054,520.59973,0.38339573
334,0,11,687.47644,509.80334,0.9871306
334,0,12,713.19574,512.2275,0.98684597
334,0,13,675.1085,540.8011,0.9566735
334,0,14,726.22864,550.32263,0.95536315
334,0,15,676.6316,578.17615,0.89040804
334,0,16,744.0608,599.37604,0.88517016
335,0,0,675.28235,437.77496,0.06737313
335,0,1,676.8163,433.4541,0.045717843
335,0,2,677.5777,433.5628,0.028848914
335,0,3,676.7678,434.74188,0.7148508
335,0,4,693.90967,433.61557,0.5451155
335,0,5,671.67444,456.22147,0.9860486
335,0,6,707.349,455.62808,0.9829197
335,0,7,663.5902,485.46143,0.8005085
335,0,8,715.9179,486.5378,0.73421323
335,0,9,656.863,503.69,0.35889703
335,0,10,711.4736,507.48877,0.30434313
335,0,11,678.87885,510.46008,0.99346364
335,0,12,705.03735,510.1225,0.99302775
335,0,13,680.01086,552.6089,0.97143686
335,0,14,717.6408,551.2767,0.9692815
335,0,15,689.14276,595.4088,0.91251814
335,0,16,731.1219,597.593,0.90866804
336,0,0,667.49585,435.27838,0.11661096
336,0,1,668.89996,431.41763,0.0798912
336,0,2,670.59155,431.8043,0.038143963
336,0,3,669.5361,432.75958,0.7436527
336,0,4,686.7584,432.11316,0.46428627
336,0,5,664.421,451.31067,0.98846453
336,0,6,701.6429,453.08627,0.97865355
336,0,7,656.38055,481.62924,0.9018138
336,0,8,709.04224,476.7964,0.76424485
336,0,9,648.6923,500.61597,0.6536358
336,0,10,709.9682,497.30902,0.4522499
336,0,11,672.43115,503.5323,0.98788446
336,0,12,698.58777,506.60077,0.9835881
336,0,13,665.5483,528.11194,0.9432345
336,0,14,705.0327,543.02893,0.9180797
336,0,15,673.483,562.7062,0.8156118
336,0,16,708.72205,591.92773,0.75617844
337,0,0,660.3586,424.93204,0.013693212
337,0,1,661.55334,421.1937,0.017624406
337,0,2,662.6732,420.76962,0.007062314
337,0,3,661.3044,423.72693,0.7008279
337,0,4,680.702,421.69296,0.42401394
337,0,5,658.267,446.5766,0.9834508
337,0,6,693.28326,443.70062,0.969497
337,0,7,650.9207,477.30493,0.89303786
337,0,8,702.4969,473.99005,0.74321616
337,0,9,646.96155,495.0539,0.50651556
337,0,10,697.27216,494.3778,0.33832204
337,0,11,667.91516,499.38464,0.9802171
337,0,12,691.8199,497.8338,0.973834
337,0,13,663.75745,532.5115,0.8617166
337,0,14,692.2907,530.88007,0.82050306
337,0,15,668.00916,561.1678,0.6134995
337,0,16,695.42145,559.3434,0.55908567
337,1,0,515.96906,503.46045,0.7861384
337,1,1,519.2189,499.13214,0.8075084
337,1,2,512.6092,500.06348,0.47843143
337,1,3,526.1306,498.14984,0.7466097
337,1,4,508.92868,500.8567,0.12803818
337,1,5,535.74744,511.6817,0.94615495
337,1,6,508.9153,515.6817,0.8885891
337,1,7,536.1094,531.3648,0.88145906
337,1,8,499.9035,535.9091,0.62682277
337,1,9,513.19086,535.7243,0.8016025
337,1,10,501.09647,534.76373,0.56216466
337,1,11,537.2074,555.0598,0.7065081
337,1,12,517.7518,555.64264,0.6204033
337,1,13,520.6716,554.19165,0.19776765
337,1,14,493.34848,555.1528,0.1175155
337,1,15,522.24744,577.62726,0.059345964
337,1,16,496.18518,578.9764,0.037698373
338,0,0,653.50256,421.7177,0.022586249
338,0,1,654.4561,417.87308,0.033665255
338,0,2,655.9609,417.5276,0.0058086696
338,0,3,658.05646,418.9177,0.8067074
338,0,4,675.5659,416.90903,0.20479517
338,0,5,655.04987,440.39572,0.9818553
338,0,6,689.3669,437.02228,0.9541723
338,0,7,647.94867,470.00507,0.899265
338,0,8,699.2109,463.87543,0.59003043
338,0,9,644.06885,487.1374,0.5533003
338,0,10,691.0667,478.7443,0.25009838
338,0,11,663.0378,494.68097,0.97645205
338,0,12,685.815,493.14465,0.96297455
338,0,13,661.8514,528.19556,0.83834606
338,0,14,685.8802,527.4566,0.7511093
338,0,15,667.4775,552.8795,0.57808447
338,0,16,686.205,551.62146,0.47981218
339,0,0,647.4459,414.56158,0.03362644
339,0,1,649.0081,410.74942,0.054049756
339,0,2,649.3269,410.28635,0.008139243
339,0,3,654.0712,412.11523,0.8148088
339,0,4,669.3662,410.09747,0.17187297
339,0,5,652.1792,433.30185,0.97252977
339,0,6,684.2951,430.857,0.9236536
339,0,7,649.09595,460.26495,0.8289183
339,0,8,694.3537,458.7516,0.38320807
339,0,9,649.8994,475.37988,0.43099064
339,0,10,685.5719,474.47125,0.14672941
339,0,11,658.4584,485.01022,0.96887714
339,0,12,680.54596,483.79135,0.9491481
339,0,13,657.50946,522.42303,0.87369895
339,0,14,680.60864,522.10626,0.79072523
339,0,15,662.5293,555.13916,0.7184194
339,0,16,681.4612,554.07196,0.6204167
339,1,0,477.19736,496.44556,0.74254096
339,1,1,478.5512,491.77612,0.80329585
339,1,2,475.31583,493.01642,0.1788751
339,1,3,488.1099,487.92932,0.84444356
339,1,4,479.487,491.14612,0.02203656
339,1,5,509.02963,501.06598,0.96812046
339,1,6,489.72357,503.94568,0.88456035
339,1,7,521.8889,528.81354,0.9432521
339,1,8,491.09433,531.495,0.5347848
339,1,9,510.8669,551.30023,0.8973757
339,1,10,486.39697,548.06134,0.54081446
339,1,11,523.72723,545.97577,0.94215786
339,1,12,510.2781,545.84064,0.89320594
339,1,13,506.05795,566.6459,0.8169333
339,1,14,490.02496,565.5963,0.6402582
339,1,15,508.6409,605.9898,0.567742
339,1,16,496.27682,603.6911,0.39689833
340,0,0,648.718,411.12567,0.0116900895
340,0,1,649.84924,406.93982,0.016166018
340,0,2,649.93835,406.61636,0.006231094
340,0,3,647.22833,408.3708,0.6933852
340,0,4,666.1795,407.05,0.39093995
340,0,5,643.6976,430.0216,0.9845605
340,0,6,678.0012,427.53824,0.9681861
340,0,7,638.0592,461.9499,0.91288185
340,0,8,690.1793,456.702,0.7345151
340,0,9,633.2255,482.4874,0.60140425
340,0,10,682.63776,475.9925,0.3724553
340,0,11,651.3366,483.01666,0.9937
340,0,12,674.0687,481.88727,0.9910643
340,0,13,654.50995,525.02155,0.9822092
340,0,14,675.60016,523.874,0.97458965
340,0,15,663.1611,566.26776,0.93798834
340,0,16,680.08093,564.54846,0.919961
341,0,0,642.37646,404.75784,0.013224757
341,0,1,643.75354,400.6509,0.018434687
341,0,2,643.8366,400.4012,0.006534075
341,0,3,642.37177,403.3296,0.6965382
341,0,4,661.7668,402.00842,0.3614183
341,0,5,638.74646,426.72662,0.98419017
341,0,6,674.2916,424.32916,0.96485114
341,0,7,634.1604,458.39038,0.9099192
341,0,8,684.83734,453.43707,0.7062404
341,0,9,631.8446,480.19534,0.59562135
341,0,10,675.14526,473.39667,0.3524055
341,0,11,645.79584,480.64062,0.9929509
341,0,12,670.0009,479.41415,0.98978335
341,0,13,646.1138,521.16486,0.97856116
341,0,14,670.72736,520.2594,0.9683307
341,0,15,651.745,561.46216,0.9302369
341,0,16,673.0503,560.10547,0.9081706
342,0,0,636.6174,403.30933,0.018989177
342,0,1,638.06274,399.47205,0.029168291
342,0,2,638.3882,399.14676,0.0059408722
342,0,3,640.19226,401.6607,0.7813698
342,0,4,657.56165,400.16306,0.23484328
342,0,5,636.26514,422.90396,0.9792498
342,0,6,669.8977,420.7795,0.9485708
342,0,7,632.12415,451.45282,0.87065494
342,0,8,680.6727,449.4432,0.533522
342,0,9,635.2552,470.1944,0.50000715
342,0,10,674.64215,469.06082,0.2199914
342,0,11,641.55566,475.70724,0.9873247
342,0,12,665.0287,474.65497,0.9803741
342,0,13,637.78107,511.8039,0.96273583
342,0,14,665.71075,511.40405,0.9385831
342,0,15,640.2779,548.9136,0.90320677
342,0,16,667.25024,547.4904,0.86387676
343,0,0,631.84296,401.7264,0.013435067
343,0,1,633.1121,397.91217,0.018112907
343,0,2,633.1518,397.631,0.0070293304
343,0,3,632.3276,400.8461,0.6935769
343,0,4,650.49115,399.28076,0.40951094
343,0,5,627.7749,423.616,0.9857684
343,0,6,663.0174,420.89062,0.9718722
343,0,7,622.52765,450.8056,0.9080413
343,0,8,674.08026,446.42056,0.7461917
343,0,9,625.18085,469.8919,0.578469
343,0,10,668.02405,465.3008,0.37854508
343,0,11,635.8207,473.34406,0.9924306
343,0,12,660.1111,472.03912,0.9896006
343,0,13,630.4785,506.7425,0.97442067
343,0,14,660.0519,505.81683,0.9639799
343,0,15,632.27356,539.143,0.931158
343,0,16,660.68475,537.62146,0.9128729
344,0,0,628.3682,403.0852,0.025075486
344,0,1,629.95795,398.97144,0.03160689
344,0,2,629.84094,399.0541,0.011593182
344,0,3,629.255,401.8654,0.80465645
344,0,4,647.17395,401.5745,0.4943522
344,0,5,625.54694,424.58368,0.9922816
344,0,6,658.3513,424.31,0.98295665
344,0,7,621.56323,456.6821,0.94260925
344,0,8,670.3251,455.38196,0.80928326
344,0,9,618.3132,482.7258,0.6836613
344,0,10,665.16766,477.90237,0.45727783
344,0,11,628.6867,478.4637,0.9936195
344,0,12,652.58875,477.93594,0.99093103
344,0,13,621.40625,514.0008,0.9706021
344,0,14,656.554,513.90936,0.9568564
344,0,15,618.6832,549.4022,0.88213444
344,0,16,661.26575,549.0983,0.84734285
345,0,0,623.507,406.6199,0.10412295
345,0,1,624.35126,403.01486,0.06646611
345,0,2,626.0327,403.24094,0.036229867
345,0,3,623.5889,404.61664,0.6678236
345,0,4,641.4206,403.75674,0.4134463
345,0,5,619.1777,425.59546,0.98628867
345,0,6,654.63416,425.64578,0.980265
345,0,7,611.54144,455.7836,0.9267337
345,0,8,666.44775,454.7855,0.87294096
345,0,9,609.32935,482.74396,0.74562544
345,0,10,661.372,478.73282,0.64185077
345,0,11,621.4489,478.5369,0.99347275
345,0,12,648.88544,478.16815,0.99230486
345,0,13,604.2631,508.91327,0.9708
345,0,14,655.8101,510.96613,0.9636334
345,0,15,592.42957,545.3052,0.8977325
345,0,16,657.3027,547.88684,0.8827549
345,1,0,486.871,466.48648,0.16679774
345,1,1,487.54352,463.40442,0.1264679
345,1,2,487.32758,462.46338,0.033660796
345,1,3,489.66248,463.8413,0.5796435
345,1,4,499.4738,459.8073,0.10924317
345,1,5,496.50586,485.25992,0.953803
345,1,6,512.4003,467.99023,0.9225246
345,1,7,503.63358,510.62463,0.88842523
345,1,8,534.6078,448.48148,0.7683301
345,1,9,497.04645,535.6179,0.77675086
345,1,10,540.2004,427.2587,0.63713247
345,1,11,510.96985,524.513,0.98704344
345,1,12,525.7685,518.6585,0.98256195
345,1,13,497.799,559.40857,0.967503
345,1,14,541.62195,552.3568,0.9542914
345,1,15,494.88324,603.9047,0.90533894
345,1,16,567.40894,583.0412,0.8839411
346,0,0,492.33005,445.0928,0.09723631
346,0,1,493.13474,442.662,0.058497187
346,0,2,493.65042,441.9427,0.019559026
346,0,3,493.1822,447.4443,0.6397953
346,0,4,506.97128,443.9358,0.18786488
346,0,5,497.27917,475.94678,0.9869847
346,0,6,518.1782,458.85123,0.9803084
346,0,7,501.38876,500.85956,0.9581206
346,0,8,536.2469,437.89233,0.9294361
346,0,9,502.10303,529.89404,0.8701508
346,0,10,542.1642,417.2009,0.8440523
346,0,11,511.29034,523.9252,0.9973865
346,0,12,529.583,517.8277,0.9970746
346,0,13,494.68146,555.9619,0.98809636
346,0,14,545.02203,554.46295,0.98699886
346,0,15,495.5077,599.4602,0.9408949
346,0,16,572.9568,587.1428,0.937739
346,1,0,619.1594,412.01508,0.042833913
346,1,1,620.46454,408.1974,0.049569026
346,1,2,620.689,408.33707,0.019929465
346,1,3,619.1678,409.9695,0.84817874
346,1,4,637.4663,409.89246,0.5887171
346,1,5,613.60645,431.4359,0.9923206
346,1,6,650.10266,431.08136,0.9835105
346,1,7,606.75604,462.2596,0.9355164
346,1,8,663.62946,460.85516,0.8115149
346,1,9,602.5124,485.8329,0.6348261
346,1,10,656.07074,483.46133,0.43133968
346,1,11,617.9425,485.2648,0.9783773
346,1,12,644.2081,484.50714,0.9702359
346,1,13,604.24365,520.6561,0.7334054
346,1,14,644.9733,520.30634,0.64988434
346,1,15,601.80585,552.8663,0.29566652
346,1,16,649.2403,552.19934,0.23800969
346,2,0,619.8994,411.12457,0.052700724
346,2,1,620.65015,407.25662,0.028141314
346,2,2,622.2118,407.60397,0.018355362
346,2,3,618.4583,409.08044,0.6323823
346,2,4,637.24524,408.66898,0.46563473
346,2,5,613.2461,432.24823,0.9901931
346,2,6,650.84766,431.72324,0.986324
346,2,7,603.5079,461.77167,0.9417493
346,2,8,663.192,459.93353,0.9039022
346,2,9,598.491,488.3051,0.7191885
346,2,10,656.4939,482.83725,0.6316459
346,2,11,617.2159,486.48257,0.9932186
346,2,12,645.3462,485.6211,0.9921726
346,2,13,601.9699,522.82776,0.9198139
346,2,14,650.4468,522.32733,0.9026799
346,2,15,598.3836,559.9607,0.606763
346,2,16,654.7547,556.6346,0.56703246
347,0,0,619.2599,420.96384,0.023668246
347,0,1,619.54266,417.05383,0.024286011
347,0,2,619.56506,417.05307,0.015984152
347,0,3,612.4052,419.0119,0.7492784
347,0,4,632.9848,418.29248,0.6869663
347,0,5,605.073,441.88828,0.9837891
347,0,6,646.1964,439.08426,0.97769004
347,0,7,597.96893,475.3367,0.8855899
347,0,8,658.98224,467.07327,0.8172341
347,0,9,595.39246,502.12677,0.47850412
347,0,10,648.61536,489.91504,0.38921154
347,0,11,611.33325,497.35242,0.92616683
347,0,12,639.7111,495.90546,0.9128889
347,0,13,605.46063,531.9672,0.2500525
347,0,14,641.2285,530.7017,0.22021927
347,0,15,606.24347,555.3157,0.036851376
347,0,16,642.0608,553.57465,0.03296139
347,1,0,496.21857,448.5077,0.06240998
347,1,1,498.04102,444.43622,0.05352852
347,1,2,498.832,444.29984,0.01463137
347,1,3,499.05997,447.79318,0.6034895
347,1,4,514.3682,445.97284,0.1708903
347,1,5,498.6275,473.1499,0.9784413
347,1,6,521.5335,470.77856,0.82894945
347,1,7,498.39066,506.08075,0.90415287
347,1,8,530.686,502.43152,0.25262466
347,1,9,493.59137,534.64624,0.6384291
347,1,10,532.4874,525.56085,0.110960685
347,1,11,507.6984,527.46643,0.9886029
347,1,12,528.5142,526.4025,0.96287096
347,1,13,497.5466,560.21497,0.9669894
347,1,14,547.6487,557.00323,0.8810363
347,1,15,497.548,602.30255,0.9107707
347,1,16,572.18286,589.1265,0.78255147
348,0,0,610.3987,427.3057,0.054174755
348,0,1,610.91943,423.88403,0.029297426
348,0,2,611.4952,423.58395,0.023769388
348,0,3,606.76636,424.59048,0.6448612
348,0,4,623.6636,423.0549,0.55198264
348,0,5,602.69165,444.0409,0.98427767
348,0,6,635.43164,441.71933,0.98805064
348,0,7,590.67694,469.14874,0.8455179
348,0,8,649.0657,463.09082,0.8919534
348,0,9,583.93536,489.2268,0.48099634
348,0,10,645.47797,480.75116,0.5874998
348,0,11,607.299,492.22296,0.99249214
348,0,12,633.58966,491.0923,0.99403185
348,0,13,589.4459,513.1674,0.94834065
348,0,14,645.3324,515.6234,0.95974576
348,0,15,576.2774,542.59766,0.8286654
348,0,16,657.40875,547.04816,0.8554305
348,1,0,513.16394,443.51025,0.038461298
348,1,1,514.3641,439.22977,0.022306632
348,1,2,514.07294,438.82513,0.018097388
348,1,3,506.78113,441.14673,0.3044699
348,1,4,520.1295,440.27042,0.25610963
348,1,5,503.59235,465.62082,0.91638494
348,1,6,517.18866,463.7532,0.8490104
348,1,7,504.7363,499.23553,0.663555
348,1,8,516.3474,497.19885,0.4114249
348,1,9,499.59113,529.1865,0.35056376
348,1,10,512.8116,523.45605,0.18984321
348,1,11,504.67377,521.172,0.976722
348,1,12,519.2977,520.38336,0.96599066
348,1,13,498.1927,560.10754,0.9517398
348,1,14,538.6363,555.44324,0.92521274
348,1,15,493.70547,602.1245,0.9087517
348,1,16,558.613,590.2326,0.8764476
349,0,0,505.65756,438.2168,0.10659748
349,0,1,508.15408,434.05344,0.092957444
349,0,2,509.3369,434.18127,0.020190837
349,0,3,512.1952,438.18835,0.7441041
349,0,4,527.49603,436.43405,0.18528104
349,0,5,508.72318,463.8966,0.98963773
349,0,6,535.9285,461.35153,0.9270608
349,0,7,503.73355,497.13556,0.9433677
349,0,8,544.72577,492.01642,0.43444446
349,0,9,495.6912,525.88654,0.7643794
349,0,10,542.0066,509.22607,0.21313962
349,0,11,513.47723,518.71545,0.9961028
349,0,12,535.5389,517.05756,0.988388
349,0,13,502.72342,555.2286,0.99079907
349,0,14,549.2125,550.8568,0.96707493
349,0,15,494.9045,603.5142,0.9713259
349,0,16,558.8313,588.15405,0.9280335
349,1,0,596.6971,424.3045,0.13217475
349,1,1,597.61554,420.8535,0.07584137
349,1,2,598.3094,420.8047,0.039899696
349,1,3,594.7533,421.26138,0.80536836
349,1,4,612.4655,420.59888,0.51227957
349,1,5,589.1444,443.57037,0.99299824
349,1,6,626.40454,441.33533,0.9927441
349,1,7,582.6796,470.7753,0.9290553
349,1,8,641.17725,466.67188,0.9281646
349,1,9,572.2922,488.6725,0.6898938
349,1,10,633.90454,486.65,0.7199325
349,1,11,594.94073,496.36768,0.9930218
349,1,12,624.4602,494.36737,0.99387026
349,1,13,570.2043,516.33276,0.94019544
349,1,14,638.5633,516.30084,0.9499987
349,1,15,565.3582,553.49475,0.7537991
349,1,16,659.8749,547.6968,0.78260374
349,2,0,595.376,423.4428,0.033522077
349,2,1,595.22473,420.08237,0.03692646
349,2,2,597.8894,420.17297,0.009819057
349,2,3,594.5467,422.51895,0.8359797
349,2,4,614.6025,421.79205,0.38411495
349,2,5,589.32745,443.89932,0.9879241
349,2,6,628.4898,442.72604,0.97818553
349,2,7,581.2408,473.4025,0.9148004
349,2,8,640.72205,471.6102,0.77189493
349,2,9,577.0925,487.94305,0.5768474
349,2,10,631.1017,485.64352,0.37679002
349,2,11,596.60974,499.20984,0.9569217
349,2,12,624.4426,497.94208,0.94229895
349,2,13,575.8541,515.71387,0.53928125
349,2,14,620.1198,515.156,0.43405062
349,2,15,572.47186,542.0928,0.19042021
349,2,16,623.7199,540.94824,0.1485467
350,0,0,509.03818,435.71143,0.27821687
350,0,1,511.90387,431.313,0.31646028
350,0,2,512.6245,431.67435,0.05137549
350,0,3,518.925,434.61972,0.9146778
350,0,4,531.6964,433.1212,0.22779918
350,0,5,514.8298,460.43747,0.99580485
350,0,6,542.23566,458.3306,0.94919825
350,0,7,507.64023,493.9489,0.95950073
350,0,8,547.8036,490.0639,0.34802082
350,0,9,499.80045,524.1005,0.76841074
350,0,10,542.93384,511.37506,0.142722
350,0,11,519.39453,519.4792,0.99518013
350,0,12,540.9232,517.74084,0.9824379
350,0,13,508.0896,556.2704,0.98238325
350,0,14,549.0485,554.31384,0.9260998
350,0,15,499.5418,601.5032,0.93902266
350,0,16,553.6375,589.4888,0.8329088
350,1,0,585.147,423.62112,0.025348907
350,1,1,585.29926,420.16904,0.02740108
350,1,2,587.1182,420.1727,0.011552872
350,1,3,583.4649,422.8973,0.7775652
350,1,4,603.6847,421.75705,0.5377282
350,1,5,578.83295,444.42557,0.9845142
350,1,6,616.149,442.1168,0.9754102
350,1,7,573.8444,472.493,0.88563174
350,1,8,628.74713,468.24646,0.77465844
350,1,9,573.4854,487.25995,0.47225443
350,1,10,623.13916,482.93924,0.34537756
350,1,11,586.80054,496.61646,0.931205
350,1,12,612.8196,495.1206,0.9147039
350,1,13,573.0146,524.04297,0.31456798
350,1,14,612.3505,522.92004,0.25959262
350,1,15,569.5885,545.5764,0.068810016
350,1,16,613.1503,543.89233,0.058019027
350,2,0,588.0165,423.48553,0.13549899
350,2,1,588.668,420.21353,0.07582839
350,2,2,589.51276,419.82297,0.051902734
350,2,3,583.5939,420.85754,0.7160372
350,2,4,602.73126,419.73016,0.48699147
350,2,5,577.8609,442.76367,0.97752565
350,2,6,614.0362,438.4852,0.9849274
350,2,7,573.4908,467.48856,0.78962463
350,2,8,628.9765,460.6585,0.8787011
350,2,9,569.24994,483.20233,0.46450585
350,2,10,623.67316,482.4867,0.6285625
350,2,11,583.47504,493.1485,0.98163015
350,2,12,612.00354,490.25525,0.9871745
350,2,13,563.33136,521.43494,0.90511453
350,2,14,627.50195,518.21344,0.93790793
350,2,15,561.4798,556.69086,0.74248
350,2,16,655.0739,548.04584,0.80813766
351,0,0,513.8702,435.37857,0.2033979
351,0,1,515.73175,431.26736,0.22098336
351,0,2,517.59705,432.03607,0.03672844
351,0,3,521.95,433.38785,0.8411648
351,0,4,536.8121,432.94882,0.17637561
351,0,5,520.8008,453.1925,0.99291867
351,0,6,547.2239,453.30487,0.90172935
351,0,7,510.20984,478.80856,0.96111774
351,0,8,551.7782,479.32285,0.29417917
351,0,9,496.21506,498.80756,0.8153403
351,0,10,546.01874,493.89038,0.14635144
351,0,11,526.9391,508.08307,0.9939043
351,0,12,547.0806,507.25513,0.9751948
351,0,13,513.2465,546.3615,0.98221546
351,0,14,551.7608,545.5629,0.914496
351,0,15,505.55225,594.26587,0.9398837
351,0,16,557.2795,585.8372,0.8168889
351,1,0,574.9963,423.6873,0.05667262
351,1,1,576.0379,420.176,0.06340066
351,1,2,574.97656,419.84705,0.022632185
351,1,3,574.208,422.8362,0.866211
351,1,4,590.8445,421.22803,0.61327726
351,1,5,568.23193,443.50156,0.9908022
351,1,6,605.60486,439.98486,0.98197734
351,1,7,565.75336,469.69092,0.9160468
351,1,8,619.27795,462.9058,0.76208097
351,1,9,569.9563,485.08203,0.5655423
351,1,10,607.0548,478.45923,0.35497603
351,1,11,575.30237,494.72668,0.9568046
351,1,12,604.3308,493.3048,0.94177413
351,1,13,563.70734,518.34827,0.47264403
351,1,14,615.28174,517.22925,0.38844928
351,1,15,561.8686,550.10754,0.12092614
351,1,16,627.2957,547.8582,0.09680546
351,2,0,575.3542,423.49704,0.06294762
351,2,1,576.21985,420.2257,0.036466178
351,2,2,576.49817,420.1076,0.024932161
351,2,3,573.241,421.4652,0.75787556
351,2,4,591.00635,420.661,0.5442429
351,2,5,568.7787,443.96368,0.9834979
351,2,6,604.23224,440.09827,0.99201715
351,2,7,563.5427,467.9292,0.7651777
351,2,8,619.4409,463.25342,0.9082189
351,2,9,565.2485,481.0512,0.3178579
351,2,10,607.5157,479.54874,0.5608444
351,2,11,575.8402,497.3092,0.98781675
351,2,12,604.28906,494.1256,0.9926596
351,2,13,561.0179,524.35443,0.88803446
351,2,14,624.4225,517.14246,0.93642765
351,2,15,557.5799,560.48975,0.6610722
351,2,16,645.8643,541.86816,0.7668543
352,0,0,560.5203,423.61893,0.048517276
352,0,1,561.186,420.06473,0.057693962
352,0,2,562.78754,419.7406,0.018466443
352,0,3,562.3669,421.80914,0.7821907
352,0,4,581.55316,419.76456,0.41207826
352,0,5,559.6647,442.98718,0.9748752
352,0,6,595.6416,439.89255,0.95463145
352,0,7,558.3489,473.20844,0.81751436
352,0,8,605.57855,469.1438,0.5971841
352,0,9,561.7658,493.08868,0.36577868
352,0,10,598.7662,488.9057,0.21324429
352,0,11,568.7128,499.69342,0.91028374
352,0,12,593.92505,498.0323,0.8836367
352,0,13,563.4825,538.3804,0.30021176
352,0,14,594.9464,537.09784,0.23835948
352,0,15,565.2618,565.0512,0.07483418
352,0,16,594.3179,563.2782,0.061152533
352,1,0,526.7911,430.39993,0.07579349
352,1,1,528.12726,426.17157,0.075797945
352,1,2,529.8063,426.92136,0.023190346
352,1,3,529.2244,428.2752,0.6675551
352,1,4,545.1088,428.0853,0.26350382
352,1,5,526.5427,448.89838,0.98516196
352,1,6,552.265,448.49442,0.80234575
352,1,7,514.9011,475.85965,0.9134141
352,1,8,554.57587,473.83856,0.14149968
352,1,9,499.5179,490.7621,0.5913158
352,1,10,542.7217,488.03033,0.049598273
352,1,11,531.12494,505.42328,0.98271024
352,1,12,548.8109,504.67035,0.92774355
352,1,13,520.8738,546.13934,0.94195133
352,1,14,545.9665,546.29297,0.7383657
352,1,15,516.40967,592.84326,0.8361803
352,1,16,542.19,588.8402,0.56303406
353,0,0,527.6396,425.081,0.23235486
353,0,1,529.7686,420.59625,0.27100554
353,0,2,531.359,421.15237,0.050144527
353,0,3,534.9256,423.18906,0.86232996
353,0,4,548.3187,421.83893,0.21607222
353,0,5,530.0863,447.88562,0.99352175
353,0,6,558.06915,441.3087,0.91019744
353,0,7,513.3104,474.79724,0.95342493
353,0,8,563.9996,441.82156,0.2580109
353,0,9,501.3523,491.8615,0.76284754
353,0,10,560.7265,415.89526,0.11320986
353,0,11,536.81525,502.97485,0.99411196
353,0,12,554.11597,500.8833,0.9753332
353,0,13,532.65576,546.575,0.9840051
353,0,14,551.5067,548.112,0.9180606
353,0,15,532.86835,594.1722,0.94934833
353,0,16,549.7329,588.69714,0.8320804
354,0,0,533.1299,417.82678,0.16468374
354,0,1,534.5703,414.0074,0.14104997
354,0,2,536.7747,414.162,0.041875638
354,0,3,536.1571,418.21426,0.7847409
354,0,4,552.36084,416.954,0.2971667
354,0,5,531.98596,441.57758,0.9941743
354,0,6,559.89685,440.6889,0.968216
354,0,7,519.5161,472.15897,0.96882355
354,0,8,569.72754,472.35492,0.68075144
354,0,9,506.757,487.09314,0.8641497
354,0,10,574.3931,498.508,0.40165222
354,0,11,541.283,499.8424,0.99675
354,0,12,557.1429,499.56512,0.9916939
354,0,13,543.223,544.1322,0.9896651
354,0,14,549.0424,544.4477,0.9675611
354,0,15,551.40436,590.07227,0.95897317
354,0,16,550.379,585.62976,0.9057126
354,1,0,531.6025,418.24323,0.23154953
354,1,1,532.5341,414.80585,0.20650834
354,1,2,534.4458,414.45334,0.04783429
354,1,3,535.2396,418.78268,0.83683467
354,1,4,552.56885,416.40906,0.22576688
354,1,5,532.5883,442.62286,0.993529
354,1,6,562.12317,439.2956,0.96559185
354,1,7,517.27734,469.91898,0.9698654
354,1,8,573.1389,471.71933,0.71948564
354,1,9,507.89258,489.80664,0.8849595
354,1,10,575.3512,497.92487,0.52858496
354,1,11,542.52264,501.79108,0.99468565
354,1,12,559.39136,499.38037,0.9882067
354,1,13,541.3634,543.04803,0.9821426
354,1,14,554.83777,540.05853,0.9580226
354,1,15,553.69507,586.08057,0.93016773
354,1,16,559.8154,577.76855,0.8737998
355,0,0,525.3416,417.98212,0.044617545
355,0,1,527.48236,414.43396,0.062435307
355,0,2,529.67017,413.82367,0.017194597
355,0,3,532.5948,418.45505,0.8560742
355,0,4,552.45703,416.1537,0.4880389
355,0,5,531.98724,442.80087,0.99046004
355,0,6,562.91266,441.35217,0.9802263
355,0,7,520.1662,472.33594,0.92661023
355,0,8,569.8207,476.6717,0.7744915
355,0,9,513.3371,485.58087,0.6161344
355,0,10,570.933,500.74182,0.4022925
355,0,11,540.00726,504.58905,0.9812351
355,0,12,560.5829,503.46588,0.9740228
355,0,13,541.05743,554.11414,0.80022305
355,0,14,564.122,552.6249,0.7330125
355,0,15,542.94147,592.23346,0.33481058
355,0,16,566.81616,590.1287,0.27630845
356,0,0,522.254,420.88022,0.06278624
356,0,1,523.0488,417.18976,0.044962592
356,0,2,525.61304,417.57898,0.01503575
356,0,3,528.52875,419.0337,0.6225108
356,0,4,546.11285,417.07684,0.22833256
356,0,5,531.7788,440.0212,0.9894963
356,0,6,562.3338,427.65744,0.9595539
356,0,7,521.16626,466.12613,0.9570488
356,0,8,580.94226,415.7331,0.7480285
356,0,9,510.23706,479.76294,0.8074223
356,0,10,579.492,403.13113,0.4891951
356,0,11,544.7697,495.08063,0.9969939
356,0,12,562.7458,490.8496,0.9941936
356,0,13,547.2572,541.76355,0.9871967
356,0,14,562.82733,541.251,0.97395337
356,0,15,560.69293,583.47253,0.93877625
356,0,16,569.7983,584.2412,0.89538586
357,0,0,541.24756,414.9119,0.14310558
357,0,1,542.6363,412.06555,0.10653627
357,0,2,543.86194,411.98492,0.051179174
357,0,3,544.1061,415.55795,0.6584431
357,0,4,557.5279,413.71118,0.2989386
357,0,5,538.6134,438.6549,0.97098505
357,0,6,569.48395,428.91986,0.9711854
357,0,7,525.5438,460.14114,0.87971723
357,0,8,585.99347,420.27884,0.8786894
357,0,9,521.47723,474.50186,0.7466916
357,0,10,586.5252,406.29654,0.77711564
357,0,11,546.4449,488.69214,0.9918298
357,0,12,565.54694,485.65268,0.9926802
357,0,13,538.6282,530.766,0.97975326
357,0,14,563.34106,538.80566,0.98199344
357,0,15,549.5809,576.3509,0.9439279
357,0,16,571.372,583.04407,0.94784796
359,0,0,547.69275,420.50943,0.036993895
359,0,1,548.87274,416.94983,0.04393643
359,0,2,548.5213,417.02292,0.024220984
359,0,3,549.4545,421.4639,0.77046764
359,0,4,564.7142,418.7518,0.66594046
359,0,5,546.72797,445.68692,0.9937192
359,0,6,574.07666,434.7701,0.9885578
359,0,7,541.8081,473.86563,0.96404225
359,0,8,590.7854,432.87408,0.91125774
359,0,9,532.5611,491.66492,0.81568635
359,0,10,587.89087,413.73636,0.6944641
359,0,11,557.16565,493.95966,0.99372464
359,0,12,574.01324,490.0916,0.99185014
359,0,13,555.4931,530.5236,0.9492676
359,0,14,572.4838,527.81165,0.93704253
359,0,15,560.59155,552.964,0.7427333
359,0,16,577.36206,550.9359,0.70676726
360,0,0,551.35516,424.97095,0.13803232
360,0,1,552.44104,421.60193,0.10594454
360,0,2,552.79626,421.0557,0.047380373
360,0,3,552.7625,425.1346,0.627182
360,0,4,562.6507,422.8314,0.2526753
360,0,5,554.2547,450.60336,0.9701323
360,0,6,570.66675,442.2578,0.96272796
360,0,7,550.41376,470.20224,0.871155
360,0,8,593.33453,441.3054,0.8134037
360,0,9,538.3793,487.73126,0.706403
360,0,10,598.4194,422.4656,0.64883196
360,0,11,564.689,498.6792,0.9920712
360,0,12,572.4387,495.17535,0.99121
360,0,13,571.821,539.06274,0.9811189
360,0,14,571.1368,534.6386,0.9779539
360,0,15,583.0148,581.5312,0.9468936
360,0,16,580.84406,570.00854,0.9416056
360,1,0,483.7677,433.97446,0.11656502
360,1,1,483.61017,430.3374,0.16450247
360,1,2,485.06903,430.44727,0.014800433
360,1,3,487.08777,430.92648,0.6515124
360,1,4,497.72107,430.25922,0.020579893
360,1,5,499.67828,449.90286,0.93596846
360,1,6,507.69482,446.80664,0.76902556
360,1,7,510.85858,479.9412,0.88729155
360,1,8,509.39655,471.52588,0.3159703
360,1,9,502.3795,503.0708,0.74263793
360,1,10,496.89282,485.23978,0.26918206
360,1,11,512.74243,498.5384,0.9650097
360,1,12,517.96063,496.2738,0.9316933
360,1,13,497.5444,532.5309,0.94337535
360,1,14,500.70197,530.2261,0.8673129
360,1,15,505.55368,567.6997,0.8753746
360,1,16,506.71808,563.8424,0.77608454
361,0,0,562.24713,427.0303,0.071954064
361,0,1,561.6586,423.8029,0.036079798
361,0,2,562.80396,423.5057,0.034357842
361,0,3,553.8626,426.66525,0.5520318
361,0,4,570.4146,425.4184,0.49625987
361,0,5,546.8833,452.94922,0.98638123
361,0,6,581.91266,443.89447,0.9872629
361,0,7,540.9843,478.76404,0.9268364
361,0,8,605.5288,442.1061,0.9373556
361,0,9,543.1499,503.46588,0.7569531
361,0,10,599.34924,423.7466,0.8185998
361,0,11,558.8578,504.89447,0.9963917
361,0,12,580.4953,501.693,0.996822
361,0,13,567.3588,545.43884,0.9856521
361,0,14,587.06683,546.2259,0.9881642
361,0,15,571.8099,590.01666,0.94414264
361,0,16,587.5084,587.3782,0.951152
361,1,0,472.2292,444.27972,0.20301643
361,1,1,472.39316,440.52652,0.28201336
361,1,2,472.79282,440.76294,0.022810517
361,1,3,477.14465,439.78687,0.7293109
361,1,4,483.1569,439.85114,0.016227616
361,1,5,493.409,455.5581,0.9723413
361,1,6,493.33676,454.34656,0.86373883
361,1,7,513.9886,484.55554,0.9626595
361,1,8,496.35724,480.33698,0.5149334
361,1,9,513.0362,511.6872,0.9095004
361,1,10,483.57996,497.21472,0.49027017
361,1,11,508.25186,497.93036,0.99074686
361,1,12,508.8674,496.537,0.9796678
361,1,13,491.0896,537.9886,0.9860058
361,1,14,492.23508,536.43616,0.9612291
361,1,15,502.4022,578.8418,0.95603395
361,1,16,503.2838,575.85815,0.90750235
362,0,0,564.39056,430.2673,0.39883026
362,0,1,566.8193,426.5248,0.30726045
362,0,2,562.5729,426.47253,0.18453702
362,0,3,570.40393,427.88815,0.61335933
362,0,4,562.9408,428.19824,0.3090472
362,0,5,580.9671,443.81747,0.9861298
362,0,6,557.8865,450.06677,0.9673371
362,0,7,607.88574,448.63354,0.9453487
362,0,8,544.76733,476.68924,0.81100154
362,0,9,598.41516,433.9296,0.87141424
362,0,10,540.47375,504.60565,0.66878575
362,0,11,581.5387,499.63153,0.99454284
362,0,12,567.92,502.0791,0.9915666
362,0,13,581.66437,542.282,0.98689795
362,0,14,567.5646,544.6049,0.9770026
362,0,15,585.9397,586.5918,0.95449644
362,0,16,574.6114,586.8969,0.931252
362,1,0,465.84933,450.93152,0.44431248
362,1,1,466.0698,446.4846,0.43055287
362,1,2,466.14487,446.75595,0.08739683
362,1,3,473.24878,443.51733,0.65835613
362,1,4,477.05692,443.45743,0.04437132
362,1,5,490.5683,459.68414,0.96314794
362,1,6,483.8344,459.55173,0.90223163
362,1,7,509.7702,484.64,0.9557929
362,1,8,483.34476,484.18002,0.80465406
362,1,9,515.3225,510.5719,0.93823594
362,1,10,474.42133,500.42206,0.8063204
362,1,11,498.48904,505.7036,0.9855908
362,1,12,495.61984,504.8521,0.9766045
362,1,13,488.0424,540.76953,0.97181255
362,1,14,486.66916,541.34973,0.950293
362,1,15,490.98486,583.1089,0.90157413
362,1,16,493.3832,581.5679,0.8573094
363,0,0,560.1095,424.95767,0.057461478
363,0,1,561.01544,421.31335,0.037254084
363,0,2,561.595,421.44092,0.021526238
363,0,3,558.2713,422.66077,0.67240465
363,0,4,574.7684,421.49054,0.4806918
363,0,5,553.5202,444.39954,0.99023753
363,0,6,588.6611,438.80823,0.98115784
363,0,7,549.5902,474.2485,0.9249218
363,0,8,608.7137,450.18835,0.8071145
363,0,9,547.1561,499.0558,0.63982415
363,0,10,593.07434,438.80484,0.43133876
363,0,11,564.0786,497.3636,0.9947796
363,0,12,588.6179,495.34186,0.9924297
363,0,13,558.88586,537.6187,0.96804863
363,0,14,592.2633,532.16,0.94828975
363,0,15,564.6125,584.22534,0.85808253
363,0,16,597.2213,569.87335,0.8053893
363,1,0,452.99286,452.90906,0.18553069
363,1,1,453.63782,448.4858,0.17176336
363,1,2,453.68613,448.77762,0.03883226
363,1,3,459.96878,447.8442,0.51862603
363,1,4,466.07196,447.46097,0.068949185
363,1,5,476.52078,464.62265,0.9401993
363,1,6,474.4125,465.50067,0.81260073
363,1,7,492.02362,491.0636,0.89610565
363,1,8,474.8588,494.0927,0.5325293
363,1,9,488.53583,513.8121,0.7864571
363,1,10,462.5785,511.8067,0.42778078
363,1,11,492.30878,511.81476,0.95997036
363,1,12,492.4738,511.5196,0.924774
363,1,13,480.1457,545.96796,0.8855029
363,1,14,484.20566,545.6594,0.776956
363,1,15,484.28854,589.41235,0.66824853
363,1,16,490.6831,587.7272,0.5254988
364,0,0,557.55493,422.76852,0.07388661
364,0,1,558.38477,418.7294,0.059167173
364,0,2,558.927,418.88577,0.024307523
364,0,3,558.11444,419.5115,0.78146505
364,0,4,574.88495,417.95676,0.43956402
364,0,5,554.5515,441.75522,0.9931078
364,0,6,588.6626,433.6367,0.9743937
364,0,7,550.43524,471.85788,0.9235165
364,0,8,609.9258,452.47687,0.62865
364,0,9,548.30194,496.53986,0.60895205
364,0,10,596.79425,453.01596,0.26831523
364,0,11,568.15204,496.31598,0.9960395
364,0,12,590.50934,491.44067,0.9923868
364,0,13,568.7016,539.77936,0.98531765
364,0,14,594.52936,526.93097,0.9692429
364,0,15,579.6965,588.37384,0.9488183
364,0,16,600.1991,560.9209,0.9142295
365,0,0,553.5174,421.20068,0.2120512
365,0,1,554.5039,417.30774,0.19136377
365,0,2,555.59503,416.84964,0.044262204
365,0,3,559.0989,417.45038,0.85959226
365,0,4,574.5058,414.2,0.2537085
365,0,5,556.48334,438.65988,0.99461704
365,0,6,590.80115,429.21057,0.9819067
365,0,7,553.5687,468.73926,0.9666821
365,0,8,610.3528,453.66177,0.81763935
365,0,9,550.8866,498.05847,0.8531134
365,0,10,603.9713,471.113,0.59439766
365,0,11,571.08075,492.52405,0.9972402
365,0,12,593.33215,486.87003,0.99507254
365,0,13,573.7864,539.17737,0.98988944
365,0,14,595.62445,527.3141,0.9805963
365,0,15,584.8561,591.8134,0.9557375
365,0,16,598.9305,564.0143,0.9322821
366,0,0,551.2335,420.162,0.28159794
366,0,1,552.8946,416.49188,0.26670015
366,0,2,553.90497,416.38757,0.045591492
366,0,3,560.17346,415.80203,0.88310134
366,0,4,573.4616,413.45407,0.1907623
366,0,5,558.9582,433.77155,0.99432653
366,0,6,593.7031,428.7801,0.9779808
366,0,7,555.6441,465.67032,0.9691498
366,0,8,609.07745,455.15707,0.77748394
366,0,9,548.7969,494.41394,0.86327696
366,0,10,603.8575,472.59372,0.5259753
366,0,11,569.9846,486.31256,0.99576265
366,0,12,595.6077,483.6655,0.9914205
366,0,13,559.8905,524.7209,0.9762107
366,0,14,599.5741,520.4487,0.9450003
366,0,15,565.4444,570.759,0.8734824
366,0,16,607.8783,557.7238,0.78557825
367,0,0,553.048,416.73764,0.35772303
367,0,1,554.59705,412.9315,0.35973936
367,0,2,554.9663,412.36255,0.06492738
367,0,3,561.96497,412.7817,0.8811216
367,0,4,573.1862,409.56924,0.16193564
367,0,5,561.18024,431.9475,0.99190146
367,0,6,592.68274,425.28125,0.9730899
367,0,7,555.69727,463.56427,0.96311605
367,0,8,608.2974,452.149,0.7804723
367,0,9,549.51434,492.39923,0.86687356
367,0,10,604.71356,471.2275,0.57363415
367,0,11,574.79144,482.3214,0.9936971
367,0,12,596.37744,479.00897,0.98811066
367,0,13,574.87177,525.5783,0.9699033
367,0,14,601.07666,519.7473,0.93648225
367,0,15,583.6249,569.82117,0.85828555
367,0,16,606.4222,553.9191,0.77721846
368,0,0,551.4649,416.07907,0.31391123
368,0,1,552.7076,412.14627,0.322173
368,0,2,553.24634,411.7367,0.071999036
368,0,3,560.2988,411.73145,0.83202267
368,0,4,572.16534,408.60965,0.17537163
368,0,5,560.4933,429.3378,0.9870279
368,0,6,591.1883,422.47623,0.9587082
368,0,7,557.18866,459.53644,0.945686
368,0,8,608.0264,448.55426,0.7341487
368,0,9,547.6378,486.50684,0.83441514
368,0,10,604.07324,469.9858,0.56252646
368,0,11,577.7766,482.07657,0.993342
368,0,12,598.3422,478.2741,0.98856145
368,0,13,577.46643,531.83215,0.98278135
368,0,14,602.0283,526.3963,0.96900964
368,0,15,584.51843,580.1077,0.94624805
368,0,16,605.89813,567.24457,0.9215321
368,1,0,421.93655,487.31348,0.8566423
368,1,1,423.91977,481.93988,0.81703216
368,1,2,417.75967,484.50488,0.628641
368,1,3,432.3895,479.74426,0.66146576
368,1,4,417.58368,486.88583,0.25173095
368,1,5,451.93564,492.69025,0.9785049
368,1,6,427.686,502.55164,0.959312
368,1,7,471.76547,515.2455,0.9356799
368,1,8,438.35184,529.5345,0.83114535
368,1,9,467.93716,545.2399,0.8985685
368,1,10,441.12018,555.3378,0.7977916
368,1,11,475.69043,520.2414,0.9561346
368,1,12,457.70544,524.29865,0.94294304
368,1,13,475.3808,551.05365,0.82956964
368,1,14,450.09363,554.55145,0.7818643
368,1,15,488.6529,567.24756,0.5729617
368,1,16,462.7783,569.4839,0.51262695
369,0,0,552.1524,413.1393,0.34592706
369,0,1,553.6163,409.41367,0.33365518
369,0,2,553.88776,408.91687,0.07146973
369,0,3,560.6765,409.17764,0.88473743
369,0,4,572.20667,405.98477,0.22269933
369,0,5,559.8146,428.02344,0.9949409
369,0,6,591.50793,420.2596,0.98060006
369,0,7,557.11,461.25793,0.97053975
369,0,8,605.68097,447.22775,0.8072953
369,0,9,551.03265,492.22754,0.8726794
369,0,10,604.3103,470.7417,0.5998814
369,0,11,576.9542,480.55362,0.9960006
369,0,12,598.42334,476.61578,0.99246806
369,0,13,579.49945,523.7268,0.98099166
369,0,14,603.68304,517.8849,0.9626312
369,0,15,589.70264,563.71814,0.9117096
369,0,16,607.1747,552.398,0.8627959
370,0,0,551.63635,411.0136,0.31611675
370,0,1,553.30524,407.67706,0.29540625
370,0,2,553.4179,407.23218,0.06645529
370,0,3,560.7045,407.04456,0.86287636
370,0,4,570.8848,404.1151,0.2269431
370,0,5,560.3561,424.61398,0.9950321
370,0,6,589.7676,418.08292,0.9800007
370,0,7,557.8085,458.0379,0.973842
370,0,8,604.6853,443.61145,0.811712
370,0,9,553.16547,490.38257,0.8970853
370,0,10,604.47974,469.39835,0.6257327
370,0,11,579.5932,479.48853,0.99704033
370,0,12,598.8156,476.76865,0.99413705
370,0,13,584.43665,523.6905,0.98901343
370,0,14,602.57776,519.05585,0.976814
370,0,15,599.6971,560.62103,0.9531533
370,0,16,607.9558,553.8656,0.9213594
371,0,0,553.5773,409.37814,0.24905303
371,0,1,554.7117,405.43433,0.22482727
371,0,2,555.0808,405.26114,0.048867065
371,0,3,560.85046,404.8023,0.83587533
371,0,4,572.6052,402.49554,0.20149764
371,0,5,560.7358,423.0982,0.9941093
371,0,6,589.86554,417.4398,0.9758301
371,0,7,557.2493,456.3479,0.97087157
371,0,8,604.7855,445.75073,0.79398626
371,0,9,552.6386,490.33112,0.8788636
371,0,10,607.1931,466.63425,0.5941181
371,0,11,578.03625,477.50375,0.99707437
371,0,12,597.593,474.50558,0.9942204
371,0,13,577.0428,520.7278,0.9888797
371,0,14,599.2618,516.4197,0.9764222
371,0,15,587.6065,559.72864,0.95080936
371,0,16,605.60504,547.79205,0.9173541
371,1,0,400.3557,501.74585,0.7719995
371,1,1,400.95038,496.46423,0.7685852
371,1,2,396.93097,498.5465,0.2764413
371,1,3,408.7144,492.79218,0.7220095
371,1,4,399.25037,498.32855,0.052574415
371,1,5,430.37753,501.8567,0.94888026
371,1,6,413.22934,510.19293,0.86153823
371,1,7,453.408,520.46216,0.8907949
371,1,8,422.82605,535.3551,0.49629638
371,1,9,451.42636,546.1825,0.8498887
371,1,10,423.34027,557.49945,0.5378032
371,1,11,460.14862,534.1389,0.9301163
371,1,12,447.9595,537.6464,0.8878484
371,1,13,449.61353,572.1324,0.82349664
371,1,14,440.79358,574.9558,0.7120413
371,1,15,456.6565,607.86053,0.59250396
371,1,16,450.36902,608.5049,0.47647503
372,0,0,551.0099,406.159,0.17041019
372,0,1,552.0846,402.10892,0.134579
372,0,2,552.9158,401.81412,0.04019515
372,0,3,558.1845,401.8771,0.75266695
372,0,4,571.3152,399.2826,0.23701976
372,0,5,560.0157,420.1638,0.9882698
372,0,6,586.8024,415.70578,0.9770981
372,0,7,556.3086,447.5006,0.9346476
372,0,8,603.22504,441.7349,0.8329265
372,0,9,548.8048,465.53073,0.77739006
372,0,10,606.17725,461.12512,0.6236501
372,0,11,575.68353,474.8668,0.9954548
372,0,12,593.5555,472.6618,0.99400747
372,0,13,576.4691,517.92456,0.9818539
372,0,14,597.64465,515.604,0.97584593
372,0,15,583.9037,556.9633,0.9269761
372,0,16,606.10034,551.3189,0.9127779
372,1,0,387.13528,493.95715,0.70662826
372,1,1,389.9994,488.3001,0.7184877
372,1,2,384.79208,490.19354,0.27819276
372,1,3,403.46628,486.9837,0.7509778
372,1,4,390.4163,491.3227,0.089309976
372,1,5,427.25076,499.46375,0.96120733
372,1,6,403.04865,510.73004,0.9026332
372,1,7,454.8287,514.10925,0.9159224
372,1,8,415.81732,532.86804,0.69305193
372,1,9,446.8292,544.04443,0.8702789
372,1,10,419.76505,554.446,0.66787094
372,1,11,456.9796,528.49756,0.9620016
372,1,12,441.40607,533.55426,0.94281346
372,1,13,446.2382,565.4938,0.9197628
372,1,14,431.25195,569.08673,0.8712963
372,1,15,448.89557,604.9307,0.7783752
372,1,16,438.30945,611.06555,0.7068284
373,0,0,550.2948,405.18457,0.044538833
373,0,1,551.7999,402.1595,0.068367235
373,0,2,553.4689,401.2135,0.013397872
373,0,3,558.4226,403.57333,0.8426522
373,0,4,571.93567,400.20596,0.2889685
373,0,5,562.4302,423.0396,0.9903527
373,0,6,585.108,418.24496,0.9735475
373,0,7,558.1468,450.2393,0.94271624
373,0,8,602.7813,444.31134,0.72262394
373,0,9,548.5613,466.95004,0.7150728
373,0,10,608.1879,464.18787,0.40757984
373,0,11,576.9725,474.4982,0.9925236
373,0,12,590.3888,472.4933,0.9880873
373,0,13,582.979,513.53784,0.975781
373,0,14,593.1571,510.9618,0.9603834
373,0,15,593.25116,548.87885,0.9131887
373,0,16,600.40497,545.01624,0.87735474
373,1,0,378.7248,492.7281,0.46091348
373,1,1,380.6085,488.0475,0.49386755
373,1,2,377.50073,488.9632,0.09994817
373,1,3,391.50507,486.24042,0.69415134
373,1,4,384.4146,488.45026,0.04747288
373,1,5,414.43304,494.3421,0.9688464
373,1,6,395.33313,504.1494,0.8590133
373,1,7,444.09445,505.9137,0.9590026
373,1,8,409.36017,527.4003,0.6485563
373,1,9,439.4784,531.3279,0.93385535
373,1,10,412.25305,548.23413,0.6481675
373,1,11,442.61328,527.5116,0.9874806
373,1,12,430.74155,531.8535,0.9720838
373,1,13,435.86447,567.88855,0.97850716
373,1,14,425.67175,569.3029,0.9458826
373,1,15,440.50217,607.7798,0.9287775
373,1,16,434.8213,607.284,0.86666936
374,0,0,380.60043,499.21484,0.42607534
374,0,1,381.7572,494.53247,0.46236792
374,0,2,378.191,496.08826,0.10831545
374,0,3,391.05344,489.02112,0.6661835
374,0,4,382.32843,493.112,0.063861705
374,0,5,413.6923,493.18427,0.9674324
374,0,6,393.2204,505.6626,0.81587076
374,0,7,440.44284,502.0855,0.9532197
374,0,8,402.03668,528.39844,0.52411836
374,0,9,434.68542,525.6986,0.9098817
374,0,10,402.46085,545.3545,0.4921039
374,0,11,437.71588,530.1311,0.9802058
374,0,12,424.94977,535.4456,0.94945353
374,0,13,429.96405,566.9112,0.95744383
374,0,14,419.00174,570.3421,0.8777373
374,0,15,439.5824,607.6866,0.8665391
374,0,16,430.60938,607.9291,0.732713
374,1,0,552.01135,405.45453,0.024012629
374,1,1,553.3606,402.28516,0.033969313
374,1,2,554.41736,401.65234,0.00913986
374,1,3,557.44183,403.54718,0.80703336
374,1,4,571.0469,401.17972,0.35235137
374,1,5,558.4425,421.8474,0.98696065
374,1,6,583.8562,418.6584,0.96957535
374,1,7,553.5993,447.11038,0.9110891
374,1,8,601.905,443.21002,0.7041007
374,1,9,548.33203,464.1414,0.5894255
374,1,10,607.3795,461.0522,0.3454747
374,1,11,570.42737,470.60245,0.98885566
374,1,12,588.0348,469.18277,0.98383534
374,1,13,565.6954,504.45953,0.958885
374,1,14,594.84814,502.7083,0.93924665
374,1,15,564.3435,539.0996,0.87603736
374,1,16,601.9131,536.2804,0.8383226
375,0,0,377.13672,499.7782,0.38365075
375,0,1,377.46182,495.0987,0.41129386
375,0,2,374.87906,497.25867,0.11843397
375,0,3,385.60205,488.39484,0.6498864
375,0,4,379.34314,493.6247,0.09628294
375,0,5,410.70892,494.59637,0.96205103
375,0,6,388.8301,504.8858,0.85600907
375,0,7,432.0855,511.72736,0.9165136
375,0,8,393.66748,529.4506,0.5358431
375,0,9,420.05386,534.2595,0.8330606
375,0,10,393.82248,544.72723,0.45758542
375,0,11,431.8289,534.9235,0.98276526
375,0,12,416.87363,538.76117,0.96584857
375,0,13,420.9477,567.013,0.9752088
375,0,14,403.8553,568.4204,0.94347817
375,0,15,433.5399,606.23114,0.94622976
375,0,16,411.11145,609.6631,0.9025857
375,1,0,550.25946,408.66882,0.11481139
375,1,1,551.5071,405.41638,0.07423581
375,1,2,552.4466,405.21097,0.031164968
375,1,3,555.13837,405.7758,0.6535354
375,1,4,568.4609,403.66418,0.29670256
375,1,5,554.8947,421.9951,0.9848365
375,1,6,583.2205,419.09457,0.97557825
375,1,7,550.5046,450.49948,0.92461324
375,1,8,597.1098,443.01093,0.84898806
375,1,9,543.68054,467.0775,0.7511195
375,1,10,605.2265,461.40634,0.62655634
375,1,11,568.0028,471.8206,0.9935179
375,1,12,589.0254,471.2199,0.991919
375,1,13,560.733,504.3476,0.9673968
375,1,14,597.6015,506.60638,0.9577024
375,1,15,560.9552,537.99286,0.8698986
375,1,16,606.1238,542.1406,0.8455807
376,0,0,550.7905,408.4715,0.10117462
376,0,1,551.96124,405.25256,0.06483398
376,0,2,552.95654,404.94205,0.028535824
376,0,3,554.87585,405.78043,0.6535721
376,0,4,569.01843,403.52823,0.31917796
376,0,5,554.7225,421.57175,0.9856409
376,0,6,583.3734,419.1195,0.9768727
376,0,7,549.394,447.5916,0.9233061
376,0,8,596.62976,443.67517,0.84567267
376,0,9,541.6389,460.88904,0.73442626
376,0,10,603.6371,462.9741,0.6027042
376,0,11,567.4248,471.5968,0.99386024
376,0,12,588.57874,470.95895,0.9923288
376,0,13,561.1502,505.47797,0.96710736
376,0,14,597.50854,506.55676,0.9571681
376,0,15,562.28516,537.8928,0.8652425
376,0,16,606.99744,541.6015,0.83997285
377,0,0,556.0655,405.69504,0.077204674
377,0,1,557.05096,402.5844,0.045971166
377,0,2,557.6285,402.24677,0.02962892
377,0,3,556.65845,403.62823,0.59393615
377,0,4,570.7734,401.6583,0.42613485
377,0,5,554.5643,419.91986,0.98290944
377,0,6,582.9563,417.9653,0.97666264
377,0,7,549.4749,444.28702,0.88787305
377,0,8,595.5695,442.4345,0.8242319
377,0,9,543.48804,455.7323,0.62968236
377,0,10,600.86127,461.50183,0.533461
377,0,11,566.49475,468.87558,0.99315065
377,0,12,587.6282,468.45724,0.99209607
377,0,13,560.5036,502.60364,0.96834713
377,0,14,596.83594,502.9348,0.96200716
377,0,15,560.2164,534.63025,0.8916595
377,0,16,606.0889,538.3372,0.8776186
